relative_time_0,packet_length_0,relative_time_1,packet_length_1,relative_time_2,packet_length_2,relative_time_3,packet_length_3,relative_time_4,packet_length_4,label
0.0,194.0,5.6e-05,720.0,0.000109,721.0,0.000145,162.0,0.000202,832.0,Discord_video
0.0,47.0,3.300000000000004e-05,47.0,6.600000000000009e-05,47.0,0.00017,47.0,0.0012860000000000003,47.0,Discord_video
0.0,206.0,2.800000000036107e-05,80.0,7.699999999744023e-05,1122.0,0.0001279999999965753,1122.0,0.00017700000000075988,1122.0,Discord_video
0.0,221.0,4.3000000005122274e-05,851.0,0.0001010000000007949,213.0,0.0006449999999986744,850.0,0.0006699999999995043,188.0,Discord_video
0.0,80.0,8.299999998939711e-05,1134.0,0.0001549999999923557,1134.0,0.000206999999988966,1134.0,0.0002559999999931506,1134.0,Discord_video
0.0,836.0,0.0007120000000071514,839.0,0.0011999999999972033,832.0,0.001715000000004352,809.0,0.002223000000000752,819.0,Discord_video
0.0,47.0,0.000137,47.0,0.000717,47.0,0.001117,47.0,0.001151,47.0,Discord_video
0.0,632.0,2.1000000000048757e-05,612.0,3.599999999992498e-05,273.0,6.900000000009676e-05,1242.0,0.00010799999999999699,1242.0,Discord_video
0.0,226.0,1.9999999999242846e-05,80.0,7.599999999996498e-05,1137.0,0.00011599999999845068,1137.0,0.0001509999999953493,1137.0,Discord_video
0.0,225.0,3.500000000400405e-05,80.0,6.400000000184036e-05,972.0,9.899999999873899e-05,973.0,0.00012900000000115597,973.0,Discord_video
0.0,224.0,0.00011500000000808086,80.0,0.00015100000000245473,1210.0,0.00018099999999776628,1210.0,0.00021200000000476393,1210.0,Discord_video
0.0,80.0,2.9999999995311555e-05,1139.0,5.600000000072214e-05,1139.0,0.9972729999999927,80.0,0.9976059999999904,1172.0,Discord_video
0.0,194.0,2.6e-05,700.0,4.8e-05,700.0,0.000102,702.0,0.000134,702.0,Discord_video
0.0,47.0,0.0004009999999999999,47.0,0.00043099999999999996,47.0,0.0008619999999999999,47.0,0.0010960000000000002,47.0,Discord_video
0.0,80.0,2.8999999997836312e-05,1119.0,7.199999999585316e-05,1119.0,0.00022200000000083264,1119.0,0.0002500000000011937,1119.0,Discord_video
0.0,80.0,5.3999999998666226e-05,1056.0,0.00015000000000497948,1056.0,0.0003930000000025302,1057.0,0.00041900000000083537,1057.0,Discord_video
0.0,80.0,2.8999999997836312e-05,1053.0,6.299999999725969e-05,1053.0,9.299999999257125e-05,1053.0,0.0004119999999971924,80.0,Discord_video
0.0,80.0,3.100000000699765e-05,1180.0,6.199999999978445e-05,1180.0,9.1999999995096e-05,1180.0,0.00012200000000461841,1180.0,Discord_video
0.0,194.0,6.7e-05,1203.0,0.000153,1203.0,0.000224,1203.0,0.000292,1203.0,Discord_video
0.0,47.0,0.0003539999999999997,47.0,0.0007649999999999996,47.0,0.0013019999999999998,47.0,0.00205,47.0,Discord_video
0.0,827.0,0.0007549999999980628,793.0,0.0007919999999970173,802.0,0.0017439999999950828,767.0,0.004154999999997244,774.0,Discord_video
0.0,80.0,6.600000000389628e-05,1191.0,0.00013299999999816237,1191.0,0.00020100000000411455,1191.0,0.00026799999999838064,1191.0,Discord_video
0.0,80.0,4.70000000092341e-05,1139.0,8.100000000865748e-05,1139.0,0.00011500000000808086,1139.0,0.00014900000000750424,1139.0,Discord_video
0.0,80.0,0.0005560000000031096,866.0,0.0006470000000007303,80.0,0.0010329999999925121,723.0,0.005389999999991346,80.0,Discord_video
0.0,907.0,0.000712,80.0,0.000747,931.0,0.000779,931.0,0.00081,931.0,Discord_video
0.0,80.0,0.000125,1174.0,0.000174,1174.0,0.00021799999999999999,1174.0,0.000258,1174.0,Discord_video
0.0,676.0,0.0009799999999984266,634.0,0.0010200000000040177,677.0,0.001738000000003126,640.0,0.0023070000000018354,602.0,Discord_video
0.0,80.0,5.200000000371574e-05,1211.0,0.00011400000000350019,1211.0,0.00016699999999758575,1211.0,0.00024100000000260025,1211.0,Discord_video
0.0,599.0,0.0005519999999989977,653.0,0.0005799999999993588,664.0,0.001447999999996341,748.0,0.0021500000000003183,711.0,Discord_video
0.0,80.0,6.299999999725969e-05,1208.0,0.00010500000000490672,1208.0,0.0001540000000090913,1208.0,0.00019100000000094042,1208.0,Discord_video
0.0,194.0,2.9e-05,665.0,7.4e-05,665.0,0.000153,162.0,0.000205,756.0,Discord_video
0.0,610.0,4.49999999999999e-05,632.0,6.999999999999997e-05,612.0,8.99999999999998e-05,281.0,0.00013999999999999993,1242.0,Discord_video
0.0,233.0,0.00010900000000191312,225.0,0.00012499999999704414,80.0,0.00015599999999693637,1174.0,0.00019400000000047157,1174.0,Discord_video
0.0,80.0,3.0000000002416982e-05,1108.0,5.800000000277805e-05,1108.0,0.0005590000000026407,225.0,0.0005999999999986017,80.0,Discord_video
0.0,80.0,9.299999999257125e-05,1148.0,0.00013500000000021828,1149.0,0.00016300000000057935,1149.0,0.00018999999998925432,1149.0,Discord_video
0.0,80.0,2.6000000005410584e-05,1166.0,8.499999999855845e-05,1167.0,0.00011000000000649379,1167.0,0.0013299999999958345,80.0,Discord_video
0.0,194.0,5.5e-05,719.0,0.000109,719.0,0.000161,703.0,0.000214,705.0,Discord_video
0.0,610.0,7.100000000000032e-05,632.0,0.0002850000000000001,612.0,0.0007840000000000004,895.0,0.000876,612.0,Discord_video
0.0,102.0,0.0005539999999939482,793.0,0.0005740000000002965,47.0,0.0006099999999946704,47.0,0.001018999999999437,765.0,Discord_video
0.0,80.0,4.299999999801685e-05,1142.0,8.19999999990273e-05,1142.0,0.00011899999999798183,1142.0,0.00015599999999693637,1142.0,Discord_video
0.0,194.0,0.0005150000000071486,190.0,0.0005500000000040473,858.0,0.0005910000000000082,184.0,0.0009850000000000136,836.0,Discord_video
0.0,47.0,1.699999999971169e-05,80.0,9.500000000173259e-05,1099.0,0.00013600000001190438,1099.0,0.00017300000000375348,1099.0,Discord_video
0.0,194.0,5.4e-05,690.0,0.000106,691.0,0.000179,826.0,0.000237,828.0,Discord_video
0.0,47.0,0.001548,47.0,0.0022170000000000002,47.0,0.0028720000000000004,47.0,0.0029690000000000003,47.0,Discord_video
0.0,80.0,4.9000000004184585e-05,1203.0,9.500000000173259e-05,1203.0,0.0001430000000013365,1203.0,0.00019199999999841566,1203.0,Discord_video
0.0,80.0,0.0002780000000015548,1171.0,0.0003299999999981651,1171.0,0.00041099999999971715,1171.0,0.0005689999999987094,1171.0,Discord_video
0.0,113.0,0.00026800000000548607,80.0,0.0006220000000070058,1148.0,0.0007140000000021018,1149.0,0.0007429999999999382,1149.0,Discord_video
0.0,80.0,3.2000000004472895e-05,1162.0,0.00015700000000151704,1162.0,0.00020499999999401552,1162.0,0.00023699999999848842,1162.0,Discord_video
0.0,80.0,0.00024,1189.0,0.000352,1189.0,0.000411,1189.0,0.00047,80.0,Discord_video
0.0,107.0,0.00021000000000004349,116.0,0.000304000000000082,165.0,0.0006590000000001872,227.0,0.000756000000000201,231.0,Discord_video
0.0,80.0,4.100000000306636e-05,1061.0,7.999999999697138e-05,1061.0,0.00011599999999845068,1061.0,0.00015199999999992997,1061.0,Discord_video
0.0,80.0,8.900000000267028e-05,1203.0,0.00013100000000321188,1203.0,0.00017000000000422233,1203.0,0.0010400000000032605,80.0,Discord_video
0.0,47.0,9.299999999967667e-05,47.0,0.0002899999999996794,47.0,0.0007990000000006603,47.0,0.00098899999999702,47.0,Discord_video
0.0,80.0,6.700000000137152e-05,1187.0,0.00013400000000274304,1187.0,0.0002080000000006521,1187.0,0.00027599999999949887,1187.0,Discord_video
0.0,1078.0,0.0006100000000088812,1157.0,0.0010180000000019618,1135.0,0.001637000000002331,1191.0,0.0020910000000071705,1117.0,Discord_video
0.0,47.0,0.001729000000011638,47.0,0.0023670000000066693,47.0,0.002397999999999456,47.0,0.003740000000007626,47.0,Discord_video
0.0,103.0,7.9e-05,103.0,0.000154,133.0,0.000196,195.0,0.000235,238.0,Discord_video
0.0,107.0,1.9999999999242846e-05,102.0,4.2000000000541604e-05,198.0,6.49999999993156e-05,237.0,8.500000000033481e-05,223.0,Discord_video
0.0,221.0,2.2999999998774e-05,80.0,0.00011599999999845068,1124.0,0.00016300000000057935,1124.0,0.00020899999999812735,1124.0,Discord_video
0.0,1065.0,4.7999999999603915e-05,1067.0,0.0003279999999961092,80.0,0.0003680000000017003,765.0,0.00040899999999766123,765.0,Discord_video
0.0,47.0,5.099999999913507e-05,47.0,0.00059500000000412,47.0,0.0012300000000067257,47.0,0.0015970000000038453,47.0,Discord_video
0.0,80.0,3.399999999942338e-05,781.0,6.8999999996322e-05,782.0,0.0004360000000076525,80.0,0.000461000000001377,742.0,Discord_video
0.0,80.0,0.00021399999999971442,1098.0,0.00024299999999755073,1098.0,0.00027300000000707314,1098.0,0.0003030000000023847,1098.0,Discord_video
0.0,47.0,1.699999999971169e-05,47.0,1.0008389999999991,47.0,1.0008890000000008,47.0,1.0014869999999974,47.0,Discord_video
0.0,47.0,1.8e-05,47.0,0.000164,47.0,0.000181,47.0,0.000204,47.0,Discord_video
0.0,103.0,4.1999999999653426e-05,102.0,5.9000000000253294e-05,155.0,0.00017900000000015126,222.0,0.0001980000000001425,228.0,Discord_video
0.0,47.0,0.0020050000000040313,47.0,0.0020319999999998117,47.0,0.0020580000000052223,47.0,0.002138999999999669,47.0,Discord_video
0.0,80.0,4.2000000000541604e-05,1183.0,8.79999999980896e-05,1184.0,0.00013299999999816237,1184.0,0.00017499999999870397,1184.0,Discord_video
0.0,80.0,0.00042600000000447835,1160.0,0.0004729999999995016,1160.0,0.0005230000000011614,1160.0,0.0005850000000009459,1160.0,Discord_video
0.0,47.0,0.00029000000000678483,47.0,0.000461000000001377,47.0,0.0004930000000058499,47.0,0.0005310000000093851,47.0,Discord_video
0.0,80.0,3.699999999184911e-05,1179.0,7.399999999790907e-05,1179.0,0.00011299999999891952,1179.0,0.00014999999999076863,1180.0,Discord_video
0.0,227.0,0.00013699999999516876,217.0,0.0011959999999930915,210.0,0.002174999999994043,200.0,0.0023619999999908714,209.0,Discord_video
0.0,80.0,8.2e-05,1131.0,0.000137,1131.0,0.000188,1131.0,0.000236,1131.0,Discord_video
0.0,1170.0,2.1000000000000185e-05,72.0,5.9000000000000025e-05,1172.0,9.200000000000007e-05,735.0,0.00013200000000000017,1172.0,Discord_video
0.0,80.0,3.399999999942338e-05,1131.0,6.49999999993156e-05,1131.0,0.00010099999999368947,1132.0,0.0001339999999956376,1132.0,Discord_video
0.0,80.0,3.399999999942338e-05,1010.0,6.199999999978445e-05,1010.0,9.099999999762076e-05,1010.0,0.00012100000000003774,1010.0,Discord_video
0.0,80.0,8.499999999855845e-05,1184.0,0.0001420000000109667,1184.0,0.00024500000000671207,1184.0,0.0003200000000020964,1184.0,Discord_video
0.0,136.0,0.0011529999999879692,80.0,0.0012519999999938136,1180.0,0.001322999999999297,1180.0,0.0013900000000006685,1180.0,Discord_video
0.0,194.0,0.000184,733.0,0.00023,733.0,0.000273,162.0,0.000381,847.0,Discord_video
0.0,610.0,5.100000000002325e-05,632.0,0.00016100000000007775,612.0,0.0002420000000000755,74.0,0.00036400000000003097,1242.0,Discord_video
0.0,80.0,4.400000000259752e-05,1206.0,9.900000000584441e-05,1206.0,0.00013799999999974943,1206.0,0.00015700000000151704,47.0,Discord_video
0.0,80.0,3.399999999942338e-05,1112.0,8.19999999990273e-05,1112.0,0.00011999999999545707,1112.0,0.00016099999999852344,1112.0,Discord_video
0.0,80.0,0.00034399999999834563,944.0,0.0006529999999997926,212.0,0.0011539999999996553,209.0,0.0011780000000101154,80.0,Discord_video
0.0,220.0,0.00018299999999271677,80.0,0.0002649999999988495,1160.0,0.0003279999999961092,1160.0,0.00036699999999711963,1160.0,Discord_video
0.0,194.0,6.9e-05,725.0,0.00011,725.0,0.000151,727.0,0.000268,735.0,Discord_video
0.0,610.0,0.00014300000000000423,745.0,0.00023700000000004273,612.0,0.00032300000000007323,745.0,0.0006220000000001225,612.0,Discord_video
0.0,80.0,2.800000000036107e-05,1119.0,6.199999999978445e-05,1119.0,9.200000000220143e-05,1119.0,0.00012200000000461841,1119.0,Discord_video
0.0,223.0,4.400000000259752e-05,80.0,0.00010500000000490672,1116.0,0.00013500000000021828,1116.0,0.00015500000000656655,220.0,Discord_video
0.0,80.0,2.9000000012047167e-05,1169.0,5.800000000988348e-05,1169.0,8.700000000771979e-05,1169.0,0.00011500000000808086,1169.0,Discord_video
0.0,225.0,5.600000000072214e-05,998.0,7.399999999790907e-05,224.0,0.00029600000000584714,228.0,0.00032099999999957163,947.0,Discord_video
0.0,194.0,0.000196,718.0,0.000271,719.0,0.000298,162.0,0.000327,811.0,Discord_video
0.0,799.0,2.199999999996649e-05,443.0,5.0000000000105516e-05,801.0,7.700000000010476e-05,763.0,0.00010900000000013677,1242.0,Discord_video
0.0,234.0,0.0001200000000025625,80.0,0.0001560000000040418,1183.0,0.0001889999999988845,1183.0,0.00021600000000177033,1184.0,Discord_video
0.0,80.0,3.900000000101045e-05,1162.0,7.699999999744023e-05,1162.0,0.0004139999999992483,80.0,0.00046799999999791453,1116.0,Discord_video
0.0,221.0,0.0008430000000032578,80.0,0.0008820000000042683,1192.0,0.0009119999999995798,1193.0,0.0009600000000062892,1193.0,Discord_video
0.0,80.0,2.3999999996249244e-05,894.0,0.0002000000000066393,895.0,0.0012270000000000891,80.0,0.0012559999999979254,1197.0,Discord_video
0.0,80.0,4.3e-05,1200.0,7.4e-05,1200.0,0.000108,1200.0,0.000195,1201.0,Discord_video
0.0,730.0,4.3999999999999985e-05,732.0,8.5e-05,732.0,0.00013100000000000004,732.0,0.00027900000000000006,732.0,Discord_video
0.0,190.0,1.9999999999242846e-05,80.0,0.00015199999999992997,1134.0,0.0030050000000017008,192.0,0.0030250000000009436,80.0,Discord_video
0.0,80.0,3.0999999999892225e-05,1203.0,0.0003010000000003288,1204.0,0.001224000000000558,1204.0,0.0015990000000059013,1204.0,Discord_video
0.0,649.0,0.0002709999999979118,693.0,0.000658999999998855,692.0,0.0010580000000004475,716.0,0.0014560000000045648,699.0,Discord_video
0.0,80.0,5.7000000012408236e-05,1097.0,8.800000000519503e-05,1097.0,0.00011300000001313038,1097.0,0.0001390000000043301,1097.0,Discord_video
0.0,194.0,9.5e-05,762.0,0.000197,762.0,0.000267,857.0,0.000434,859.0,Discord_video
0.0,47.0,4.19999999999995e-05,47.0,7.599999999999968e-05,47.0,0.00010699999999999946,47.0,0.0007009999999999994,47.0,Discord_video
0.0,883.0,1.4000000000180535e-05,110.0,0.00029299999999921056,109.0,0.0003140000000030341,787.0,0.00041300000000177306,103.0,Discord_video
0.0,80.0,2.5999999998305157e-05,1196.0,5.099999999913507e-05,1196.0,7.699999999744023e-05,1196.0,0.00010199999999827014,1196.0,Discord_video
0.0,1075.0,0.0004100000000022419,1062.0,0.0008180000000095333,1013.0,0.0011940000000123518,1023.0,0.0015100000000103364,952.0,Discord_video
0.0,80.0,3.5999999994373866e-05,1195.0,7.099999999127249e-05,1195.0,0.00010600000000238197,1195.0,0.00014299999999423108,1195.0,Discord_video
0.0,194.0,2.3e-05,685.0,4.7e-05,686.0,6.3e-05,162.0,8.5e-05,789.0,Discord_video
0.0,47.0,1.299999999999999e-05,47.0,0.00011399999999999995,47.0,0.000338,47.0,1.0008869999999999,47.0,Discord_video
0.0,244.0,0.00020300000000617047,252.0,0.00026600000000343016,80.0,0.00030000000000285354,1110.0,0.00033499999999975216,1111.0,Discord_video
0.0,155.0,2.099999999671809e-05,80.0,6.8999999996322e-05,1099.0,0.00010999999999938836,1099.0,0.00017899999999571037,226.0,Discord_video
0.0,80.0,2.6000000005410584e-05,1108.0,5.400000000577165e-05,1108.0,8.000000001118224e-05,1108.0,0.00010600000000238197,1108.0,Discord_video
0.0,220.0,1.3999999993075107e-05,80.0,4.0999999995960934e-05,1136.0,6.799999999884676e-05,1136.0,0.00016199999998889325,235.0,Discord_video
0.0,1213.0,9.4e-05,1213.0,0.000222,731.0,0.000349,1213.0,0.000478,1213.0,Discord_video
0.0,47.0,0.00023099999999999987,47.0,0.000495,47.0,0.0009,47.0,0.00125,47.0,Discord_video
0.0,80.0,0.0001010000000007949,1167.0,0.00017299999999664806,1167.0,0.00024099999999549482,1167.0,0.00034299999999376496,1167.0,Discord_video
0.0,944.0,0.00013800000000685486,927.0,0.0018580000000056884,80.0,0.0019220000000004234,646.0,0.0019830000000027326,646.0,Discord_video
0.0,80.0,2.6999999988674972e-05,1142.0,5.499999998903604e-05,1142.0,8.099999999444663e-05,1142.0,0.0001089999999948077,1142.0,Discord_video
0.0,80.0,2.200000000129876e-05,658.0,4.500000000007276e-05,659.0,1.0008160000000004,80.0,1.0008760000000052,1186.0,Discord_video
0.0,47.0,5.2e-05,47.0,0.000161,47.0,0.000186,47.0,0.000205,47.0,Discord_video
0.0,103.0,2.700000000022129e-05,103.0,0.00022199999999994446,130.0,0.0002469999999998862,140.0,0.00034500000000026176,175.0,Discord_video
0.0,47.0,0.000280000000000058,47.0,0.00041299999999822035,47.0,0.0009979999999991662,47.0,0.001017999999998409,47.0,Discord_video
0.0,80.0,0.000144999999996287,1010.0,0.00018099999999776628,1010.0,0.0008069999999946731,80.0,0.0008419999999986771,1020.0,Discord_video
0.0,80.0,3.500000000400405e-05,1187.0,7.100000000548334e-05,1187.0,0.00010900000000191312,1187.0,0.00014399999999881175,1187.0,Discord_video
0.0,47.0,9.400000000425734e-05,47.0,0.0006690000000020291,47.0,0.0006880000000109021,47.0,0.0012230000000101882,47.0,Discord_video
0.0,220.0,0.0004500000000007276,198.0,0.0006810000000001537,198.0,0.001347000000009757,228.0,0.0014950000000055752,225.0,Discord_video
0.0,80.0,3.300000000194814e-05,1121.0,6.299999999725969e-05,1121.0,9.30000000067821e-05,1121.0,0.00012200000000461841,1121.0,Discord_video
0.0,80.0,0.000101,1155.0,0.000177,1155.0,0.000246,1155.0,0.000315,1156.0,Discord_video
0.0,630.0,6.499999999999995e-05,681.0,0.0001349999999999997,1242.0,0.00018699999999999967,630.0,0.0002999999999999999,630.0,Discord_video
0.0,80.0,3.999999999848569e-05,1166.0,7.599999999996498e-05,1166.0,0.00014799999999581814,1166.0,0.0001889999999988845,1167.0,Discord_video
0.0,80.0,5.5000000003246896e-05,662.0,0.0008120000000033656,1136.0,0.0017550000000028376,80.0,0.0018090000000015038,658.0,Discord_video
0.0,80.0,7.100000000548334e-05,1192.0,0.00014000000000180535,1192.0,0.0002080000000006521,1192.0,0.00027599999999949887,1192.0,Discord_video
0.0,80.0,0.00011100000000396903,752.0,0.00021200000000476393,80.0,0.00026099999999473766,638.0,0.00033499999999264674,639.0,Discord_video
0.0,47.0,0.000177,47.0,0.000309,47.0,0.000329,47.0,0.000346,47.0,Discord_video
0.0,101.0,0.00010100000000012876,102.0,0.00014300000000000423,180.0,0.00021899999999996922,218.0,0.0006040000000000489,193.0,Discord_video
0.0,1068.0,0.0008520000000018513,1131.0,0.0009160000000036916,1054.0,0.001474999999999227,1098.0,0.0022599999999997067,1085.0,Discord_video
0.0,80.0,2.5999999998305157e-05,1149.0,5.3999999998666226e-05,1150.0,8.100000000155205e-05,1150.0,0.0001660000000001105,1150.0,Discord_video
0.0,80.0,1.300000000981072e-05,1071.0,0.00012900000000115597,1071.0,0.0001409999999992806,1071.0,0.0001540000000090913,1071.0,Discord_video
0.0,80.0,1.499999999055035e-05,1167.0,2.9999999995311555e-05,1167.0,4.299999999091142e-05,1167.0,5.699999999819738e-05,1168.0,Discord_video
0.0,194.0,2.6e-05,704.0,5e-05,705.0,7.3e-05,723.0,9.7e-05,725.0,Discord_video
0.0,215.0,1.699999999999998e-05,224.0,0.000228,176.0,0.0005489999999999999,132.0,0.000749,610.0,Discord_video
0.0,80.0,4.2000000000541604e-05,1100.0,8.300000000360797e-05,1100.0,0.00011300000000602495,1100.0,0.00030399999999985994,1101.0,Discord_video
0.0,80.0,3.199999999736747e-05,1014.0,6.100000000230921e-05,1014.0,9.099999999762076e-05,1014.0,0.0003370000000018081,80.0,Discord_video
0.0,221.0,2.8999999997836312e-05,80.0,5.600000000072214e-05,1112.0,8.300000000360797e-05,1112.0,0.00010799999999733245,1112.0,Discord_video
0.0,221.0,0.00020899999999812735,80.0,0.00033299999999769625,1189.0,0.00038099999999019474,210.0,0.0004659999999887532,205.0,Discord_video
0.0,194.0,5.4e-05,756.0,0.000107,756.0,0.000144,162.0,0.000202,867.0,Discord_video
0.0,610.0,0.00014500000000006175,632.0,0.00018500000000010175,612.0,0.00024700000000010824,618.0,0.00030100000000010674,1242.0,Discord_video
0.0,80.0,0.0002610000000018431,1028.0,0.0002990000000053783,1029.0,0.0003570000000010509,1029.0,0.0003980000000041173,1029.0,Discord_video
0.0,80.0,6.400000000184036e-05,809.0,0.00010400000000032605,809.0,0.0001889999999988845,80.0,0.00025300000000072487,834.0,Discord_video
0.0,910.0,0.0010460000000023228,797.0,0.0017670000000009622,821.0,0.0019110000000068794,781.0,0.0033170000000097843,836.0,Discord_video
0.0,80.0,3.999999999848569e-05,1155.0,0.0003150000000005093,1155.0,0.0003459999999932961,1155.0,0.000377999999997769,1155.0,Discord_video
0.0,194.0,2.9e-05,716.0,0.000364,717.0,0.000384,162.0,0.000419,802.0,Discord_video
0.0,47.0,1.4999999999999389e-05,47.0,0.002587,47.0,0.002653,47.0,0.0043029999999999995,47.0,Discord_video
0.0,80.0,4.600000000465343e-05,1166.0,9.200000000220143e-05,1166.0,0.0001469999999983429,1166.0,0.00019900000000205864,1166.0,Discord_video
0.0,827.0,0.0005960000000015953,808.0,0.0012800000000012801,838.0,0.0020260000000007494,863.0,0.0025630000000020914,866.0,Discord_video
0.0,80.0,5.5000000003246896e-05,1175.0,0.00010199999999827014,1175.0,0.00014900000000750424,1175.0,0.00019700000000000273,1175.0,Discord_video
0.0,225.0,0.0020460000000070977,229.0,0.0022009999999994534,861.0,0.0031560000000041555,228.0,0.0032479999999992515,856.0,Discord_video
0.0,943.0,0.000156,943.0,0.000201,943.0,0.000515,80.0,0.000866,970.0,Discord_video
0.0,80.0,4.6000000000000034e-05,1120.0,9.39999999999999e-05,1120.0,0.00013299999999999987,1120.0,0.00017299999999999998,1120.0,Discord_video
0.0,678.0,0.00047999999999603915,618.0,0.0005030000000019186,625.0,0.0010709999999960473,636.0,0.001705999999998653,578.0,Discord_video
0.0,80.0,2.8999999997836312e-05,1157.0,5.9000000000253294e-05,1157.0,8.79999999980896e-05,1157.0,0.00011599999999845068,1157.0,Discord_video
0.0,858.0,0.0004559999999997899,895.0,0.0012830000000008113,937.0,0.0019040000000103419,781.0,0.0019950000000079626,726.0,Discord_video
0.0,80.0,3.8000000003535206e-05,1095.0,7.500000000959517e-05,1095.0,0.00015199999999992997,1095.0,0.0002190000000013015,1095.0,Discord_video
0.0,194.0,2.7e-05,717.0,6.7e-05,717.0,8.7e-05,162.0,0.000114,819.0,Discord_video
0.0,610.0,0.00012799999999999964,632.0,0.00015299999999999992,612.0,0.00018699999999999967,1242.0,0.000258,612.0,Discord_video
0.0,80.0,3.799999999642978e-05,1160.0,8.099999999444663e-05,1161.0,0.00014199999999675583,1161.0,0.00018599999999935335,1161.0,Discord_video
0.0,102.0,3.0999999999892225e-05,858.0,0.00020199999999448437,138.0,0.0007749999999973056,227.0,0.0008109999999987849,849.0,Discord_video
0.0,1155.0,4.0999999995960934e-05,1155.0,0.0006009999999889715,211.0,0.0009829999999908523,80.0,0.0018939999999929569,1131.0,Discord_video
0.0,80.0,7.700000000454565e-05,1099.0,0.00010400000000743148,1099.0,0.00012900000000115597,1099.0,0.00023000000000195087,1099.0,Discord_video
0.0,1083.0,0.000173,1083.0,0.000271,1083.0,0.00038,80.0,0.000511,1163.0,Discord_video
0.0,437.0,0.00012099999999999958,805.0,0.00020199999999999906,439.0,0.00042799999999999956,888.0,0.0005369999999999993,1242.0,Discord_video
0.0,110.0,5.3999999998666226e-05,80.0,0.0005170000000020991,958.0,0.0005889999999979523,958.0,0.0006139999999987822,101.0,Discord_video
0.0,80.0,3.799999999642978e-05,1119.0,7.399999999790907e-05,1119.0,0.00011200000000144428,1119.0,0.00014999999999787406,1119.0,Discord_video
0.0,80.0,3.900000000101045e-05,1187.0,7.700000000454565e-05,1187.0,0.00011500000000808086,1187.0,0.00015300000001161607,1187.0,Discord_video
0.0,80.0,3.8000000003535206e-05,1004.0,7.300000000043383e-05,1004.0,0.0001080000000115433,1004.0,0.00014300000000844193,1004.0,Discord_video
0.0,47.0,7.9e-05,47.0,9.8e-05,47.0,0.000115,47.0,0.000132,47.0,Discord_video
0.0,102.0,7.899999999994023e-05,102.0,0.0001100000000000545,155.0,0.00014599999999997948,155.0,0.00017299999999997873,149.0,Discord_video
0.0,47.0,7.200000000295859e-05,47.0,0.00036700000000422506,47.0,0.0016350000000002751,47.0,0.0016730000000038103,47.0,Discord_video
0.0,80.0,3.999999999848569e-05,1178.0,7.599999999996498e-05,1178.0,0.00011099999999686361,1178.0,0.0001509999999953493,1178.0,Discord_video
0.0,80.0,0.00010500000000490672,1076.0,0.00014400000000591717,1076.0,0.00020700000000317686,80.0,0.0002510000000057744,1203.0,Discord_video
0.0,47.0,0.0008339999999975589,47.0,0.0030349999999970123,47.0,0.003058000000009997,47.0,0.003079999999997085,47.0,Discord_video
0.0,80.0,5.699999999819738e-05,1123.0,8.499999999855845e-05,1123.0,0.00010999999999228294,1123.0,0.00015799999999899228,1123.0,Discord_video
0.0,137.0,1.9999999992137418e-05,137.0,4.0999999995960934e-05,183.0,5.999999999062311e-05,201.0,8.59999999960337e-05,206.0,Discord_video
0.0,47.0,2e-05,47.0,0.000153,47.0,0.000173,47.0,0.000269,47.0,Discord_video
0.0,184.0,5.100000000091143e-05,655.0,0.0001010000000007949,656.0,0.00016800000000039006,1128.0,0.0002410000000008239,1130.0,Discord_video
0.0,80.0,3.799999999642978e-05,1163.0,9.099999999762076e-05,1163.0,0.0002309999999994261,1163.0,0.00027000000000043656,1163.0,Discord_video
0.0,80.0,3.6999999998954536e-05,1048.0,0.00012899999999405054,1049.0,0.0001639999999980546,1049.0,0.00020899999999812735,1049.0,Discord_video
0.0,47.0,7.00000000080081e-05,47.0,8.700000000771979e-05,47.0,0.001637000000002331,47.0,0.0016540000000020427,47.0,Discord_video
0.0,80.0,3.399999999942338e-05,1163.0,6.8999999996322e-05,1163.0,0.00010399999999322063,1163.0,0.00013800000000685486,1164.0,Discord_video
0.0,80.0,3.09999999927868e-05,857.0,6.100000000230921e-05,857.0,7.999999999697138e-05,80.0,0.0001549999999923557,734.0,Discord_video
0.0,47.0,0.0009359999999958291,47.0,0.0009739999999993643,47.0,0.0009929999999940264,47.0,0.0017739999999974998,47.0,Discord_video
0.0,80.0,0.000351,1207.0,0.000435,1207.0,0.000525,1207.0,0.000614,1208.0,Discord_video
0.0,569.0,0.0009250000000000003,554.0,0.001773,608.0,0.002948,564.0,0.0036630000000000005,527.0,Discord_video
0.0,690.0,0.0007089999999934093,80.0,0.0009709999999998331,1111.0,0.0009989999999930887,1111.0,0.0010279999999980305,1111.0,Discord_video
0.0,80.0,4.0999999995960934e-05,1192.0,7.399999999790907e-05,1192.0,0.00010299999999574538,1192.0,0.00013299999999816237,1192.0,Discord_video
0.0,593.0,0.000534999999999286,80.0,0.0005689999999987094,1114.0,0.0006060000000047694,1114.0,0.0006529999999997926,1114.0,Discord_video
0.0,80.0,4.299999999091142e-05,1187.0,7.999999999697138e-05,1187.0,0.00011599999999134525,1187.0,0.00015100000000245473,1187.0,Discord_video
0.0,47.0,4.7e-05,47.0,0.000329,47.0,0.000654,47.0,0.000767,47.0,Discord_video
0.0,611.0,2.5999999999193335e-05,631.0,5.799999999922534e-05,613.0,0.00013699999999960966,631.0,0.00016999999999978144,613.0,Discord_video
0.0,102.0,0.0003189999999975157,80.0,0.00047599999999903275,1200.0,0.0005400000000008731,1200.0,0.0005929999999949587,1200.0,Discord_video
0.0,80.0,0.00020500000000112095,1118.0,0.0002520000000032496,234.0,0.0016030000000029077,213.0,0.0016310000000032687,80.0,Discord_video
0.0,47.0,0.0002669999999938,80.0,0.0002939999999966858,1139.0,0.00032199999999704687,1139.0,0.0003489999999999327,1139.0,Discord_video
0.0,80.0,5.2999999994085556e-05,938.0,7.799999998781004e-05,938.0,0.0006759999999985666,80.0,0.0009199999999935926,907.0,Discord_video
0.0,194.0,5.7e-05,697.0,0.00011,697.0,0.000149,162.0,0.00028,806.0,Discord_video
0.0,47.0,2.1000000000000185e-05,47.0,3.899999999999997e-05,47.0,5.9000000000000025e-05,47.0,0.0002800000000000003,47.0,Discord_video
0.0,80.0,3.199999999736747e-05,1187.0,6.400000000184036e-05,1187.0,9.599999999920783e-05,1187.0,0.00012800000000368073,1187.0,Discord_video
0.0,80.0,3.0999999999892225e-05,1168.0,6.299999999725969e-05,1168.0,0.00026099999999473766,1169.0,0.0002939999999966858,1169.0,Discord_video
0.0,80.0,2.8999999997836312e-05,1163.0,0.00011499999999387,1163.0,0.00015500000000656655,1164.0,0.0002000000000066393,1164.0,Discord_video
0.0,80.0,4.9000000004184585e-05,1171.0,0.0005660000000062837,1172.0,0.0005929999999949587,1172.0,0.0006529999999997926,1172.0,Discord_video
0.0,47.0,3.3e-05,47.0,0.000221,47.0,0.00031,47.0,0.000346,47.0,Discord_video
0.0,103.0,2.300000000010627e-05,103.0,5.600000000027805e-05,106.0,8.100000000021979e-05,194.0,0.00010600000000016152,239.0,Discord_video
0.0,80.0,4.0999999995960934e-05,936.0,8.299999999650254e-05,937.0,0.00012499999999704414,937.0,0.0001889999999988845,937.0,Discord_video
0.0,224.0,1.9999999999242846e-05,225.0,3.6999999998954536e-05,80.0,0.0005310000000022796,1162.0,0.0005779999999973029,1162.0,Discord_video
0.0,47.0,0.0012550000000004502,47.0,0.0018199999999950478,47.0,0.0018890000000055807,47.0,0.003127000000006319,47.0,Discord_video
0.0,80.0,8.400000000108321e-05,1159.0,0.0001540000000090913,1159.0,0.00022400000000288856,1159.0,0.0003030000000023847,1159.0,Discord_video
0.0,80.0,6.099999998809835e-05,650.0,0.00017499999999870397,651.0,0.00030699999999228567,80.0,0.00036999999998954536,696.0,Discord_video
0.0,47.0,0.0007650000000012369,47.0,0.0007820000000009486,47.0,0.001211999999995328,47.0,0.0012609999999995125,47.0,Discord_video
0.0,47.0,2.2e-05,47.0,4.4e-05,47.0,6.7e-05,47.0,8.9e-05,47.0,Discord_video
0.0,102.0,9.999999999976694e-05,102.0,0.00017099999999992122,120.0,0.0012929999999999886,102.0,0.0014009999999999856,102.0,Discord_video
0.0,47.0,0.0004899999999992133,47.0,0.0008079999999992538,47.0,0.0008279999999984966,47.0,0.0008470000000002642,47.0,Discord_video
0.0,80.0,6.799999999884676e-05,1180.0,0.0001330000000052678,1180.0,0.00017000000000422233,1180.0,0.00020500000000112095,1181.0,Discord_video
0.0,133.0,0.0008410000000012019,136.0,0.00133000000000294,210.0,0.0013849999999990814,218.0,0.00234400000000079,207.0,Discord_video
0.0,47.0,0.0002559999999931506,47.0,0.0002819999999985612,47.0,0.0003430000000008704,47.0,0.0005100000000055616,47.0,Discord_video
0.0,80.0,3.399999999942338e-05,1003.0,6.599999998968542e-05,1004.0,0.014760999999992919,80.0,0.01479099999998823,1003.0,Discord_video
0.0,103.0,5.099999999913507e-05,103.0,9.399999999004649e-05,131.0,0.00014000000000180535,220.0,0.00019000000000346517,232.0,Discord_video
0.0,194.0,2.8e-05,720.0,5.6e-05,721.0,7.5e-05,162.0,0.000105,838.0,Discord_video
0.0,610.0,5.199999999999996e-05,632.0,0.00010000000000000026,612.0,0.00013999999999999993,318.0,0.00021300000000000008,1242.0,Discord_video
0.0,219.0,0.000324999999996578,699.0,0.00034000000000133923,227.0,0.0003799999999998249,226.0,0.00039999999999906777,669.0,Discord_video
0.0,80.0,2.69999999957804e-05,1212.0,5.3999999998666226e-05,1212.0,0.00010799999999733245,1212.0,0.00013500000000021828,1212.0,Discord_video
0.0,80.0,2.3999999996249244e-05,1110.0,4.6999999995023245e-05,1110.0,7.099999999127249e-05,1110.0,9.499999998752173e-05,1111.0,Discord_video
0.0,796.0,0.0003719999999987067,809.0,0.000842999999989047,828.0,0.9952709999999882,815.0,0.9961399999999969,801.0,Discord_video
0.0,194.0,2.6e-05,695.0,5.3e-05,695.0,6.9e-05,162.0,9.3e-05,798.0,Discord_video
0.0,589.0,2.1999999999999884e-05,653.0,4.6000000000000034e-05,591.0,0.00010699999999999989,1242.0,0.00012699999999999994,591.0,Discord_video
0.0,103.0,3.399999999942338e-05,975.0,0.00047399999999697684,102.0,0.000506999999998925,977.0,0.0005280000000027485,204.0,Discord_video
0.0,80.0,3.5999999994373866e-05,1144.0,7.199999999585316e-05,1144.0,0.00010599999999527654,1144.0,0.00014199999999675583,1144.0,Discord_video
0.0,1051.0,5.5000000003246896e-05,1068.0,0.005628999999998996,1052.0,0.006462999999996555,1073.0,0.006559999999993238,1048.0,Discord_video
0.0,80.0,5.5000000003246896e-05,1148.0,0.00011100000000396903,1148.0,0.00016600000000721593,1148.0,0.00022200000000793807,1148.0,Discord_video
0.0,162.0,6.7e-05,699.0,0.00016,699.0,0.000353,701.0,0.000573,701.0,Discord_video
0.0,47.0,5.799999999999989e-05,47.0,0.0003210000000000001,47.0,0.000987,47.0,0.0010379999999999999,47.0,Discord_video
0.0,80.0,3.299999999484271e-05,1135.0,6.700000000137152e-05,1135.0,0.00010199999999827014,1135.0,0.0001529999999974052,1135.0,Discord_video
0.0,80.0,3.499999999689862e-05,1152.0,6.8999999996322e-05,1152.0,0.0001049999999978013,1152.0,0.00013899999999722468,1152.0,Discord_video
0.0,47.0,0.00025300000000072487,80.0,0.0002800000000036107,1152.0,0.0003059999999948104,1152.0,0.000332000000000221,1152.0,Discord_video
0.0,47.0,1.2999999995599865e-05,80.0,3.8000000003535206e-05,1200.0,6.399999999473494e-05,1200.0,0.00012900000000115597,1200.0,Discord_video
0.0,47.0,0.000114,47.0,0.000133,47.0,0.000157,47.0,0.00024,47.0,Discord_video
0.0,135.0,2.199999999996649e-05,148.0,0.0007209999999999717,217.0,0.0007649999999999046,227.0,0.002386999999999695,234.0,Discord_video
0.0,47.0,1.4999999997655777e-05,80.0,4.7999999999603915e-05,1189.0,8.100000000155205e-05,1190.0,0.00011200000000144428,1190.0,Discord_video
0.0,80.0,5.199999999661031e-05,884.0,7.799999999491547e-05,884.0,9.399999999715192e-05,119.0,0.00015499999999946112,47.0,Discord_video
0.0,120.0,1.699999999971169e-05,80.0,5.400000000577165e-05,1147.0,9.700000001089393e-05,1147.0,0.0001330000000052678,1147.0,Discord_video
0.0,80.0,6.299999999725969e-05,876.0,0.0004369999999909169,876.0,0.0005960000000015953,80.0,0.0006339999999909196,1208.0,Discord_video
0.0,194.0,2.9e-05,691.0,0.00022,692.0,0.000247,734.0,0.000277,736.0,Discord_video
0.0,47.0,0.00010399999999999993,47.0,0.00014000000000000037,47.0,0.0005739999999999999,47.0,0.0009789999999999998,47.0,Discord_video
0.0,80.0,3.399999999942338e-05,1150.0,6.799999999884676e-05,1150.0,0.00010300000000285081,1150.0,0.00013599999999769352,1150.0,Discord_video
0.0,215.0,9.000000000014552e-05,207.0,0.00010800000000443788,80.0,0.0001409999999992806,1028.0,0.00017300000000375348,1028.0,Discord_video
0.0,983.0,0.0018469999999979336,1117.0,0.0019120000000043547,999.0,0.0026060000000001082,1044.0,0.002633000000002994,919.0,Discord_video
0.0,80.0,8.400000000108321e-05,1115.0,0.0001239999999995689,1115.0,0.0001929999999958909,1115.0,0.00023699999999848842,1115.0,Discord_video
0.0,47.0,1.5e-05,47.0,4.9e-05,47.0,0.000306,47.0,0.000322,47.0,Discord_voice
0.0,102.0,0.00033300000000013874,101.0,0.0006690000000000307,158.0,0.0007950000000001012,223.0,0.0008870000000000822,222.0,Discord_voice
0.0,47.0,2.5000000000829914e-05,47.0,4.399999999549209e-05,47.0,23.071485999999993,103.0,23.071511,102.0,Discord_voice
0.0,103.0,3.499999999689862e-05,103.0,6.8999999996322e-05,103.0,0.00010999999999938836,166.0,0.0001529999999974052,198.0,Discord_voice
0.0,47.0,0.00010399999999322063,47.0,0.00011699999998882049,47.0,0.00023499999998932708,47.0,0.0002479999999991378,47.0,Discord_voice
0.0,103.0,3.999999999848569e-05,103.0,0.00012200000000461841,140.0,0.00022900000000447562,194.0,0.0004530000000073642,176.0,Discord_voice
0.0,47.0,2.7e-05,47.0,4.4e-05,47.0,5.9e-05,47.0,0.000198,47.0,Discord_voice
0.0,102.0,0.0004660000000002995,112.0,0.0005740000000002965,189.0,0.0007239999999999469,235.0,0.0008080000000001419,238.0,Discord_voice
0.0,114.0,0.00012300000000209366,185.0,0.0001600000000010482,220.0,0.00023399999999895726,215.0,0.00032300000000162754,218.0,Discord_voice
0.0,103.0,5.199999999661031e-05,103.0,0.00011999999999545707,102.0,0.00016300000000057935,162.0,0.00025099999999866895,239.0,Discord_voice
0.0,103.0,3.5999999994373866e-05,103.0,7.300000000043383e-05,103.0,0.00010999999999228294,103.0,0.00014600000000086766,103.0,Discord_voice
0.0,153.0,3.700000000605996e-05,149.0,7.200000000295859e-05,160.0,0.0001089999999948077,162.0,0.00014600000000086766,173.0,Discord_voice
0.0,47.0,0.000151,47.0,0.000247,47.0,0.000289,47.0,0.000323,47.0,Discord_voice
0.0,47.0,4.899999999996574e-05,47.0,0.00033199999999999896,47.0,0.0005530000000000257,47.0,0.0010499999999999954,47.0,Discord_voice
0.0,47.0,2.0043190000000024,118.0,2.0044110000000046,125.0,2.004474000000002,171.0,2.004507000000004,204.0,Discord_voice
0.0,164.0,2.2999999998774e-05,170.0,4.899999999707916e-05,207.0,7.000000000090267e-05,220.0,9.200000000220143e-05,186.0,Discord_voice
0.0,223.0,3.900000000101045e-05,220.0,0.00015100000000245473,203.0,0.00018900000000598993,211.0,0.0002250000000003638,214.0,Discord_voice
0.0,103.0,5.900000000735872e-05,103.0,9.800000000836917e-05,105.0,0.0001390000000043301,168.0,0.00019199999999841566,191.0,Discord_voice
0.0,47.0,0.000301,47.0,0.00044,47.0,0.000513,47.0,0.000541,47.0,Discord_voice
0.0,47.0,3.0999999999999995e-05,47.0,6.199999999999977e-05,47.0,9.299999999999998e-05,47.0,0.00012300000000000006,47.0,Discord_voice
0.0,102.0,2.7999999993255642e-05,102.0,6.199999999978445e-05,138.0,8.099999999444663e-05,162.0,0.00042299999999784177,187.0,Discord_voice
0.0,125.0,0.00012100000000003774,122.0,0.0003140000000030341,170.0,1.0024940000000058,222.0,1.002510000000001,225.0,Discord_voice
0.0,47.0,3.000000000952241e-05,47.0,5.010525999999999,103.0,5.0106250000000045,116.0,5.010759000000007,158.0,Discord_voice
0.0,103.0,0.0001299999999986312,102.0,0.00015000000000497948,102.0,0.000171000000008803,156.0,0.0001929999999958909,202.0,Discord_voice
0.0,47.0,0.000228,47.0,1.002378,47.0,1.002432,47.0,1.002471,47.0,Discord_voice
0.0,103.0,0.00013400000000096668,130.0,0.00017599999999973193,189.0,0.00024800000000091416,207.0,0.0003229999999998512,157.0,Discord_voice
0.0,213.0,3.6999999998954536e-05,216.0,7.40000000050145e-05,224.0,0.00011100000000396903,221.0,0.0001469999999983429,225.0,Discord_voice
0.0,210.0,2.7000000002885827e-05,217.0,5.400000000577165e-05,221.0,9.099999999762076e-05,213.0,0.00012100000000714317,211.0,Discord_voice
0.0,115.0,2.800000000036107e-05,120.0,1.0001800000000003,117.0,1.000329999999991,47.0,1.000354999999999,47.0,Discord_voice
0.0,181.0,5.600000000072214e-05,195.0,9.099999999762076e-05,222.0,0.00011899999999798183,219.0,0.00018199999999524152,217.0,Discord_voice
0.0,47.0,3.9e-05,47.0,5.9e-05,47.0,8e-05,47.0,0.000152,47.0,Discord_voice
0.0,98.0,1.8999999999991246e-05,113.0,5.699999999997374e-05,216.0,7.500000000004725e-05,234.0,9.100000000006325e-05,234.0,Discord_voice
0.0,103.0,3.600000000147929e-05,103.0,7.300000000043383e-05,47.0,0.00010500000000490672,47.0,0.00013799999999974943,47.0,Discord_voice
0.0,113.0,3.5999999994373866e-05,115.0,7.099999999837792e-05,47.0,0.00010400000000032605,47.0,0.00013599999999769352,47.0,Discord_voice
0.0,212.0,0.0004250000000070031,200.0,0.0006259999999969068,173.0,0.000866999999999507,123.0,0.45845900000000483,212.0,Discord_voice
0.0,234.0,0.00016800000000216642,222.0,0.0005429999999932988,234.0,0.0006099999999946704,218.0,0.4582029999999975,234.0,Discord_voice
0.0,47.0,3.7e-05,47.0,9.8e-05,47.0,0.000132,47.0,0.000177,47.0,Discord_voice
0.0,102.0,0.00034599999999951336,102.0,0.00039400000000000546,125.0,0.00044899999999969964,192.0,0.0006379999999994723,226.0,Discord_voice
0.0,229.0,5.300000000119098e-05,220.0,9.399999999715192e-05,175.0,0.00014799999999581814,221.0,0.0001929999999958909,221.0,Discord_voice
0.0,174.0,7.699999999744023e-05,193.0,0.0001469999999983429,144.0,0.0002670000000009054,103.0,0.00037100000000123146,103.0,Discord_voice
0.0,103.0,7.700000000454565e-05,182.0,0.00019100000000094042,227.0,0.00026700000000801083,252.0,0.0003070000000064965,226.0,Discord_voice
0.0,103.0,6.20000000139953e-05,123.0,0.00012100000000714317,230.0,0.0001629999999863685,224.0,0.0003100000000131331,216.0,Discord_voice
0.0,47.0,5.9e-05,47.0,9.3e-05,47.0,0.000148,47.0,0.000167,47.0,Discord_voice
0.0,102.0,8.799999999986596e-05,103.0,0.00011600000000022703,174.0,0.0001449999999998397,201.0,0.0002460000000006346,149.0,Discord_voice
0.0,47.0,0.00012499999999704414,47.0,0.00017299999999664806,47.0,0.00030399999999985994,47.0,0.000377999999997769,155.0,Discord_voice
0.0,228.0,0.00012500000000414957,224.0,0.00021300000000223918,217.0,0.00031599999999798456,229.0,0.0003889999999984184,240.0,Discord_voice
0.0,107.0,7.300000000043383e-05,102.0,0.0002729999999928623,102.0,0.0003070000000064965,102.0,0.0003399999999942338,103.0,Discord_voice
0.0,47.0,0.0002020000000015898,47.0,0.8241659999999911,47.0,0.8244179999999943,47.0,1.8285159999999934,103.0,Discord_voice
0.0,220.0,0.0002,230.0,0.000229,231.0,0.000257,222.0,0.000278,211.0,Discord_voice
0.0,210.0,0.000371,212.0,0.000472,191.0,0.000541,213.0,0.0006870000000000001,213.0,Discord_voice
0.0,217.0,3.999999999848569e-05,230.0,8.100000000155205e-05,219.0,0.0001529999999974052,222.0,0.0002289999999973702,216.0,Discord_voice
0.0,228.0,5.499999999614147e-05,227.0,0.00013099999999610645,217.0,0.0002059999999985962,221.0,0.00031599999999798456,221.0,Discord_voice
0.0,151.0,3.799999998932435e-05,108.0,7.599999999285956e-05,102.0,0.00011899999999798183,103.0,0.00022899999999026477,103.0,Discord_voice
0.0,223.0,3.8000000003535206e-05,213.0,7.600000000707041e-05,192.0,0.00011800000000050659,143.0,0.00023199999999690135,135.0,Discord_voice
0.0,47.0,4.6e-05,47.0,8.8e-05,47.0,0.00012,47.0,0.000152,47.0,Discord_voice
0.0,103.0,5.100000000002325e-05,112.0,0.0007330000000003167,165.0,0.0009380000000005495,181.0,0.0010930000000000106,108.0,Discord_voice
0.0,47.0,3.0999999999892225e-05,47.0,1.005558999999998,102.0,1.0056909999999988,103.0,1.0057159999999996,103.0,Discord_voice
0.0,223.0,0.0004289999999969041,209.0,0.00046899999999538977,223.0,0.000506999999998925,217.0,0.000575999999995247,198.0,Discord_voice
0.0,128.0,4.200000000764703e-05,151.0,8.200000000613272e-05,202.0,0.00011899999999798183,209.0,0.00015799999999899228,227.0,Discord_voice
0.0,103.0,9.000000000014552e-05,102.0,0.00022200000000793807,154.0,0.00048300000000267573,192.0,0.0005850000000009459,161.0,Discord_voice
0.0,47.0,9.2e-05,47.0,0.000125,47.0,0.000157,47.0,0.000199,47.0,Discord_voice
0.0,221.0,4.500000000007276e-05,218.0,9.800000000015352e-05,215.0,0.00033900000000008923,213.0,0.0004220000000001445,207.0,Discord_voice
0.0,103.0,0.00017199999999917281,105.0,0.0002859999999955676,130.0,0.00037299999999618194,140.0,0.0007239999999981706,169.0,Discord_voice
0.0,103.0,2.5000000000829914e-05,102.0,0.00021000000000270802,158.0,0.0002980000000007976,201.0,0.000512000000000512,198.0,Discord_voice
0.0,102.0,3.799999998932435e-05,102.0,0.00011099999998975818,108.0,0.0001529999999974052,166.0,0.0001929999999958909,211.0,Discord_voice
0.0,103.0,3.699999999184911e-05,102.0,0.00010699999999985721,163.0,0.0001529999999974052,211.0,0.00019100000000094042,173.0,Discord_voice
0.0,47.0,3.2e-05,47.0,6.2e-05,47.0,0.000292,193.0,0.000336,226.0,Discord_voice
0.0,215.0,0.00011000000000116472,232.0,0.00015699999999974068,237.0,0.00019700000000000273,215.0,0.000256000000000256,212.0,Discord_voice
0.0,118.0,0.00028499999999809233,107.0,0.0004709999999974457,103.0,0.000560000000000116,103.0,0.001112999999996589,102.0,Discord_voice
0.0,222.0,0.00025699999999773127,210.0,0.0004409999999950287,207.0,0.0005929999999949587,201.0,0.0010989999999964084,186.0,Discord_voice
0.0,232.0,3.8000000003535206e-05,226.0,0.00010900000000901855,227.0,0.00021000000000981345,213.0,0.00024700000000166256,198.0,Discord_voice
0.0,103.0,4.200000000764703e-05,103.0,8.100000000865748e-05,102.0,0.00012200000000461841,208.0,0.00016800000000216642,211.0,Discord_voice
0.0,47.0,1.7e-05,47.0,3.3e-05,47.0,4.9e-05,47.0,6.7e-05,47.0,Discord_voice
0.0,102.0,9.799999999948739e-05,102.0,0.0004609999999996006,163.0,0.0005009999999998627,219.0,0.0005599999999983396,223.0,Discord_voice
0.0,213.0,2.800000000036107e-05,212.0,6.700000000137152e-05,220.0,9.500000000173259e-05,226.0,0.00029099999999715465,218.0,Discord_voice
0.0,127.0,8.300000000360797e-05,186.0,0.00012300000000209366,220.0,0.0001620000000031041,193.0,0.0002059999999985962,185.0,Discord_voice
0.0,228.0,0.0002460000000041873,209.0,0.00028100000000108594,206.0,0.0003509999999948832,219.0,0.0017279999999999518,215.0,Discord_voice
0.0,103.0,5.300000000829641e-05,175.0,8.499999999855845e-05,225.0,0.00011399999999639476,210.0,0.00019300000001010176,200.0,Discord_voice
0.0,47.0,2.6e-05,47.0,9.7e-05,47.0,0.000127,47.0,0.000144,47.0,Discord_voice
0.0,126.0,1.6000000000016e-05,168.0,7.00000000000145e-05,218.0,0.00010299999999996423,232.0,0.00021500000000007624,227.0,Discord_voice
0.0,112.0,5.9000000000253294e-05,191.0,8.300000000360797e-05,210.0,0.00011700000000303135,170.0,0.0001390000000043301,169.0,Discord_voice
0.0,149.0,3.900000000101045e-05,105.0,7.300000000043383e-05,103.0,0.0001430000000013365,124.0,0.00027200000000249247,199.0,Discord_voice
0.0,106.0,5.7999999995672624e-05,109.0,7.899999999949614e-05,147.0,9.799999999415832e-05,208.0,0.00024399999999502597,230.0,Discord_voice
0.0,127.0,3.799999998932435e-05,164.0,0.0002499999999940883,187.0,0.0003399999999942338,212.0,0.0007869999999883248,208.0,Discord_voice
0.0,47.0,3.2e-05,47.0,6.4e-05,47.0,0.000103,47.0,0.000135,47.0,Discord_voice
0.0,106.0,0.0001220000000010657,102.0,0.0001650000000008589,144.0,0.00019100000000094042,214.0,0.00021800000000027353,234.0,Discord_voice
0.0,231.0,3.900000000101045e-05,231.0,7.599999999996498e-05,220.0,0.00021600000000177033,208.0,0.00030999999999892225,218.0,Discord_voice
0.0,102.0,3.399999999942338e-05,102.0,5.800000000277805e-05,166.0,8.400000000108321e-05,228.0,0.00010600000000238197,238.0,Discord_voice
0.0,177.0,4.199999999343618e-05,221.0,7.399999999790907e-05,223.0,0.00013500000000021828,231.0,0.0003689999999920701,214.0,Discord_voice
0.0,211.0,0.00018400000000440286,199.0,0.00024899999999661304,182.0,0.000289999999992574,212.0,0.0003289999999935844,206.0,Discord_voice
0.0,47.0,0.000118,47.0,0.000152,47.0,0.000177,47.0,0.0002,47.0,Discord_voice
0.0,47.0,0.00023999999999979593,47.0,0.0003229999999998512,47.0,0.00040599999999990644,47.0,0.0005370000000000097,47.0,Discord_voice
0.0,212.0,0.00011200000000144428,218.0,0.00014999999999787406,211.0,0.0002250000000003638,211.0,0.00039600000000206137,211.0,Discord_voice
0.0,193.0,3.6999999998954536e-05,200.0,0.0001490000000003988,183.0,0.00022299999999830789,195.0,0.0004369999999980223,209.0,Discord_voice
0.0,124.0,9.1999999995096e-05,206.0,0.0002769999999969741,215.0,0.0003260000000011587,186.0,0.0004440000000016653,216.0,Discord_voice
0.0,103.0,0.00014000000000180535,102.0,0.00031599999999798456,102.0,0.00035400000000151977,157.0,0.0006369999999975562,195.0,Discord_voice
0.0,47.0,0.00015,47.0,0.000214,47.0,0.000232,47.0,0.000246,47.0,Discord_voice
0.0,47.0,7.200000000000002e-05,123.0,0.00013799999999999923,219.0,0.00019999999999999966,229.0,0.0006259999999999998,189.0,Discord_voice
0.0,47.0,0.0012860000000003424,102.0,0.0015640000000018972,102.0,0.0019190000000008922,146.0,0.0019709999999975025,204.0,Discord_voice
0.0,103.0,0.0001339999999956376,106.0,0.0002289999999973702,160.0,0.00032300000000162754,191.0,0.0004160000000013042,221.0,Discord_voice
0.0,186.0,0.0003240000000062082,186.0,0.00044700000000830187,206.0,0.0005600000000072214,209.0,0.0006029999999981328,188.0,Discord_voice
0.0,226.0,0.0002589999999997872,223.0,0.00036800000000880573,226.0,0.0004170000000129903,222.0,0.000484000000000151,221.0,Discord_voice
0.0,47.0,1.3e-05,47.0,2.6e-05,47.0,6.8e-05,47.0,8.2e-05,47.0,Discord_voice
0.0,216.0,0.00010299999999996423,215.0,0.0003770000000000717,226.0,0.00046199999999996244,205.0,0.001132000000000133,211.0,Discord_voice
0.0,103.0,1.4999999997655777e-05,103.0,0.0002440000000021314,204.0,0.0002629999999967936,150.0,0.0004649999999983834,109.0,Discord_voice
0.0,102.0,0.0003839999999968313,119.0,0.0004080000000072914,143.0,0.0004289999999969041,158.0,0.0004440000000016653,107.0,Discord_voice
0.0,155.0,3.600000000858472e-05,115.0,0.00011500000000808086,137.0,0.00021500000001140052,121.0,0.0009230000000002292,120.0,Discord_voice
0.0,103.0,5.000000000165983e-05,103.0,0.00015700000000151704,153.0,0.00021399999999971442,207.0,0.0003249999999894726,219.0,Discord_voice
0.0,47.0,3.9e-05,47.0,7.2e-05,47.0,0.000102,47.0,0.000136,47.0,Discord_voice
0.0,103.0,4.7000000000352316e-05,103.0,8.000000000008001e-05,140.0,0.00012600000000029254,240.0,0.0001610000000002998,241.0,Discord_voice
0.0,105.0,5.9000000000253294e-05,103.0,0.00010599999999527654,189.0,0.00015499999999946112,229.0,0.00019499999999794682,229.0,Discord_voice
0.0,203.0,4.400000000259752e-05,166.0,8.300000000360797e-05,125.0,0.00012300000000209366,230.0,0.00015800000001320313,224.0,Discord_voice
0.0,103.0,0.000171000000008803,102.0,0.0005150000000071486,114.0,0.0005940000000066448,200.0,0.0006520000000023174,220.0,Discord_voice
0.0,222.0,2.8000000014571924e-05,226.0,4.500000000007276e-05,223.0,6.20000000139953e-05,220.0,7.80000000020209e-05,236.0,Discord_voice
0.0,47.0,4.5e-05,47.0,7.2e-05,47.0,0.000127,47.0,0.000164,47.0,Discord_voice
0.0,47.0,2.999999999997449e-05,47.0,5.2999999999858716e-05,47.0,0.0002089999999999037,47.0,0.00024999999999986144,47.0,Discord_voice
0.0,199.0,1.0012850000000029,123.0,1.001367000000002,119.0,1.0014380000000003,129.0,1.001459000000004,108.0,Discord_voice
0.0,135.0,7.29999999933284e-05,107.0,0.00014999999999787406,120.0,0.0001739999999941233,118.0,0.0002599999999972624,107.0,Discord_voice
0.0,141.0,0.00014499999998918156,234.0,0.00016799999998795556,225.0,0.00020799999998644125,233.0,0.0003679999999945949,226.0,Discord_voice
0.0,155.0,0.0001699999999971169,206.0,0.00020899999999812735,212.0,0.00022900000000447562,223.0,0.00040199999999401825,229.0,Discord_voice
0.0,47.0,3.4e-05,47.0,0.000108,47.0,0.000142,47.0,0.000176,47.0,Discord_voice
0.0,102.0,0.0004030000000003753,114.0,0.0004889999999999617,187.0,0.0005590000000008644,229.0,0.0006280000000007391,227.0,Discord_voice
0.0,230.0,5.300000000119098e-05,222.0,9.400000000425734e-05,222.0,0.00014200000000386126,218.0,0.00028100000000108594,221.0,Discord_voice
0.0,209.0,3.0999999999892225e-05,216.0,9.1999999995096e-05,217.0,0.00016499999999552983,229.0,0.00019700000000000273,234.0,Discord_voice
0.0,233.0,8.59999999960337e-05,218.0,0.00012300000000209366,222.0,0.0002479999999991378,213.0,0.00047699999998940257,217.0,Discord_voice
0.0,206.0,4.500000000007276e-05,229.0,0.00044599999999661577,225.0,0.0004939999999891143,212.0,0.0008330000000000837,223.0,Discord_voice
0.0,47.0,5.1e-05,47.0,7.4e-05,47.0,9.2e-05,47.0,0.000132,47.0,Discord_voice
0.0,103.0,8.500000000211116e-05,135.0,0.0002000000000030866,182.0,0.0003640000000011412,220.0,0.0004220000000003665,237.0,Discord_voice
0.0,219.0,0.00010599999999527654,220.0,0.0001469999999983429,243.0,0.00019400000000047157,227.0,0.0003600000000005821,223.0,Discord_voice
0.0,103.0,9.499999999462716e-05,103.0,0.00013699999999516876,189.0,0.00021399999999971442,240.0,0.000256000000000256,224.0,Discord_voice
0.0,228.0,1.8999999994662176e-05,224.0,3.8000000003535206e-05,219.0,7.700000000454565e-05,230.0,9.699999999668307e-05,227.0,Discord_voice
0.0,103.0,4.6999999995023245e-05,103.0,0.00014899999999329339,129.0,0.00026099999999473766,165.0,0.00041099999999971715,227.0,Discord_voice
0.0,47.0,2.1e-05,47.0,0.000596,47.0,0.000634,47.0,0.000677,47.0,Discord_voice
0.0,208.0,0.00022199999999994446,216.0,0.00026599999999987745,177.0,0.00035199999999990794,203.0,0.0006049999999997446,186.0,Discord_voice
0.0,102.0,1.599999999513102e-05,168.0,3.199999999736747e-05,203.0,4.7999999999603915e-05,214.0,6.399999999473494e-05,233.0,Discord_voice
0.0,102.0,2.9999999995311555e-05,103.0,0.0002920000000017353,143.0,0.00040799999999308056,191.0,0.000842999999989047,214.0,Discord_voice
0.0,103.0,1.3999999993075107e-05,102.0,8.699999999350894e-05,102.0,0.0001010000000007949,103.0,0.00011399999999639476,103.0,Discord_voice
0.0,103.0,1.7000000013922545e-05,103.0,6.799999999884676e-05,126.0,9.499999998752173e-05,130.0,0.00011399999999639476,119.0,Discord_voice
0.0,47.0,6.8e-05,47.0,0.000102,47.0,0.000127,47.0,0.000153,47.0,Discord_voice
0.0,131.0,6.4000000000064e-05,222.0,9.999999999976694e-05,225.0,0.00028100000000019776,207.0,0.00032500000000013074,233.0,Discord_voice
0.0,47.0,0.00020799999999354668,47.0,0.00026099999999473766,47.0,0.00033099999999564034,47.0,0.0005009999999998627,47.0,Discord_voice
0.0,138.0,3.6999999998954536e-05,176.0,0.0001490000000003988,205.0,0.00019599999999542206,203.0,0.0004789999999985639,224.0,Discord_voice
0.0,241.0,5.7000000012408236e-05,220.0,0.0001010000000007949,216.0,0.000148000000010029,221.0,0.00018599999999935335,221.0,Discord_voice
0.0,107.0,4.199999999343618e-05,191.0,6.8999999996322e-05,216.0,9.400000000425734e-05,228.0,0.0001160000000055561,237.0,Discord_voice
0.0,47.0,1.9e-05,47.0,6.3e-05,47.0,8.2e-05,47.0,0.000122,47.0,Discord_voice
0.0,203.0,2.1000000000048757e-05,206.0,6.799999999995698e-05,211.0,8.900000000000574e-05,214.0,0.00012799999999990597,205.0,Discord_voice
0.0,103.0,4.000000000559112e-05,103.0,8.200000000613272e-05,176.0,0.00014000000000180535,226.0,0.00018800000000140926,230.0,Discord_voice
0.0,103.0,4.100000000306636e-05,105.0,8.300000000360797e-05,197.0,0.00014800000000292357,234.0,0.00021300000000223918,231.0,Discord_voice
0.0,107.0,1.0019049999999936,103.0,1.0019609999999943,140.0,1.002004999999997,224.0,1.002046000000007,219.0,Discord_voice
0.0,103.0,6.600000000389628e-05,119.0,1.0013639999999953,163.0,1.0014740000000018,216.0,1.0015549999999962,171.0,Discord_voice
0.0,47.0,8.7e-05,47.0,0.000132,47.0,0.000324,47.0,0.000357,47.0,Discord_voice
0.0,47.0,0.0003089999999998927,105.0,0.0004850000000000687,192.0,0.0005459999999999354,228.0,0.0005859999999999754,226.0,Discord_voice
0.0,47.0,0.00015199999999992997,47.0,0.00044499999999914053,47.0,0.0004909999999966885,47.0,0.0005389999999962924,47.0,Discord_voice
0.0,103.0,0.0002709999999979118,103.0,0.0003430000000008704,103.0,0.00039000000000299906,103.0,0.0004289999999969041,103.0,Discord_voice
0.0,102.0,5.7999999995672624e-05,102.0,0.00024700000000166256,47.0,0.0002879999999976235,47.0,0.0003249999999894726,47.0,Discord_voice
0.0,217.0,0.00016800000000216642,210.0,0.00023199999999690135,192.0,0.0002709999999979118,184.0,0.0003070000000064965,153.0,Discord_voice
0.0,47.0,4.9e-05,47.0,7.4e-05,47.0,0.000104,47.0,0.000127,47.0,Discord_voice
0.0,162.0,0.00024400000000035504,215.0,0.00032500000000013074,225.0,0.00037399999999987443,210.0,0.00043000000000059657,182.0,Discord_voice
0.0,206.0,5.200000000371574e-05,235.0,0.00011500000000097543,229.0,0.00019199999999841566,218.0,0.00022799999999989495,211.0,Discord_voice
0.0,103.0,1.9000000001767603e-05,128.0,0.00012900000000115597,233.0,0.00015100000000245473,235.0,0.00017100000000169757,231.0,Discord_voice
0.0,220.0,2.200000000129876e-05,230.0,4.200000000764703e-05,225.0,7.9000000013707e-05,218.0,0.00010500000000490672,218.0,Discord_voice
0.0,102.0,3.900000000101045e-05,136.0,6.999999999379725e-05,186.0,0.00010000000000331966,204.0,0.00012699999999199463,143.0,Discord_voice
0.0,47.0,6.9e-05,47.0,0.000111,47.0,0.000322,47.0,0.000366,47.0,Discord_voice
0.0,47.0,3.700000000006476e-05,47.0,0.00016499999999997073,47.0,0.00023700000000004273,47.0,0.00029500000000015625,47.0,Discord_voice
0.0,172.0,0.00011200000000144428,208.0,0.00018000000000029104,202.0,0.00022299999999830789,221.0,0.0002670000000009054,230.0,Discord_voice
0.0,122.0,7.199999999585316e-05,121.0,0.00015599999999693637,118.0,0.0002829999999960364,121.0,0.00041300000000177306,120.0,Discord_voice
0.0,133.0,3.8000000003535206e-05,148.0,0.00022400000000288856,138.0,0.00026599999999632473,123.0,0.00030399999999985994,127.0,Discord_voice
0.0,103.0,3.700000002027082e-05,103.0,0.00013700000002359047,121.0,0.00017800000000534055,133.0,0.0002160000000230866,122.0,Discord_voice
0.0,47.0,0.001045,47.0,0.001425,47.0,0.001621,47.0,0.001773,47.0,Discord_voice
0.0,112.0,9.299999999989872e-05,168.0,0.0001849999999998797,215.0,0.00022599999999983744,209.0,0.0002629999999999022,208.0,Discord_voice
0.0,108.0,2.5999999998305157e-05,102.0,0.0001490000000003988,132.0,0.00017100000000169757,191.0,0.00034999999999740794,209.0,Discord_voice
0.0,217.0,1.4999999997655777e-05,218.0,3.499999999689862e-05,206.0,5.000000000165983e-05,191.0,9.500000000173259e-05,160.0,Discord_voice
0.0,141.0,4.3000000005122274e-05,180.0,0.0001330000000052678,221.0,0.0003760000000028185,150.0,0.00041299999999466763,107.0,Discord_voice
0.0,103.0,0.00047800000000108867,103.0,0.0005400000000008731,123.0,0.000618000000002894,122.0,0.0007599999999996498,118.0,Discord_voice
0.0,47.0,7.7e-05,47.0,0.000187,47.0,0.000206,47.0,0.000276,47.0,Discord_voice
0.0,47.0,3.299999999972769e-05,47.0,0.00030299999999972016,47.0,0.00034599999999995745,47.0,0.00046899999999983066,47.0,Discord_voice
0.0,103.0,6.199999999978445e-05,103.0,0.00011199999999433885,118.0,0.00017899999999571037,200.0,0.00030299999999527927,237.0,Discord_voice
0.0,115.0,4.2000000000541604e-05,144.0,0.00011700000000303135,138.0,0.00016500000000263526,168.0,0.0002750000000020236,188.0,Discord_voice
0.0,102.0,4.0000000012696546e-05,118.0,0.0002190000000013015,174.0,0.00043700000000512773,216.0,0.0005190000000112605,188.0,Discord_voice
0.0,159.0,0.00019199999999841566,107.0,0.00039999999999906777,168.0,0.0007459999999923639,211.0,0.0010910000000023956,107.0,Discord_voice
0.0,47.0,0.000107,47.0,0.000278,47.0,0.000328,47.0,0.000423,47.0,Discord_voice
0.0,198.0,2.300000000010627e-05,160.0,4.399999999993298e-05,113.0,9.499999999995623e-05,108.0,0.00012100000000003774,106.0,Discord_voice
0.0,220.0,3.900000000101045e-05,202.0,6.8999999996322e-05,194.0,0.00021699999999924557,199.0,0.0002479999999991378,203.0,Discord_voice
0.0,205.0,3.6999999998954536e-05,202.0,0.00017899999999571037,220.0,0.0002159999999946649,203.0,0.00035199999999946385,201.0,Discord_voice
0.0,47.0,1.2999999995599865e-05,47.0,2.4999999993724487e-05,47.0,3.5999999994373866e-05,47.0,4.800000000670934e-05,47.0,Discord_voice
0.0,199.0,1.8999999994662176e-05,177.0,9.1999999995096e-05,175.0,0.0001239999999995689,172.0,0.00013800000000685486,47.0,Discord_voice
0.0,47.0,1.6e-05,47.0,3.2e-05,47.0,6.8e-05,47.0,9.9e-05,47.0,Discord_voice
0.0,47.0,5.3999999999998494e-05,47.0,7.399999999990747e-05,47.0,0.0009349999999999081,47.0,0.0009799999999999809,47.0,Discord_voice
0.0,103.0,1.9000000001767603e-05,103.0,0.00015700000000151704,102.0,0.00017800000000534055,171.0,0.00019900000000205864,208.0,Discord_voice
0.0,102.0,8.099999999444663e-05,103.0,0.00011800000000050659,117.0,0.00015599999999693637,170.0,0.00025299999999361944,215.0,Discord_voice
0.0,176.0,0.00017299999998954263,160.0,0.00036999999998954536,109.0,0.000529999999997699,108.0,0.0009199999999935926,103.0,Discord_voice
0.0,47.0,0.0001620000000031041,47.0,0.00031700000000967066,47.0,0.00035700000000815635,47.0,0.0007670000000103983,47.0,Discord_voice
0.0,47.0,5.8e-05,47.0,9.4e-05,47.0,0.000132,47.0,0.000164,47.0,Discord_voice
0.0,102.0,0.0006070000000000242,105.0,0.0007530000000000037,185.0,0.0010079999999996758,227.0,0.0010319999999999219,230.0,Discord_voice
0.0,103.0,3.6999999998954536e-05,103.0,7.899999999949614e-05,132.0,0.00012100000000003774,224.0,0.0001600000000010482,226.0,Discord_voice
0.0,233.0,7.099999999127249e-05,221.0,0.00010199999999827014,221.0,0.00016599999999300508,203.0,0.00020100000000411455,178.0,Discord_voice
0.0,223.0,0.00014300000000844193,229.0,0.00016400000001226545,228.0,0.00020600000000570162,223.0,0.00022800000000700038,216.0,Discord_voice
0.0,103.0,6.100000000230921e-05,102.0,8.900000000267028e-05,102.0,0.0001770000000078653,126.0,0.00020899999999812735,220.0,Discord_voice
0.0,47.0,5.3e-05,47.0,0.000423,47.0,0.000448,47.0,0.000467,47.0,Discord_voice
0.0,47.0,3.900000000012227e-05,47.0,0.0001340000000000785,47.0,0.0001660000000001105,47.0,0.00039199999999994795,47.0,Discord_voice
0.0,47.0,0.00018900000000598993,47.0,1.0019350000000031,47.0,1.0019690000000026,47.0,1.0020980000000037,47.0,Discord_voice
0.0,116.0,1.0018770000000004,107.0,1.0019159999999943,127.0,1.002046,127.0,1.0020759999999953,132.0,Discord_voice
0.0,47.0,0.0006190000000003693,47.0,0.0007250000000027512,47.0,0.0007429999999999382,47.0,0.0010890000000074451,47.0,Discord_voice
0.0,146.0,0.0002080000000006521,175.0,0.00022799999999278953,47.0,0.0002449999999925012,47.0,0.0002619999999922129,47.0,Discord_voice
0.0,47.0,0.00058,47.0,0.000642,47.0,0.000659,47.0,0.000672,47.0,Discord_voice
0.0,102.0,0.0002000000000000001,138.0,0.00022900000000000004,214.0,0.00025599999999999993,212.0,0.0002850000000000001,187.0,Discord_voice
0.0,103.0,1.3000000002705292e-05,103.0,2.7000000002885827e-05,115.0,4.7999999999603915e-05,208.0,0.000385000000001412,217.0,Discord_voice
0.0,102.0,0.00012700000000620548,104.0,0.00020899999999812735,139.0,0.00034999999999740794,199.0,0.00037100000000123146,182.0,Discord_voice
0.0,103.0,3.300000000194814e-05,103.0,9.400000000425734e-05,153.0,0.00012300000000209366,198.0,0.00014500000000339242,193.0,Discord_voice
0.0,102.0,0.0004959999999982756,103.0,0.0005480000000090968,132.0,0.0005789999999876727,140.0,0.0008339999999975589,112.0,Discord_voice
0.0,212.0,0.000166,216.0,0.000303,224.0,0.000466,204.0,0.000679,201.0,Discord_voice
0.0,47.0,0.00010999999999999999,47.0,0.000236,47.0,0.0005189999999999999,47.0,0.0006069999999999999,47.0,Discord_voice
0.0,106.0,0.00015199999999992997,107.0,0.00026600000000343016,103.0,0.0006979999999998654,103.0,0.0008720000000010941,102.0,Discord_voice
0.0,103.0,0.00012100000000003774,103.0,0.00032300000000162754,103.0,0.0007659999999987122,103.0,0.0008330000000000837,47.0,Discord_voice
0.0,102.0,3.5999999994373866e-05,103.0,6.8999999996322e-05,103.0,0.00010499999999069587,102.0,0.00014000000000180535,47.0,Discord_voice
0.0,103.0,4.70000000092341e-05,103.0,8.800000000519503e-05,133.0,0.00012800000000368073,168.0,0.00016800000000216642,173.0,Discord_voice
0.0,47.0,0.000411,47.0,0.000458,47.0,0.000595,47.0,0.000887,47.0,Discord_voice
0.0,47.0,5.8000000000113516e-05,47.0,8.500000000011276e-05,47.0,0.00011200000000011201,47.0,0.0001980000000001425,47.0,Discord_voice
0.0,205.0,3.999999999848569e-05,220.0,0.00013099999999610645,218.0,0.00021499999999718966,210.0,0.00028899999999509873,235.0,Discord_voice
0.0,102.0,7.500000000248974e-05,124.0,0.00014999999999787406,177.0,0.0037629999999992947,215.0,0.0038210000000020727,215.0,Discord_voice
0.0,204.0,0.00020100000000411455,226.0,0.00024899999999661304,224.0,0.0003260000000011587,217.0,0.0004160000000013042,218.0,Discord_voice
0.0,113.0,3.5999999994373866e-05,120.0,0.0002479999999991378,106.0,0.0003249999999894726,103.0,0.0004139999999921429,103.0,Discord_voice
0.0,47.0,4e-05,47.0,5.5e-05,47.0,6.9e-05,47.0,0.00016,47.0,Discord_voice
0.0,47.0,5.099999999999983e-05,47.0,0.00011099999999999999,47.0,0.00012800000000000008,47.0,0.00024300000000000016,47.0,Discord_voice
0.0,103.0,0.00010599999999527654,102.0,0.00017700000000075988,102.0,0.0002099999999956026,103.0,0.00027599999999949887,125.0,Discord_voice
0.0,204.0,3.600000000147929e-05,195.0,0.00010699999999985721,161.0,0.0002059999999985962,107.0,0.00027199999999538704,102.0,Discord_voice
0.0,103.0,0.00027700000001118497,102.0,0.0003300000000052705,128.0,0.00043399999999849115,133.0,0.0004910000000108994,118.0,Discord_voice
0.0,197.0,0.00024700000000166256,189.0,0.00048000000001025,171.0,0.0008040000000022474,160.0,0.001660000000001105,217.0,Discord_voice
0.0,47.0,2.6e-05,47.0,4.1e-05,47.0,5.4e-05,47.0,0.000125,47.0,Discord_voice
0.0,47.0,1.100000000000005e-05,47.0,3.500000000000004e-05,47.0,5.9000000000000025e-05,47.0,9.300000000000004e-05,47.0,Discord_voice
0.0,181.0,0.00013400000000274304,187.0,0.00015700000000151704,172.0,0.00019100000000094042,167.0,0.0002250000000003638,157.0,Discord_voice
0.0,107.0,1.9999999999242846e-05,47.0,7.799999999491547e-05,47.0,0.00011199999999433885,47.0,0.000144999999996287,47.0,Discord_voice
0.0,196.0,3.700000000605996e-05,213.0,7.399999999790907e-05,206.0,0.00011899999999798183,221.0,0.00015799999999899228,216.0,Discord_voice
0.0,103.0,1.0017870000000073,103.0,1.0018420000000106,103.0,1.0019259999999974,107.0,1.0020020000000045,172.0,Discord_voice
0.0,47.0,1.8e-05,47.0,3.6e-05,47.0,7.7e-05,47.0,9.3e-05,47.0,Discord_voice
0.0,103.0,7.899999999949614e-05,102.0,0.00012900000000115597,164.0,0.00021300000000223918,233.0,0.00024299999999755073,221.0,Discord_voice
0.0,158.0,4.500000000007276e-05,118.0,8.59999999960337e-05,196.0,0.0001469999999983429,220.0,0.00040799999999308056,212.0,Discord_voice
0.0,194.0,0.0003330000000119071,179.0,0.0003900000000101045,188.0,0.0006469999999865195,195.0,0.0007239999999910651,179.0,Discord_voice
0.0,117.0,0.000117,116.0,0.00021,1201.0,0.000251,115.0,0.000535,793.0,GoogleMeet_video
0.0,696.0,0.00017,713.0,0.001294,81.0,0.002705,821.0,0.003842,258.0,GoogleMeet_video
0.0,103.0,7.8e-05,304.0,0.00012,111.0,0.000195,115.0,0.000237,281.0,GoogleMeet_video
0.0,794.0,0.9988499999999999,77.0,1.004469,983.0,1.0067570000000001,181.0,1.009884,680.0,GoogleMeet_video
0.0,1051.0,4.4e-05,1051.0,0.000121,1048.0,0.000176,794.0,0.000242,792.0,GoogleMeet_video
0.0,717.0,0.000627,733.0,0.0037029999999999997,87.0,0.006991000000000001,817.0,0.008242000000000001,107.0,GoogleMeet_video
0.0,340.0,0.000115,118.0,0.000172,285.0,0.000212,114.0,0.000289,115.0,GoogleMeet_video
0.0,905.0,0.0028640000000000002,102.0,0.0038070000000000014,709.0,0.005014000000000001,281.0,0.005871000000000001,666.0,GoogleMeet_video
0.0,710.0,2.2e-05,727.0,0.001702,81.0,0.002335,792.0,0.003878,103.0,GoogleMeet_video
0.0,949.0,2.3000000000000003e-05,949.0,4.699999999999999e-05,950.0,6.900000000000001e-05,950.0,9.1e-05,952.0,GoogleMeet_video
0.0,121.0,6.2e-05,567.0,0.000172,124.0,0.000207,119.0,0.000261,743.0,GoogleMeet_video
0.0,701.0,0.00014800000000000056,717.0,0.00018699999999999967,719.0,0.00022800000000000077,719.0,0.00026900000000000014,719.0,GoogleMeet_video
0.0,106.0,4.1e-05,107.0,0.00021,109.0,0.000231,108.0,0.000295,110.0,GoogleMeet_video
0.0,98.0,0.00016900000000052984,109.0,0.0010500000000002174,114.0,0.002075000000000493,117.0,0.0023100000000004783,111.0,GoogleMeet_video
0.0,94.0,0.0002309999999994261,102.0,0.0005399999999999849,110.0,0.001132000000000133,102.0,0.001330999999999527,103.0,GoogleMeet_video
0.0,1217.0,8.200000000613272e-05,1213.0,0.00013200000000068712,1213.0,0.00018800000000140926,1213.0,0.00024100000000260025,1213.0,GoogleMeet_video
0.0,70.0,0.000914000000022952,78.0,0.0014950000000055752,84.0,0.001909000000011929,78.0,0.0024099999999975807,79.0,GoogleMeet_video
0.0,86.0,0.0010749999999859483,90.0,0.0014270000000067284,86.0,0.0017990000000054351,88.0,0.001959999999996853,93.0,GoogleMeet_video
0.0,1151.0,0.00023,1151.0,0.000349,1152.0,0.000407,1152.0,0.000486,1152.0,GoogleMeet_video
0.0,1170.0,8.000000000000021e-05,1186.0,0.00013000000000000164,1186.0,0.00020400000000000106,1186.0,0.000255,1186.0,GoogleMeet_video
0.0,109.0,0.000566,109.0,0.001045,110.0,0.001263,125.0,0.001457,110.0,GoogleMeet_video
0.0,289.0,0.0002449999999999999,945.0,0.000339,945.0,0.00047899999999999993,945.0,0.000808,945.0,GoogleMeet_video
0.0,1209.0,8.9e-05,1209.0,0.000217,1209.0,0.000289,1209.0,0.000361,1209.0,GoogleMeet_video
0.0,121.0,0.00037099999999999996,1086.0,0.000435,1086.0,0.0005059999999999999,1086.0,0.00057,1086.0,GoogleMeet_video
0.0,109.0,5e-05,112.0,0.000437,107.0,0.000454,114.0,0.000477,104.0,GoogleMeet_video
0.0,103.0,4.9e-05,93.0,0.0006789999999999999,88.0,0.0008779999999999999,96.0,0.001252,90.0,GoogleMeet_video
0.0,127.0,0.0008150000000028967,112.0,0.0031610000000057425,107.0,0.003781000000003587,88.0,0.00392800000000193,103.0,GoogleMeet_video
0.0,1159.0,0.0002020000000015898,1155.0,0.0003049999999973352,1155.0,0.0003430000000008704,1155.0,0.0003790000000023497,1155.0,GoogleMeet_video
0.0,102.0,0.0005440000000049849,110.0,0.0012970000000080972,95.0,0.0016250000000042064,100.0,0.002442999999999529,119.0,GoogleMeet_video
0.0,78.0,0.0007960000000082346,76.0,0.0012520000000080245,77.0,0.0019010000000037053,78.0,0.0020949999999970714,79.0,GoogleMeet_video
0.0,126.0,0.000533,319.0,0.000593,134.0,0.000619,131.0,0.000645,284.0,GoogleMeet_video
0.0,1088.0,0.00015999999999999955,1090.0,0.0002620000000000001,1104.0,0.0003740000000000002,1106.0,0.00040899999999999964,1106.0,GoogleMeet_video
0.0,121.0,0.000122,116.0,0.000167,128.0,0.000538,119.0,0.000627,113.0,GoogleMeet_video
0.0,700.0,5.600000000000006e-05,716.0,0.00044399999999999995,111.0,0.0011459999999999999,636.0,0.0036980000000000003,109.0,GoogleMeet_video
0.0,173.0,5.8e-05,115.0,0.000139,113.0,0.000213,254.0,0.000366,110.0,GoogleMeet_video
0.0,1013.0,0.004797000000000001,115.0,0.005228,898.0,0.007495,223.0,0.009483000000000002,782.0,GoogleMeet_video
0.0,141.0,4.3e-05,124.0,5.8e-05,129.0,8.9e-05,120.0,0.00014,122.0,GoogleMeet_video
0.0,105.0,0.0012520000000000309,93.0,0.0013490000000002667,97.0,0.0013860000000001094,102.0,0.001919000000000004,96.0,GoogleMeet_video
0.0,78.0,0.00039999999999995595,74.0,0.0006630000000003022,84.0,0.0010669999999999291,79.0,0.0012180000000001634,79.0,GoogleMeet_video
0.0,1111.0,0.0003810000000008529,1132.0,0.00041500000000027626,1132.0,0.0005780000000008556,1132.0,0.000612000000000279,1132.0,GoogleMeet_video
0.0,104.0,0.00022099999999625197,99.0,0.000847999999990634,101.0,0.0008649999999903457,104.0,0.0018089999999943984,96.0,GoogleMeet_video
0.0,70.0,0.0005710000000078708,72.0,0.0010680000000036216,73.0,0.001393000000007305,74.0,0.0017560000000003129,74.0,GoogleMeet_video
0.0,978.0,3.8e-05,127.0,0.000144,131.0,0.000213,668.0,0.000236,125.0,GoogleMeet_video
0.0,800.0,0.0030329999999998414,664.0,0.003061999999999898,676.0,0.00455099999999975,337.0,0.00671799999999978,442.0,GoogleMeet_video
0.0,229.0,0.000115,215.0,0.000409,256.0,0.000654,197.0,0.000958,227.0,GoogleMeet_video
0.0,872.0,0.0021160000000000007,223.0,0.004162,1018.0,0.006122,189.0,0.009347999999999999,945.0,GoogleMeet_video
0.0,959.0,3.4e-05,108.0,5.5e-05,103.0,0.000142,844.0,0.001084,103.0,GoogleMeet_video
0.0,734.0,0.0007609999999999995,751.0,0.0010889999999999997,753.0,0.0011129999999999994,753.0,0.001301,753.0,GoogleMeet_video
0.0,247.0,7.5e-05,283.0,0.000122,272.0,0.000158,106.0,0.000207,214.0,GoogleMeet_video
0.0,1086.0,0.00013699999999999997,1102.0,0.00020300000000000006,1102.0,0.000268,1102.0,0.00033299999999999996,1102.0,GoogleMeet_video
0.0,108.0,3.3e-05,108.0,6.8e-05,108.0,0.000266,115.0,0.000411,105.0,GoogleMeet_video
0.0,103.0,0.00014899999999995472,104.0,1.0013199999999998,100.0,1.0015080000000003,100.0,1.002109,101.0,GoogleMeet_video
0.0,85.0,1.0015340000000004,83.0,1.0015840000000003,84.0,1.0016889999999998,86.0,1.0020930000000003,81.0,GoogleMeet_video
0.0,1179.0,3.399999999942338e-05,1175.0,7.600000000707041e-05,1175.0,0.00011100000000396903,1176.0,0.0001540000000090913,1176.0,GoogleMeet_video
0.0,77.0,0.00011299999999891952,76.0,0.0012110000000120635,75.0,0.00167000000001849,293.0,0.0017300000000091131,780.0,GoogleMeet_video
0.0,102.0,0.0004249999999785814,99.0,0.0007090000000005148,101.0,0.0010839999999916472,91.0,0.001096999999987247,101.0,GoogleMeet_video
0.0,1035.0,6.5e-05,1035.0,0.000128,1035.0,0.000197,1035.0,0.00026,1035.0,GoogleMeet_video
0.0,613.0,0.001765,110.0,0.0018609999999999998,844.0,0.004813,217.0,0.006803,854.0,GoogleMeet_video
0.0,119.0,0.000133,1204.0,0.00033,1204.0,0.00051,1204.0,0.000639,1204.0,GoogleMeet_video
0.0,953.0,0.0038789999999999996,103.0,0.006601999999999999,770.0,0.007326999999999999,129.0,0.007619999999999999,658.0,GoogleMeet_video
0.0,119.0,8.2e-05,962.0,0.000132,963.0,0.000212,963.0,0.001414,126.0,GoogleMeet_video
0.0,1183.0,5.9999999999999995e-05,1195.0,0.00019300000000000003,1195.0,0.000227,1191.0,0.000625,1144.0,GoogleMeet_video
0.0,1102.0,9.3e-05,1102.0,0.000383,827.0,0.000438,827.0,0.002994,1127.0,GoogleMeet_video
0.0,1212.0,7.100000000000002e-05,1212.0,0.000347,1068.0,0.00041,1068.0,0.000473,1068.0,GoogleMeet_video
0.0,106.0,0.000403,109.0,0.000665,996.0,0.000754,997.0,0.000826,997.0,GoogleMeet_video
0.0,724.0,0.0001460000000000003,740.0,0.0017169999999999998,83.0,0.0038070000000000005,823.0,0.006259,122.0,GoogleMeet_video
0.0,45.0,0.000106,695.0,0.000145,693.0,0.000204,1090.0,0.00026,1200.0,GoogleMeet_video
0.0,892.0,0.0001660000000001105,909.0,0.000344000000000122,162.0,0.0008099999999999774,907.0,0.0013860000000001094,353.0,GoogleMeet_video
0.0,107.0,0.000406,682.0,0.000548,111.0,0.000619,111.0,0.000769,946.0,GoogleMeet_video
0.0,742.0,2.4999999999941735e-05,759.0,0.00031199999999986794,145.0,0.0024489999999999235,770.0,0.002697999999999867,159.0,GoogleMeet_video
0.0,109.0,9.6e-05,1183.0,0.000168,1183.0,0.000244,1183.0,0.000313,1183.0,GoogleMeet_video
0.0,1167.0,0.00013299999999999998,1168.0,0.00022200000000000008,1168.0,0.00030099999999999994,1168.0,0.001862,752.0,GoogleMeet_video
0.0,123.0,0.000114,118.0,0.002029,108.0,0.002054,112.0,0.002092,112.0,GoogleMeet_video
0.0,108.0,0.00018099999999998673,107.0,0.0004889999999999617,102.0,0.0009649999999998826,101.0,0.0012639999999999318,111.0,GoogleMeet_video
0.0,70.0,0.0004930000000000767,72.0,0.0006590000000001872,73.0,0.0009259999999997603,74.0,0.000992000000000104,82.0,GoogleMeet_video
0.0,1191.0,0.0003120000000080836,1187.0,0.0003390000000109694,1187.0,0.0003659999999996444,1187.0,0.0004080000000072914,1187.0,GoogleMeet_video
0.0,103.0,0.0005770000000211439,103.0,0.9957800000000248,92.0,0.9969590000000039,90.0,0.9972100000000239,293.0,GoogleMeet_video
0.0,88.0,0.9950409999999863,82.0,0.9962639999999965,82.0,0.9974220000000003,85.0,0.9984800000000007,78.0,GoogleMeet_video
0.0,104.0,0.000236,106.0,0.000268,106.0,0.000345,104.0,0.000364,106.0,GoogleMeet_video
0.0,108.0,0.0005259999999998044,105.0,0.0014609999999999346,113.0,0.0018769999999999065,109.0,0.0020059999999997302,103.0,GoogleMeet_video
0.0,70.0,0.00021899999999996922,72.0,0.0013289999999996915,73.0,0.0014520000000000088,74.0,1.0035729999999998,74.0,GoogleMeet_video
0.0,1109.0,0.0002729999999999677,1129.0,0.001049000000001854,1129.0,0.001221999999998502,1129.0,0.0013030000000000541,1129.0,GoogleMeet_video
0.0,89.0,0.0003829999999993561,85.0,0.0051149999999893225,95.0,0.005842000000001235,92.0,0.005913999999989983,86.0,GoogleMeet_video
0.0,100.0,0.001760999999987689,104.0,0.005340999999987162,103.0,0.005688999999989619,101.0,0.005748999999980242,97.0,GoogleMeet_video
0.0,133.0,0.000139,1080.0,0.00064,123.0,0.000699,734.0,0.000754,732.0,GoogleMeet_video
0.0,716.0,5.199999999971894e-05,732.0,1.0054439999999998,781.0,1.005459,116.0,1.0057589999999998,905.0,GoogleMeet_video
0.0,502.0,0.000217,119.0,0.000663,109.0,0.0007,106.0,0.00088,599.0,GoogleMeet_video
0.0,274.0,0.003171,1114.0,0.0038190000000000003,1130.0,0.0038900000000000002,1130.0,0.003954,1130.0,GoogleMeet_video
0.0,109.0,0.000103,1155.0,0.00018,1155.0,0.000252,1155.0,0.000336,1155.0,GoogleMeet_video
0.0,90.0,0.007762,809.0,0.009125000000000001,192.0,0.009632,1074.0,0.011115,303.0,GoogleMeet_video
0.0,955.0,0.000279,632.0,0.000377,1071.0,0.001289,1080.0,0.001352,1080.0,GoogleMeet_video
0.0,719.0,0.000183,736.0,0.0039030000000000002,84.0,0.005613,823.0,0.005991,122.0,GoogleMeet_video
0.0,112.0,0.000324,109.0,0.000438,114.0,0.000655,110.0,0.000774,111.0,GoogleMeet_video
0.0,108.0,0.00026999999999999247,103.0,0.0005329999999998947,105.0,0.0009790000000000632,107.0,0.0010710000000000441,108.0,GoogleMeet_video
0.0,81.0,0.0005560000000000009,76.0,0.0006580000000000474,73.0,0.0007500000000000284,74.0,1.0031360000000005,74.0,GoogleMeet_video
0.0,1108.0,0.00013799999999974943,1128.0,0.00017199999999917281,1128.0,0.00044199999999960937,1128.0,0.0004899999999992133,1128.0,GoogleMeet_video
0.0,107.0,0.0009699999999952524,102.0,0.0017809999999940374,111.0,0.0020959999999945467,120.0,0.002441999999987843,122.0,GoogleMeet_video
0.0,100.0,0.0007179999999920028,100.0,0.001488999999992302,97.0,0.0015640000000018972,93.0,0.001843999999991297,89.0,GoogleMeet_video
0.0,116.0,4.8e-05,123.0,0.000361,120.0,0.000591,119.0,0.000625,119.0,GoogleMeet_video
0.0,104.0,0.0003599999999996939,98.0,0.0005929999999998437,101.0,0.0015369999999998996,102.0,0.001634999999999831,102.0,GoogleMeet_video
0.0,87.0,0.00020799999999976393,86.0,0.0004399999999997739,78.0,0.0014199999999999768,79.0,0.0014449999999999186,74.0,GoogleMeet_video
0.0,408.0,0.000240000000005125,410.0,0.000263000000003899,410.0,0.0002819999999985612,410.0,0.0004910000000108994,410.0,GoogleMeet_video
0.0,123.0,0.0005500000000040473,119.0,0.0010719999999935226,120.0,0.001829999999998222,125.0,0.001958999999999378,293.0,GoogleMeet_video
0.0,70.0,0.0003870000000034679,72.0,0.0011080000000021073,73.0,0.001497999999998001,74.0,0.0017760000000066611,74.0,GoogleMeet_video
0.0,111.0,0.000527,113.0,0.000673,111.0,0.000746,112.0,0.000813,112.0,GoogleMeet_video
0.0,715.0,0.000165,731.0,0.00030900000000000003,733.0,0.00036899999999999997,733.0,0.00043099999999999996,733.0,GoogleMeet_video
0.0,106.0,0.000191,1114.0,0.000308,1114.0,0.000568,1114.0,0.000664,1114.0,GoogleMeet_video
0.0,179.0,0.0001749999999999998,984.0,0.004527,226.0,0.00706,1190.0,0.009565,348.0,GoogleMeet_video
0.0,501.0,0.000112,107.0,0.000589,113.0,0.000694,366.0,0.00099,108.0,GoogleMeet_video
0.0,996.0,0.0029040000000000003,181.0,0.003994000000000001,771.0,0.005945000000000001,268.0,0.008064000000000002,722.0,GoogleMeet_video
0.0,129.0,0.00014,947.0,0.000231,121.0,0.000353,1122.0,0.000538,120.0,GoogleMeet_video
0.0,734.0,8.999999999970143e-05,750.0,0.0001129999999998077,752.0,0.0001349999999997742,752.0,0.00015799999999988046,752.0,GoogleMeet_video
0.0,110.0,0.000119,112.0,0.000356,112.0,0.000401,108.0,0.000812,107.0,GoogleMeet_voice
0.0,111.0,5.4e-05,113.0,9.4e-05,113.0,0.000139,122.0,0.000335,127.0,GoogleMeet_voice
0.0,112.0,5.9e-05,45.0,0.000907,117.0,0.001012,108.0,0.00106,105.0,GoogleMeet_voice
0.0,105.0,0.000191,108.0,0.000302,108.0,0.000341,107.0,0.000419,115.0,GoogleMeet_voice
0.0,114.0,0.000247,45.0,0.00098,113.0,0.001169,45.0,0.00157,111.0,GoogleMeet_voice
0.0,115.0,0.000101,117.0,0.000263,123.0,0.000441,118.0,0.000538,117.0,GoogleMeet_voice
0.0,115.0,0.000172,130.0,0.000211,115.0,0.000286,116.0,0.000357,113.0,GoogleMeet_voice
0.0,116.0,0.000195,45.0,0.000282,122.0,0.00036,113.0,0.000395,108.0,GoogleMeet_voice
0.0,113.0,0.000205,110.0,0.000277,112.0,0.00042,107.0,0.00051,121.0,GoogleMeet_voice
0.0,109.0,0.000317,45.0,0.000404,116.0,0.000483,112.0,0.000519,108.0,GoogleMeet_voice
0.0,126.0,6.4e-05,111.0,0.000107,115.0,0.000146,120.0,0.00022,128.0,GoogleMeet_voice
0.0,105.0,0.000308,45.0,0.001213,129.0,0.001251,112.0,0.00135,109.0,GoogleMeet_voice
0.0,110.0,0.000108,127.0,0.00015,106.0,0.000319,113.0,0.000353,113.0,GoogleMeet_voice
0.0,45.0,0.000312,115.0,0.000354,115.0,0.000376,113.0,0.000412,114.0,GoogleMeet_voice
0.0,114.0,5.9e-05,110.0,8.4e-05,112.0,0.000222,113.0,0.000266,110.0,GoogleMeet_voice
0.0,118.0,0.000108,45.0,0.002462,111.0,0.002847,115.0,0.002922,126.0,GoogleMeet_voice
0.0,104.0,2.2e-05,45.0,7.8e-05,133.0,0.000303,123.0,0.000329,125.0,GoogleMeet_voice
0.0,100.0,4.3e-05,101.0,0.000115,100.0,0.000156,103.0,0.000236,100.0,GoogleMeet_voice
0.0,108.0,0.000494,129.0,0.00126,115.0,0.001369,109.0,0.001518,115.0,GoogleMeet_voice
0.0,115.0,3.2e-05,110.0,0.000434,112.0,0.000472,120.0,0.000689,112.0,GoogleMeet_voice
0.0,113.0,0.000195,110.0,0.000267,103.0,0.000377,106.0,0.000415,108.0,GoogleMeet_voice
0.0,111.0,3.6e-05,45.0,0.000102,111.0,0.000292,108.0,0.00033,113.0,GoogleMeet_voice
0.0,114.0,4.6e-05,106.0,0.000101,103.0,0.000127,107.0,0.000155,108.0,GoogleMeet_voice
0.0,118.0,4.2e-05,114.0,7.9e-05,114.0,0.000115,109.0,0.000191,107.0,GoogleMeet_voice
0.0,111.0,7.8e-05,113.0,0.000222,112.0,0.000262,112.0,0.000331,117.0,GoogleMeet_voice
0.0,118.0,6.7e-05,117.0,0.000144,116.0,0.000323,114.0,0.000376,108.0,GoogleMeet_voice
0.0,115.0,0.000126,45.0,0.000176,120.0,0.000284,109.0,0.000387,113.0,GoogleMeet_voice
0.0,45.0,0.000125,124.0,0.000394,115.0,0.001456,107.0,0.001619,108.0,GoogleMeet_voice
0.0,115.0,9.7e-05,105.0,0.000137,45.0,0.000262,120.0,0.000409,128.0,GoogleMeet_voice
0.0,107.0,0.000324,128.0,0.000411,122.0,0.000516,111.0,0.000619,111.0,GoogleMeet_voice
0.0,110.0,3.7e-05,107.0,6.6e-05,106.0,0.000163,107.0,0.000385,117.0,GoogleMeet_voice
0.0,120.0,5.9e-05,123.0,0.000169,114.0,0.000412,117.0,0.00057,112.0,GoogleMeet_voice
0.0,106.0,0.000158,104.0,0.00028,104.0,0.000318,45.0,0.000804,113.0,GoogleMeet_voice
0.0,45.0,0.00096,115.0,0.00107,111.0,0.001157,113.0,0.001335,110.0,GoogleMeet_voice
0.0,109.0,0.000101,111.0,0.00037,112.0,0.000408,112.0,0.000442,112.0,GoogleMeet_voice
0.0,107.0,0.000112,45.0,0.000431,123.0,0.000507,109.0,0.000617,108.0,GoogleMeet_voice
0.0,120.0,0.000564,124.0,0.000606,113.0,0.000634,107.0,0.000664,114.0,GoogleMeet_voice
0.0,117.0,0.000342,117.0,0.000495,115.0,0.000635,116.0,0.000744,119.0,GoogleMeet_voice
0.0,80.0,0.000128,45.0,0.000716,80.0,0.000749,45.0,1.002295,79.0,GoogleMeet_voice
0.0,118.0,0.000528,121.0,0.001111,110.0,0.001134,115.0,0.001265,116.0,GoogleMeet_voice
0.0,83.0,5.4e-05,769.0,0.001078,158.0,1.00109,216.0,1.001197,63.0,Messenger_video
0.0,146.0,5.799999999989147e-05,650.0,8.499999999989072e-05,701.0,0.0003169999999999007,285.0,0.0004029999999999312,285.0,Messenger_video
0.0,285.0,0.00017399999999989646,182.0,0.000220000000000109,285.0,0.00025999999999992696,285.0,0.00038599999999999746,285.0,Messenger_video
0.0,892.0,9.6e-05,892.0,0.000134,889.0,0.000553,51.0,0.000678,1027.0,Messenger_video
0.0,44.0,0.0010659999999999999,49.0,0.001281,44.0,0.002052,157.0,0.002187,230.0,Messenger_video
0.0,83.0,2.8e-05,809.0,9.7e-05,810.0,0.001347,161.0,0.002149,219.0,Messenger_video
0.0,82.0,2.4999999999941735e-05,615.0,0.0007989999999999942,615.0,0.0008359999999998369,167.0,0.0010189999999998811,780.0,Messenger_video
0.0,285.0,2.800000000036107e-05,365.0,5.099999999913507e-05,285.0,7.400000000146179e-05,285.0,0.00011599999999845068,285.0,Messenger_video
0.0,285.0,4.500000000007276e-05,1060.0,0.00022099999999980469,53.0,0.0002649999999988495,1061.0,0.00035600000000002296,1061.0,Messenger_video
0.0,83.0,9.2e-05,662.0,0.000572,1120.0,0.002013,1152.0,0.002098,1152.0,Messenger_video
0.0,285.0,9.799999999993148e-05,907.0,0.00016899999999964166,907.0,0.00029799999999990945,285.0,0.00035799999999985843,285.0,Messenger_video
0.0,285.0,0.00017300000000020077,714.0,0.0004450000000000287,715.0,0.0006110000000001392,285.0,0.0007490000000003327,285.0,Messenger_video
0.0,83.0,5.9e-05,677.0,0.0001,765.0,0.000123,765.0,0.001213,159.0,Messenger_video
0.0,50.0,6.700000000003925e-05,83.0,0.00032399999999999096,1110.0,0.0018640000000000878,1110.0,0.0020219999999999683,1110.0,Messenger_video
0.0,285.0,0.0007530000000000037,879.0,0.001770999999999967,285.0,0.001791000000000098,285.0,0.001819000000000015,285.0,Messenger_video
0.0,285.0,0.00013599999999999984,285.0,0.001094,285.0,0.0014919999999999998,285.0,0.0015170000000000001,285.0,Messenger_video
0.0,1069.0,0.00012099999999999958,1069.0,0.00015999999999999955,159.0,0.00036399999999999974,1064.0,0.0005760000000000001,1170.0,Messenger_video
0.0,500.0,0.000224,285.0,0.000289,285.0,0.000359,285.0,0.000391,285.0,Messenger_video
0.0,824.0,6.099999999999999e-05,285.0,0.000128,285.0,0.00014500000000000003,285.0,0.00017800000000000002,285.0,Messenger_video
0.0,83.0,3.8e-05,888.0,7e-05,889.0,0.001611,162.0,0.001752,63.0,Messenger_video
0.0,86.0,3.999999999981796e-05,1164.0,0.00021899999999996922,134.0,0.0003319999999997769,285.0,0.0004550000000000942,285.0,Messenger_video
0.0,285.0,2.0000000000131024e-05,594.0,0.00010599999999971743,285.0,0.00015999999999971593,285.0,0.00021000000000004349,285.0,Messenger_video
0.0,83.0,5.1e-05,667.0,0.0001,646.0,0.00015,647.0,1.000512,63.0,Messenger_video
0.0,82.0,6.20000000000065e-05,988.0,0.0005439999999998779,149.0,1.001923,601.0,1.0023039999999999,162.0,Messenger_video
0.0,285.0,9.399999999981645e-05,866.0,0.0004889999999999617,70.0,0.0005049999999999777,285.0,0.0005319999999997549,285.0,Messenger_video
0.0,53.0,0.0007350000000001522,285.0,0.0010390000000000121,71.0,0.0010729999999998796,1132.0,0.0011299999999998533,285.0,Messenger_video
0.0,83.0,5.3e-05,637.0,0.000104,637.0,0.000416,63.0,0.000482,1150.0,Messenger_video
0.0,70.0,0.00024500000000005073,54.0,0.0009510000000001462,285.0,0.0023859999999999992,456.0,0.002441999999999833,675.0,Messenger_video
0.0,285.0,7.799999999980045e-05,346.0,0.00010500000000002174,285.0,0.00013199999999979894,285.0,0.00014699999999967517,285.0,Messenger_video
0.0,83.0,7.3e-05,822.0,0.000142,823.0,0.00119,160.0,0.001222,63.0,Messenger_video
0.0,285.0,1.7999999999851468e-05,194.0,5.499999999991623e-05,285.0,8.699999999994823e-05,285.0,0.0001289999999998237,285.0,Messenger_video
0.0,51.0,0.0001500000000000945,951.0,0.00022199999999994446,951.0,0.0012030000000000651,874.0,0.0012259999999999494,874.0,Messenger_video
0.0,285.0,5.699999999997374e-05,285.0,8.300000000005525e-05,285.0,0.00012500000000015277,285.0,0.00015399999999998748,285.0,Messenger_video
0.0,83.0,0.000446,843.0,0.000482,843.0,0.002152,160.0,0.003302,63.0,Messenger_video
0.0,177.0,0.0008900000000000574,177.0,0.0010270000000001112,177.0,0.0011840000000000739,177.0,0.0013609999999999456,82.0,Messenger_video
0.0,285.0,0.00015399999999998748,86.0,0.00021099999999996122,728.0,0.0002989999999998272,728.0,0.0005069999999998132,285.0,Messenger_video
0.0,83.0,0.000239,985.0,0.000879,986.0,0.001827,160.0,0.001908,63.0,Messenger_video
0.0,285.0,2.2000000000188535e-05,180.0,4.8000000000048004e-05,488.0,0.00025300000000005873,285.0,0.0002820000000001155,285.0,Messenger_video
0.0,285.0,7.599999999996498e-05,905.0,0.0003329999999999167,285.0,0.0005889999999999507,285.0,0.0008060000000000844,285.0,Messenger_video
0.0,161.0,2.2e-05,186.0,0.000118,185.0,0.000927,184.0,0.001994,163.0,Messenger_video
0.0,285.0,0.0002670000000000172,983.0,0.0003750000000000142,44.0,0.00042399999999997995,285.0,0.0004980000000001095,285.0,Messenger_video
0.0,285.0,0.00022400000000000198,220.0,0.0004850000000000687,412.0,0.0007190000000001362,285.0,0.0009200000000000319,285.0,Messenger_video
0.0,83.0,0.000226,982.0,0.000684,982.0,0.000711,843.0,0.000924,844.0,Messenger_video
0.0,104.0,7.300000000000015e-05,104.0,0.0005990000000000006,177.0,0.0007140000000000002,82.0,0.0007660000000000002,606.0,Messenger_video
0.0,285.0,4.80000000000003e-05,177.0,0.0001299999999999999,285.0,0.0002580000000000004,285.0,0.0004549999999999997,285.0,Messenger_video
0.0,170.0,0.000409,156.0,0.021333,170.0,0.021549,156.0,0.021649,63.0,Messenger_video
0.0,152.0,6.299999999992423e-05,86.0,0.0003220000000001555,1087.0,0.0006019999999997694,610.0,0.0010349999999998971,50.0,Messenger_video
0.0,475.0,0.0004739999999996414,820.0,0.0007329999999998726,1147.0,0.0007869999999998711,1147.0,0.0008259999999999934,1147.0,Messenger_video
0.0,52.0,0.0001929999999998877,52.0,0.0002510000000000012,616.0,0.00030399999999985994,617.0,0.0008010000000000517,992.0,Messenger_video
0.0,83.0,7.5e-05,707.0,0.002004,161.0,0.004455,209.0,0.005214,71.0,Messenger_video
0.0,82.0,5.199999999999996e-05,641.0,0.001202,161.0,0.0012589999999999997,642.0,0.0013479999999999994,571.0,Messenger_video
0.0,285.0,6.300000000000056e-05,362.0,0.00037899999999999913,285.0,0.0004099999999999989,285.0,0.0005819999999999992,53.0,Messenger_video
0.0,285.0,0.00028800000000000006,819.0,0.0004480000000000005,285.0,0.000678999999999999,285.0,0.0007880000000000005,285.0,Messenger_video
0.0,83.0,7.1e-05,1063.0,0.000147,1042.0,1.000575,161.0,1.001074,207.0,Messenger_video
0.0,285.0,0.00011999999999989797,163.0,0.000156000000000045,701.0,0.00021599999999999397,701.0,0.0004489999999999217,285.0,Messenger_video
0.0,52.0,0.0003670000000000062,285.0,0.0003929999999998657,201.0,0.00042199999999992244,285.0,0.0004999999999999449,285.0,Messenger_video
0.0,83.0,6e-05,919.0,9.4e-05,920.0,0.000134,1088.0,0.000195,1089.0,Messenger_video
0.0,511.0,8.299999999999974e-05,285.0,0.00014400000000000003,146.0,0.00017100000000000014,285.0,0.00020699999999999972,285.0,Messenger_video
0.0,48.0,0.00014400000000000003,44.0,0.00017200000000000028,555.0,1.003253,402.0,1.0032839999999998,403.0,Messenger_video
0.0,285.0,2.799999999991698e-05,637.0,0.00029300000000009874,637.0,0.00031500000000006523,285.0,0.00033199999999999896,285.0,Messenger_video
0.0,1115.0,0.008046,1112.0,0.008109,1001.0,0.00817,1001.0,0.00847,1001.0,Messenger_video
0.0,158.0,8.900000000000054e-05,292.0,0.00011300000000000025,289.0,0.0007299999999999997,194.0,0.0007550000000000005,446.0,Messenger_video
0.0,285.0,4.0000000000000105e-05,506.0,0.00011999999999999858,503.0,0.00033799999999999976,285.0,0.00040799999999999864,285.0,Messenger_video
0.0,285.0,5.599999999999876e-05,285.0,0.0002649999999999996,285.0,0.00031799999999999884,285.0,0.0003459999999999991,285.0,Messenger_video
0.0,83.0,0.000116,717.0,0.000145,717.0,0.00017,856.0,0.001621,856.0,Messenger_video
0.0,50.0,0.00010900000000013677,285.0,0.0001580000000001025,523.0,0.0017720000000001068,285.0,0.0019000000000000128,285.0,Messenger_video
0.0,285.0,4.999999999988347e-05,187.0,9.399999999981645e-05,733.0,0.00012399999999979094,285.0,0.0001529999999998477,285.0,Messenger_video
0.0,83.0,0.000107,858.0,0.001731,158.0,0.001771,63.0,0.001953,1082.0,Messenger_video
0.0,285.0,3.8999999999999105e-05,285.0,6.699999999999935e-05,603.0,8.700000000000027e-05,195.0,0.00010899999999999972,285.0,Messenger_video
0.0,52.0,0.00018600000000001948,52.0,0.0009339999999999904,285.0,0.0011069999999999691,719.0,0.0012870000000000381,285.0,Messenger_video
0.0,83.0,2.3e-05,810.0,0.000424,63.0,0.00045,1085.0,0.00048,1085.0,Messenger_video
0.0,285.0,2.5000000000000716e-05,170.0,5.799999999999989e-05,794.0,0.00010399999999999993,285.0,1.001497,285.0,Messenger_video
0.0,52.0,0.0009660000000000224,52.0,0.0032010000000000094,285.0,0.0032569999999998434,180.0,0.003277999999999892,285.0,Messenger_video
0.0,285.0,0.00020600000000000002,285.0,0.0003219999999999998,285.0,0.0005500000000000006,285.0,0.000742,167.0,Messenger_video
0.0,285.0,1.7999999999999787e-05,375.0,7.699999999999981e-05,285.0,0.00010600000000000019,285.0,0.00013699999999999997,285.0,Messenger_video
0.0,161.0,0.000413,295.0,0.000446,292.0,0.000556,199.0,0.000591,397.0,Messenger_video
0.0,873.0,3.399999999999996e-05,873.0,0.00013199999999999996,870.0,0.0003709999999999998,1013.0,0.0004320000000000001,1013.0,Messenger_video
0.0,285.0,0.00016300000000000038,227.0,0.00024300000000000016,209.0,0.00027300000000000024,285.0,0.0003190000000000003,285.0,Messenger_video
0.0,49.0,0.00011699999999999992,285.0,0.0002539999999999999,724.0,0.00031599999999999944,285.0,0.0003489999999999995,285.0,Messenger_video
0.0,83.0,6.6e-05,874.0,0.000215,874.0,0.001805,159.0,0.00248,63.0,Messenger_video
0.0,285.0,8.799999999986596e-05,790.0,0.0005629999999998692,217.0,0.0007439999999998559,285.0,0.0007909999999999862,285.0,Messenger_video
0.0,285.0,0.00021100000000018326,49.0,0.00022500000000014175,86.0,0.000524000000000191,781.0,0.0009330000000000727,782.0,Messenger_video
0.0,955.0,0.001908,955.0,0.00215,951.0,0.002276,992.0,0.002393,992.0,Messenger_video
0.0,302.0,2.999999999999997e-05,144.0,5.999999999999994e-05,299.0,0.0007070000000000001,360.0,0.000728,200.0,Messenger_video
0.0,54.0,0.0003100000000000004,285.0,0.0005080000000000002,510.0,0.0005730000000000002,507.0,0.0006090000000000002,285.0,Messenger_video
0.0,285.0,3.300000000000004e-05,890.0,5.500000000000036e-05,285.0,7.700000000000068e-05,285.0,9.8e-05,285.0,Messenger_video
0.0,425.0,0.00027300000000000067,285.0,0.0003100000000000004,440.0,0.00033900000000000076,285.0,0.0003690000000000004,285.0,Messenger_video
0.0,1036.0,0.0006680000000000002,1089.0,0.011361,1036.0,0.011737999999999998,1089.0,0.011925999999999999,575.0,Messenger_video
0.0,83.0,4.1e-05,809.0,9.2e-05,809.0,0.000879,160.0,0.001339,190.0,Messenger_video
0.0,44.0,0.00010399999999988196,285.0,0.00022700000000019926,803.0,0.00037399999999987443,285.0,0.0004020000000002355,285.0,Messenger_video
0.0,285.0,2.6000000000081513e-05,86.0,8.400000000019503e-05,1150.0,0.00034700000000009723,1150.0,0.0006829999999999892,1150.0,Messenger_video
0.0,83.0,6.100000000000007e-05,907.0,0.00019099999999999998,909.0,0.0003340000000000001,909.0,0.000392,910.0,Messenger_video
0.0,285.0,4.100000000000024e-05,209.0,6.299999999999969e-05,285.0,0.0006319999999999997,285.0,0.0006760000000000004,724.0,Messenger_video
0.0,285.0,0.0002620000000000001,289.0,0.0002989999999999998,285.0,0.0005969999999999994,285.0,0.0006249999999999997,285.0,Messenger_video
0.0,634.0,0.0002900000000000003,54.0,0.0004369999999999999,1159.0,0.0005160000000000008,369.0,0.0005509999999999994,175.0,Messenger_video
0.0,52.0,0.00011599999999999978,285.0,0.00016500000000000022,1075.0,0.00042799999999999956,1075.0,0.00047499999999999973,1075.0,Messenger_video
0.0,303.0,0.000721,300.0,0.00105,158.0,0.001184,445.0,0.001898,189.0,Messenger_video
0.0,983.0,0.0002540000000000003,983.0,0.00028800000000000006,978.0,0.00032200000000000024,1143.0,0.000415,1143.0,Messenger_video
0.0,285.0,0.0014570000000000416,612.0,0.00162299999999993,610.0,0.00178300000000009,285.0,0.0018050000000000566,285.0,Messenger_video
0.0,285.0,2.9000000000056758e-05,617.0,5.300000000008076e-05,615.0,0.00010599999999993948,285.0,0.00024599999999996847,285.0,Messenger_video
0.0,1016.0,0.000202,159.0,0.000414,1067.0,0.000461,1065.0,0.000498,811.0,Messenger_video
0.0,124.0,0.0013020000000000002,285.0,0.0014990000000000003,303.0,0.0015250000000000003,285.0,0.0021630000000000004,285.0,Messenger_video
0.0,285.0,4.19999999999995e-05,1096.0,6.299999999999969e-05,285.0,7.900000000000008e-05,285.0,0.00026900000000000014,285.0,Messenger_video
0.0,159.0,0.000862,86.0,0.000917,717.0,0.001211,718.0,0.00203,205.0,Messenger_video
0.0,83.0,7.500000000000001e-05,909.0,0.0017360000000000001,162.0,0.002193,62.0,1.004035,52.0,Messenger_video
0.0,285.0,5.199999999994098e-05,645.0,0.00010599999999993948,285.0,0.00025399999999997647,217.0,0.0003910000000000302,285.0,Messenger_video
0.0,285.0,0.000164000000000053,930.0,0.00042999999999993044,930.0,0.0007209999999999717,930.0,0.0008390000000000342,931.0,Messenger_video
0.0,788.0,0.001467,184.0,0.001664,1162.0,0.002141,191.0,0.003738,938.0,Messenger_video
0.0,64.0,0.00021799999999999988,71.0,0.0003029999999999999,1168.0,0.00040799999999999994,1168.0,0.00051,1168.0,Messenger_video
0.0,285.0,0.0002180000000000003,235.0,0.0002890000000000002,285.0,0.0004090000000000005,215.0,0.0005180000000000002,285.0,Messenger_video
0.0,285.0,8.399999999999987e-05,342.0,0.0002279999999999999,285.0,0.000268,285.0,0.0003080000000000001,285.0,Messenger_video
0.0,300.0,4.8e-05,298.0,0.000157,160.0,0.001919,385.0,0.00197,191.0,Messenger_video
0.0,1069.0,7.200000000000002e-05,1069.0,0.0001380000000000001,1064.0,0.00020799999999999985,1170.0,0.000255,1170.0,Messenger_video
0.0,617.0,5.400000000000023e-05,615.0,0.0003049999999999997,285.0,0.0004019999999999996,285.0,0.0009880000000000002,285.0,Messenger_video
0.0,285.0,0.00014300000000000077,817.0,0.0005450000000000003,285.0,0.0005789999999999997,285.0,0.0005940000000000008,285.0,Messenger_video
0.0,83.0,0.001307,975.0,0.006353,161.0,0.006517,63.0,0.006545,1133.0,Messenger_video
0.0,285.0,0.00017900000000000034,165.0,0.0002510000000000012,285.0,0.0003210000000000001,285.0,0.00037500000000000033,776.0,Messenger_video
0.0,53.0,1.000426,285.0,1.000577,1135.0,1.000646,285.0,1.000747,285.0,Messenger_video
0.0,73.0,6.4e-05,1116.0,0.000104,1116.0,0.00014,1116.0,0.000181,1116.0,Messenger_video
0.0,73.0,6.69999999999999e-05,1091.0,0.00017699999999999997,1091.0,0.00021099999999999992,1092.0,0.0002989999999999999,1092.0,Messenger_video
0.0,285.0,0.000132,285.0,0.00015,285.0,0.000229,285.0,0.000299,285.0,Messenger_video
0.0,921.0,0.0006250000000000001,994.0,0.0006490000000000001,994.0,0.0006740000000000001,52.0,0.0014789999999999998,52.0,Messenger_video
0.0,83.0,5.6e-05,576.0,0.008522,173.0,0.008618,213.0,0.008645,63.0,Messenger_video
0.0,285.0,7.80000000000225e-05,285.0,0.00013499999999999623,694.0,0.000284000000000173,285.0,0.0003290000000000237,285.0,Messenger_video
0.0,53.0,0.00020500000000001073,53.0,0.0038049999999998363,52.0,0.003873999999999933,285.0,0.0038959999999998995,86.0,Messenger_video
0.0,83.0,5.5e-05,649.0,0.000105,649.0,0.000164,915.0,0.000271,915.0,Messenger_video
0.0,285.0,8.09999999997757e-05,285.0,0.0001289999999998237,285.0,0.0002420000000000755,285.0,0.0002740000000001075,51.0,Messenger_video
0.0,285.0,6.199999999978445e-05,86.0,0.00010599999999971743,929.0,0.0002830000000000332,929.0,0.00037799999999998946,171.0,Messenger_video
0.0,83.0,7.3e-05,823.0,0.00014,824.0,0.001658,161.0,0.002441,63.0,Messenger_video
0.0,285.0,5.0999999999801204e-05,851.0,0.0013159999999998728,67.0,0.0014609999999999346,285.0,0.0019799999999998708,285.0,Messenger_video
0.0,53.0,0.0009060000000000734,285.0,0.0018020000000000813,86.0,0.002539000000000069,710.0,0.002961999999999909,710.0,Messenger_video
0.0,180.0,0.0007979999999999999,185.0,0.001504,158.0,0.0017,49.0,0.002098,44.0,Messenger_voice
0.0,159.0,0.0011790000000000001,49.0,0.0013100000000000002,44.0,0.002393,49.0,0.0024920000000000003,44.0,Messenger_voice
0.0,44.0,0.000222,49.0,0.000236,44.0,0.000586,50.0,0.000864,53.0,Messenger_voice
0.0,48.0,3.0999999999999995e-05,44.0,9.600000000000003e-05,48.0,0.00027499999999999996,44.0,1.002683,49.0,Messenger_voice
0.0,207.0,0.00040200000000001346,177.0,0.0006369999999999987,160.0,0.0007360000000000699,48.0,0.0010689999999999866,44.0,Messenger_voice
0.0,158.0,0.00025300000000005873,49.0,0.00036400000000003097,44.0,0.001060000000000061,49.0,1.003463,44.0,Messenger_voice
0.0,152.0,0.000104,196.0,0.000395,182.0,0.000751,167.0,0.000767,196.0,Messenger_voice
0.0,202.0,0.00011899999999999997,180.0,0.50254,202.0,0.502656,180.0,0.5026970000000001,165.0,Messenger_voice
0.0,155.0,3.500000000000725e-05,48.0,4.700000000001925e-05,44.0,0.500053,155.0,0.5001639999999999,48.0,Messenger_voice
0.0,164.0,0.000363,190.0,0.001105,179.0,0.001332,167.0,0.002069,49.0,Messenger_voice
0.0,68.0,0.000629,48.0,0.0010969999999999999,44.0,0.001991,132.0,0.002088,135.0,Messenger_voice
0.0,54.0,0.3435990000000011,54.0,0.3440739999999991,54.0,1.002675,54.0,1.0034390000000002,55.0,Messenger_voice
0.0,54.0,0.6585440000000027,54.0,0.6591130000000014,53.0,0.6593550000000015,53.0,0.6601820000000025,54.0,Messenger_voice
0.0,182.0,1.0006519999999999,160.0,1.0013379999999998,49.0,1.001688,44.0,1.00239,49.0,Messenger_voice
0.0,148.0,0.00019199999999996997,50.0,0.0004509999999999792,44.0,0.004342999999999986,49.0,0.0043679999999999275,44.0,Messenger_voice
0.0,157.0,1.5e-05,178.0,1.002091,187.0,1.002223,179.0,1.002265,202.0,Messenger_voice
0.0,49.0,0.00047200000000025,44.0,0.001803000000000221,189.0,0.0018740000000003754,166.0,0.0019320000000000448,189.0,Messenger_voice
0.0,221.0,0.00010099999999990672,235.0,0.000172000000000061,217.0,1.0029179999999993,66.0,1.0031379999999999,54.0,Messenger_voice
0.0,168.0,0.0001900000000001345,166.0,0.0003969999999999807,49.0,0.0006360000000000809,44.0,0.0010270000000001112,48.0,Messenger_voice
0.0,181.0,0.0002709999999999102,64.0,0.0003709999999998992,52.0,0.0007829999999999782,52.0,0.0008690000000000087,52.0,Messenger_voice
0.0,157.0,1.5e-05,48.0,2.8e-05,44.0,0.000329,50.0,0.001044,44.0,Messenger_voice
0.0,146.0,0.00010699999999985721,158.0,0.00032999999999994145,150.0,0.0003789999999999072,147.0,1.003637,49.0,Messenger_voice
0.0,50.0,0.00010599999999971743,53.0,0.00023899999999965615,53.0,0.0003859999999997754,53.0,0.0008539999999994663,52.0,Messenger_voice
0.0,158.0,3.9e-05,185.0,0.000187,191.0,0.000388,164.0,0.000451,48.0,Messenger_voice
0.0,44.0,0.0002619999999997624,155.0,0.0004299999999997084,180.0,0.0004969999999997476,148.0,0.0005619999999999514,48.0,Messenger_voice
0.0,206.0,0.0003599999999996939,232.0,0.0005790000000001072,305.0,0.0006740000000000634,280.0,0.0007929999999998216,258.0,Messenger_voice
0.0,159.0,0.000363,184.0,0.001517,187.0,0.001714,166.0,0.001838,162.0,Messenger_voice
0.0,51.0,0.000140000000000029,44.0,0.00131099999999984,48.0,0.0015419999999997103,44.0,0.002491000000000021,49.0,Messenger_voice
0.0,50.0,1.3000000000040757e-05,44.0,0.00042099999999978266,168.0,0.0007730000000001347,148.0,0.0007999999999999119,149.0,Messenger_voice
0.0,53.0,0.000426,53.0,0.001671,258.0,0.001774,245.0,0.002067,252.0,Messenger_voice
0.0,57.0,0.000705,57.0,0.002168,54.0,0.002299,54.0,0.002687,54.0,Messenger_voice
0.0,214.0,0.0005030000000001422,190.0,0.0007810000000001427,203.0,0.0007960000000000189,208.0,0.0008120000000000349,212.0,Messenger_voice
0.0,153.0,0.00012500000000015277,50.0,1.0023620000000002,44.0,1.0029400000000002,165.0,1.002999,173.0,Messenger_voice
0.0,149.0,0.000258,195.0,0.00069,189.0,0.000781,169.0,0.000798,165.0,Messenger_voice
0.0,149.0,0.00015799999999988046,51.0,0.0006880000000000219,44.0,0.0013879999999999448,49.0,0.0018579999999999153,44.0,Messenger_voice
0.0,51.0,0.0007189999999999142,44.0,0.0011090000000000266,51.0,1.003955,44.0,1.0041250000000002,249.0,Messenger_voice
0.0,161.0,0.000403,195.0,0.000455,179.0,0.000483,162.0,0.000571,185.0,Messenger_voice
0.0,51.0,0.0004310000000000702,44.0,0.00100800000000012,51.0,0.0014140000000000263,44.0,1.0038850000000001,52.0,Messenger_voice
0.0,51.0,0.00044400000000011097,44.0,0.0010140000000000704,51.0,0.001414999999999944,44.0,1.003884,53.0,Messenger_voice
0.0,48.0,1.3000000000040757e-05,44.0,0.0025180000000000202,49.0,0.0026850000000000485,44.0,1.0051459999999999,48.0,Messenger_voice
0.0,159.0,0.0008109999999998951,49.0,0.0008479999999999599,44.0,1.0034519999999998,48.0,1.003564,44.0,Messenger_voice
0.0,160.0,0.00033,172.0,0.000513,169.0,0.000778,166.0,0.001069,173.0,Messenger_voice
0.0,51.0,0.000360000000000138,44.0,0.0019280000000001518,49.0,0.0021450000000000635,44.0,1.0049750000000002,49.0,Messenger_voice
0.0,107.0,0.0005899999999998684,52.0,0.0007749999999999702,180.0,0.0012539999999998663,163.0,0.0012710000000000221,163.0,Messenger_voice
0.0,183.0,0.000234,172.0,0.000576,191.0,0.00107,173.0,0.001438,165.0,Messenger_voice
0.0,49.0,6.2e-05,44.0,0.002124,48.0,0.002431,44.0,1.004793,49.0,Messenger_voice
0.0,166.0,0.0005779999999999674,161.0,0.0010280000000000289,49.0,0.0014009999999999856,44.0,0.0019399999999998307,48.0,Messenger_voice
0.0,152.0,0.0004939999999999944,50.0,0.0008179999999999854,44.0,0.001503000000000032,51.0,0.00158299999999989,44.0,Messenger_voice
0.0,48.0,1.001409,173.0,1.001494,164.0,1.001573,183.0,1.001778,167.0,Messenger_voice
0.0,49.0,0.00011600000000000499,44.0,0.0010930000000000106,48.0,0.0011559999999999349,44.0,0.0015579999999999483,49.0,Messenger_voice
0.0,160.0,0.0014230000000001741,48.0,0.001695000000000002,44.0,0.0022340000000000693,48.0,0.002667000000000197,44.0,Messenger_voice
0.0,175.0,9.199999999998099e-05,173.0,0.0002420000000000755,218.0,0.0003029999999999422,219.0,0.0004889999999999617,193.0,Messenger_voice
0.0,139.0,6.0999999999999965e-05,50.0,0.00014000000000000004,44.0,1.0005840000000001,171.0,1.00136,163.0,Messenger_voice
0.0,163.0,5.9000000000000025e-05,48.0,0.00013900000000000002,44.0,1.0002250000000001,188.0,1.001141,185.0,Messenger_voice
0.0,164.0,3.7e-05,49.0,7.8e-05,175.0,0.000151,178.0,0.000372,161.0,Messenger_voice
0.0,49.0,9.300000000000004e-05,44.0,0.0008649999999999999,48.0,0.0009,44.0,1.004594,49.0,Messenger_voice
0.0,223.0,0.0003820000000000002,209.0,0.0005660000000000001,166.0,0.0007310000000000001,163.0,0.9991559999999999,49.0,Messenger_voice
0.0,154.0,0.0026850000000000485,49.0,0.0027410000000001045,44.0,0.003466999999999887,49.0,0.00351799999999991,44.0,Messenger_voice
0.0,171.0,0.001812,163.0,0.0020350000000000004,206.0,0.0022180000000000004,157.0,0.0023559999999999996,49.0,Messenger_voice
0.0,157.0,3.700000000000014e-05,49.0,6.300000000000012e-05,44.0,1.0069439999999998,49.0,1.007016,44.0,Messenger_voice
0.0,48.0,0.0008699999999999997,44.0,0.0023599999999999997,48.0,0.0025080000000000002,44.0,0.002559,173.0,Messenger_voice
0.0,153.0,0.000892,159.0,0.001654,48.0,0.0019169999999999999,44.0,0.0024,49.0,Messenger_voice
0.0,177.0,0.0003,181.0,0.0004,179.0,1.001686,177.0,1.002014,211.0,Messenger_voice
0.0,141.0,0.00014599999999997948,49.0,0.00021899999999996922,44.0,0.0004450000000000287,48.0,1.0017960000000001,44.0,Messenger_voice
0.0,165.0,8.499999999989072e-05,185.0,0.00014399999999992197,214.0,0.00015699999999996272,204.0,0.00018099999999998673,175.0,Messenger_voice
0.0,182.0,2.6000000000081513e-05,181.0,0.0004290000000000127,152.0,0.00045600000000001195,49.0,0.0006170000000000897,181.0,Messenger_voice
0.0,48.0,0.0004049999999999887,44.0,0.0006540000000001545,208.0,0.0006850000000000467,199.0,0.000740000000000185,159.0,Messenger_voice
0.0,159.0,1.000817,49.0,1.000936,182.0,1.001047,165.0,1.001097,50.0,Messenger_voice
0.0,162.0,0.00012199999999973343,48.0,0.00037799999999998946,44.0,1.0013709999999998,49.0,1.00144,44.0,Messenger_voice
0.0,48.0,9.999999999976694e-05,51.0,1.0014229999999995,50.0,1.0015509999999996,50.0,1.0019810000000002,269.0,Messenger_voice
0.0,163.0,0.00015600000000000032,48.0,0.000268,44.0,1.002207,49.0,1.002221,44.0,Messenger_voice
0.0,152.0,1.0015260000000001,48.0,1.0015610000000001,44.0,1.0022630000000001,49.0,1.002745,44.0,Messenger_voice
0.0,186.0,0.00046500000000000014,207.0,0.0006650000000000002,169.0,0.0008490000000000004,158.0,0.0008840000000000002,48.0,Messenger_voice
0.0,49.0,4.9e-05,44.0,1.0046519999999999,48.0,1.004686,44.0,1.0058589999999998,49.0,Messenger_voice
0.0,184.0,0.000159,189.0,0.000233,167.0,0.000315,172.0,0.000399,156.0,Messenger_voice
0.0,252.0,0.000118,197.0,0.00044699999999999997,254.0,0.0005530000000000001,62.0,0.000675,52.0,Messenger_voice
0.0,279.0,0.000188,304.0,0.000423,253.0,0.000515,264.0,0.001249,271.0,Messenger_voice
0.0,52.0,0.000255,52.0,0.0021119999999999997,52.0,0.002273,52.0,0.003243,52.0,Messenger_voice
0.0,48.0,0.000255,44.0,1.0029190000000001,48.0,1.003126,44.0,1.0041660000000001,51.0,Messenger_voice
0.0,49.0,0.0002390000000000005,44.0,0.00028200000000000013,166.0,1.001494,165.0,1.002366,49.0,Messenger_voice
0.0,49.0,0.0010890000000000006,44.0,0.0026680000000000002,48.0,0.0027740000000000004,44.0,1.004966,171.0,Messenger_voice
0.0,44.0,0.001478000000000001,177.0,0.0015859999999999997,174.0,0.001693000000000001,163.0,0.001766000000000001,186.0,Messenger_voice
0.0,158.0,0.000409,173.0,0.000426,169.0,0.000496,162.0,1.003086,181.0,Messenger_voice
0.0,44.0,0.00039400000000000546,49.0,0.0004250000000001197,44.0,1.00216,48.0,1.0022220000000002,44.0,Messenger_voice
0.0,48.0,0.00022900000000003473,44.0,0.0003049999999999997,179.0,0.000336000000000114,194.0,0.0003660000000000885,166.0,Messenger_voice
0.0,44.0,0.0011909999999999994,198.0,1.000945,172.0,1.000999,161.0,1.00115,48.0,Messenger_voice
0.0,49.0,0.00014599999999997948,44.0,0.0010410000000000696,49.0,0.001092000000000093,44.0,0.002962000000000131,50.0,Messenger_voice
0.0,157.0,1.002696,185.0,1.002964,176.0,1.003002,174.0,1.003205,163.0,Messenger_voice
0.0,49.0,1.000607,44.0,1.0006910000000002,174.0,1.0007489999999999,163.0,1.0008530000000002,49.0,Messenger_voice
0.0,48.0,7.00000000000145e-05,44.0,0.0004349999999999632,49.0,0.0004949999999999122,44.0,0.0011410000000000586,49.0,Messenger_voice
0.0,155.0,0.0002890000000000002,187.0,0.0004550000000000001,163.0,0.0005640000000000003,166.0,0.0008850000000000004,48.0,Messenger_voice
0.0,175.0,0.0002660000000000002,214.0,0.0005560000000000001,179.0,0.0010370000000000002,165.0,0.0011940000000000006,50.0,Messenger_voice
0.0,44.0,1.004605,48.0,1.0051240000000001,44.0,1.006143,49.0,1.0065840000000001,44.0,Messenger_voice
0.0,168.0,0.00014999999999987246,165.0,0.0004429999999999712,184.0,0.0006129999999999747,162.0,0.0008870000000000822,49.0,Messenger_voice
0.0,1004.0,7.3e-05,1000.0,0.000141,1000.0,0.000235,1000.0,0.000273,992.0,WhatsApp_video
0.0,39.0,1.9999999999999998e-05,33.0,7.900000000000002e-05,1044.0,0.000116,1040.0,0.00016700000000000005,1040.0,WhatsApp_video
0.0,977.0,0.000124,977.0,0.000201,973.0,0.001265,1012.0,0.001299,1008.0,WhatsApp_video
0.0,968.0,0.0007869999999999999,968.0,0.000861,965.0,0.00089,999.0,0.000918,991.0,WhatsApp_video
0.0,1046.0,8.8e-05,1042.0,0.000186,1042.0,0.000257,1036.0,0.00038,975.0,WhatsApp_video
0.0,850.0,9.30000000000002e-05,846.0,0.00016700000000000005,846.0,0.000255,841.0,0.0010050000000000003,1035.0,WhatsApp_video
0.0,904.0,7.2e-05,900.0,0.000137,900.0,0.000201,896.0,0.000346,987.0,WhatsApp_video
0.0,1032.0,6.700000000000022e-05,1028.0,0.00013200000000000017,1028.0,0.000196,1028.0,0.0002620000000000001,1022.0,WhatsApp_video
0.0,861.0,6.5e-05,853.0,0.000128,848.0,0.001375,778.0,0.001447,774.0,WhatsApp_video
0.0,567.0,5.400000000000001e-05,561.0,0.000634,784.0,0.000696,777.0,0.001326,1016.0,WhatsApp_video
0.0,957.0,6.3e-05,953.0,0.00011,949.0,0.000763,280.0,0.000815,967.0,WhatsApp_video
0.0,875.0,7.399999999999996e-05,868.0,0.00087,1071.0,0.0009019999999999999,1063.0,0.0009509999999999999,1063.0,WhatsApp_video
0.0,917.0,6.9e-05,913.0,0.000141,913.0,0.000207,907.0,0.000323,675.0,WhatsApp_video
0.0,260.0,1.000956,934.0,1.0010249999999998,930.0,1.0010919999999999,930.0,1.001158,926.0,WhatsApp_video
0.0,976.0,6.9e-05,972.0,0.000144,972.0,0.000179,966.0,0.000297,888.0,WhatsApp_video
0.0,1009.0,3.700000000000003e-05,1005.0,8.300000000000007e-05,1005.0,0.00013100000000000004,1005.0,0.00020700000000000004,996.0,WhatsApp_video
0.0,785.0,8.5e-05,778.0,0.000496,968.0,0.000644,964.0,0.000784,964.0,WhatsApp_video
0.0,943.0,6.799999999999992e-05,937.0,0.0003150000000000002,947.0,0.000379,943.0,0.0004450000000000001,943.0,WhatsApp_video
0.0,944.0,0.000349,940.0,0.000551,940.0,0.000634,940.0,0.000778,940.0,WhatsApp_video
0.0,805.0,2.8000000000000247e-05,801.0,5.6000000000000494e-05,796.0,0.00011099999999999999,59.0,0.0003839999999999998,936.0,WhatsApp_video
0.0,985.0,0.000218,981.0,0.000299,981.0,0.000389,975.0,0.000643,819.0,WhatsApp_video
0.0,877.0,0.00010999999999999985,873.0,0.00014999999999999996,869.0,0.000984,856.0,0.00102,852.0,WhatsApp_video
0.0,913.0,6.5e-05,909.0,0.000127,909.0,0.000193,909.0,0.000255,900.0,WhatsApp_video
0.0,887.0,7.799999999999994e-05,879.0,0.00018400000000000014,875.0,0.002108,898.0,0.002205,894.0,WhatsApp_video
0.0,928.0,8.099999999999948e-05,917.0,0.9972829999999999,930.0,0.9974259999999999,923.0,0.9974989999999999,882.0,WhatsApp_video
0.0,785.0,3.999999999848569e-05,36.0,0.0011659999999995563,980.0,0.0012689999999988544,980.0,0.0013339999999999463,980.0,WhatsApp_video
0.0,916.0,6.8e-05,912.0,0.000147,912.0,0.000215,912.0,0.000372,904.0,WhatsApp_video
0.0,1016.0,0.00016000000000000042,1012.0,0.00029600000000000026,1012.0,0.00046299999999999987,1006.0,0.001177,1025.0,WhatsApp_video
0.0,973.0,6.9e-05,969.0,0.000188,969.0,0.000256,969.0,0.000341,969.0,WhatsApp_video
0.0,60.0,0.0006380000000000001,1012.0,0.0007079999999999999,1006.0,0.0009350000000000001,29.0,0.0010769999999999998,739.0,WhatsApp_video
0.0,1083.0,7.5e-05,1079.0,0.000152,1079.0,0.000225,1042.0,0.00139,817.0,WhatsApp_video
0.0,1023.0,8.300000000000017e-05,1019.0,0.00017,1014.0,0.0005180000000000002,936.0,0.0006250000000000001,932.0,WhatsApp_video
0.0,881.0,0.000207,873.0,0.000346,873.0,0.000403,873.0,0.000459,867.0,WhatsApp_video
0.0,1022.0,5.9000000000000025e-05,1018.0,0.0001749999999999998,1018.0,0.0002469999999999998,1014.0,0.00032799999999999973,145.0,WhatsApp_video
0.0,1004.0,6e-05,1000.0,0.001125,1000.0,0.001249,996.0,0.001424,972.0,WhatsApp_video
0.0,998.0,3.4000000000000176e-05,994.0,7.200000000000002e-05,994.0,0.00010300000000000023,989.0,0.0003780000000000003,815.0,WhatsApp_video
0.0,749.0,9.4e-05,743.0,0.000997,1059.0,0.001068,1055.0,0.001137,1055.0,WhatsApp_video
0.0,938.0,6.600000000000009e-05,927.0,0.0002639999999999999,58.0,0.0003340000000000001,971.0,0.00040300000000000015,967.0,WhatsApp_video
0.0,868.0,0.000156,864.0,0.000251,864.0,0.000326,864.0,0.000553,864.0,WhatsApp_video
0.0,255.0,0.0005869999999999998,844.0,0.0006609999999999997,840.0,0.0007279999999999999,840.0,0.0008089999999999998,840.0,WhatsApp_video
0.0,917.0,6.6e-05,913.0,0.00013,913.0,0.000194,908.0,0.000312,1037.0,WhatsApp_video
0.0,884.0,6.899999999999983e-05,880.0,0.0001299999999999999,876.0,0.001026,72.0,0.0014189999999999997,944.0,WhatsApp_video
0.0,928.0,7.1e-05,924.0,0.000141,924.0,0.000205,917.0,0.000321,783.0,WhatsApp_video
0.0,948.0,8.59999999999997e-05,944.0,0.0001519999999999998,944.0,0.00021600000000000005,939.0,0.0005429999999999996,62.0,WhatsApp_video
0.0,1032.0,8.2e-05,1026.0,0.000218,984.0,0.000296,980.0,0.000374,980.0,WhatsApp_video
0.0,1059.0,8.5e-05,1053.0,0.0003740000000000002,1028.0,0.00045200000000000014,1024.0,0.0005319999999999999,1024.0,WhatsApp_video
0.0,976.0,0.000127,972.0,0.000258,969.0,0.000688,945.0,0.000788,941.0,WhatsApp_video
0.0,1045.0,5.200000000000002e-05,1033.0,0.000169,1029.0,0.000241,37.0,0.00031499999999999996,33.0,WhatsApp_video
0.0,885.0,9.2e-05,881.0,0.000167,881.0,0.00024,881.0,0.000314,875.0,WhatsApp_video
0.0,968.0,6.600000000000009e-05,961.0,0.0003389999999999999,72.0,0.0006039999999999999,1034.0,0.0006789999999999999,1027.0,WhatsApp_video
0.0,970.0,4.1e-05,966.0,8.1e-05,966.0,0.000121,962.0,0.000878,858.0,WhatsApp_video
0.0,925.0,3.600000000000001e-05,921.0,7.299999999999993e-05,921.0,0.00011499999999999987,921.0,0.00015099999999999988,916.0,WhatsApp_video
0.0,503.0,0.000171,603.0,0.00021,597.0,0.000351,74.0,0.001864,565.0,WhatsApp_video
0.0,84.0,0.000486,955.0,0.000546,963.0,0.000605,951.0,0.000762,951.0,WhatsApp_video
0.0,837.0,6.8e-05,833.0,0.000135,833.0,0.000202,826.0,0.000798,950.0,WhatsApp_video
0.0,1079.0,4.6000000000000034e-05,1075.0,8.600000000000003e-05,1075.0,0.00011800000000000005,1047.0,0.00035800000000000003,980.0,WhatsApp_video
0.0,1079.0,9.1e-05,1075.0,0.000159,1075.0,0.000227,1075.0,0.000295,1061.0,WhatsApp_video
0.0,66.0,0.00047000000000000004,29.0,0.0013929999999999997,71.0,0.0015999999999999999,674.0,0.0016259999999999998,667.0,WhatsApp_video
0.0,1060.0,0.000281,1056.0,0.001413,1051.0,0.003218,883.0,0.003276,877.0,WhatsApp_video
0.0,1056.0,6.800000000000035e-05,1052.0,0.00012100000000000045,1052.0,0.00018200000000000074,1046.0,0.0006190000000000006,845.0,WhatsApp_video
0.0,54.0,3.9e-05,871.0,7.2e-05,867.0,0.000153,864.0,0.000769,727.0,WhatsApp_video
0.0,83.0,3.499999999999998e-05,960.0,6.7e-05,956.0,0.00016599999999999997,956.0,0.000207,956.0,WhatsApp_video
0.0,1027.0,3.6e-05,1023.0,6.3e-05,1023.0,9.4e-05,1019.0,0.000145,856.0,WhatsApp_video
0.0,962.0,6.599999999999998e-05,958.0,0.00012699999999999994,958.0,0.00023000000000000006,952.0,0.000496,1040.0,WhatsApp_video
0.0,900.0,4.5e-05,896.0,8.3e-05,896.0,0.000119,889.0,0.000372,837.0,WhatsApp_video
0.0,1035.0,0.00013400000000000044,1031.0,0.00020600000000000045,1031.0,0.0004220000000000005,1027.0,0.001457,66.0,WhatsApp_video
0.0,997.0,6.9e-05,993.0,0.000136,993.0,0.00032,993.0,0.000458,985.0,WhatsApp_video
0.0,972.0,4.300000000000007e-05,968.0,9.200000000000007e-05,968.0,0.00014400000000000003,962.0,0.0005209999999999998,62.0,WhatsApp_video
0.0,1083.0,8.4e-05,1079.0,0.000162,1079.0,0.000243,1079.0,0.000322,1079.0,WhatsApp_video
0.0,1000.0,8.699999999999984e-05,996.0,0.00018000000000000004,993.0,0.000454,826.0,0.0005140000000000001,820.0,WhatsApp_video
0.0,1057.0,3.9e-05,1053.0,8.5e-05,1053.0,0.000133,1047.0,0.001158,245.0,WhatsApp_video
0.0,989.0,3.600000000000001e-05,985.0,6.9e-05,985.0,0.00010100000000000002,985.0,0.000165,985.0,WhatsApp_video
0.0,1052.0,5.2e-05,1048.0,8.8e-05,1048.0,0.000132,1048.0,0.000174,1048.0,WhatsApp_video
0.0,964.0,3.700000000000003e-05,960.0,7.099999999999999e-05,957.0,0.000389,1063.0,0.00042200000000000007,1056.0,WhatsApp_video
0.0,1035.0,7.1e-05,1031.0,0.000141,1031.0,0.00021,1026.0,0.00062,877.0,WhatsApp_video
0.0,258.0,0.000662,1032.0,0.0007409999999999999,1028.0,0.000845,1028.0,0.0009270000000000001,1024.0,WhatsApp_video
0.0,930.0,7.8e-05,922.0,0.000211,922.0,0.000285,915.0,0.001528,74.0,WhatsApp_video
0.0,909.0,6.700000000000022e-05,902.0,0.0006740000000000001,718.0,0.0007400000000000002,711.0,0.0007790000000000002,62.0,WhatsApp_video
0.0,254.0,9.4e-05,270.0,0.000139,262.0,0.001433,118.0,0.001538,906.0,WhatsApp_video
0.0,835.0,6.100000000000007e-05,828.0,0.0002049999999999999,59.0,0.0006659999999999999,778.0,0.0006979999999999998,768.0,WhatsApp_video
0.0,980.0,8.4e-05,976.0,0.000211,976.0,0.000456,976.0,0.000668,971.0,WhatsApp_video
0.0,977.0,6.0999999999999856e-05,973.0,0.00011899999999999975,973.0,0.00019000000000000006,973.0,0.00024200000000000003,970.0,WhatsApp_video
0.0,46.0,0.00147,173.0,0.002464,104.0,0.002998,118.0,0.003605,71.0,WhatsApp_voice
0.0,56.0,0.0008320000000000001,110.0,0.001334,96.0,0.0015559999999999999,59.0,0.0018390000000000001,43.0,WhatsApp_voice
0.0,43.0,0.000991,43.0,0.001067,26.0,0.001803,26.0,0.001866,26.0,WhatsApp_voice
0.0,42.0,0.00039000000000000005,40.0,0.0010270000000000001,26.0,0.0014229999999999998,26.0,0.0016769999999999997,26.0,WhatsApp_voice
0.0,43.0,0.000296,59.0,0.000825,57.0,0.001337,56.0,0.001502,53.0,WhatsApp_voice
0.0,43.0,0.000136,43.0,0.001106,26.0,0.001271,26.0,0.001426,26.0,WhatsApp_voice
0.0,43.0,0.000229,43.0,0.000671,26.0,0.001559,26.0,0.001785,26.0,WhatsApp_voice
0.0,42.0,0.00014099999999999998,87.0,0.001132,110.0,0.001439,116.0,0.001679,62.0,WhatsApp_voice
0.0,43.0,0.000841,58.0,0.000941,56.0,0.00135,54.0,0.001601,83.0,WhatsApp_voice
0.0,43.0,0.00016400000000000008,43.0,0.0006350000000000001,26.0,0.0006850000000000001,26.0,0.0007620000000000001,26.0,WhatsApp_voice
0.0,44.0,1.001454,58.0,1.001927,53.0,1.002246,55.0,1.00252,50.0,WhatsApp_voice
0.0,43.0,0.000140000000000029,43.0,0.00036199999999997345,26.0,0.0011069999999999691,26.0,0.0013609999999999456,26.0,WhatsApp_voice
0.0,26.0,0.000178,30.0,0.00032,114.0,0.000388,130.0,0.000427,121.0,WhatsApp_voice
0.0,30.0,1.002361,30.0,1.002674,30.0,1.003395,30.0,2.006337,30.0,WhatsApp_voice
0.0,44.0,0.000391,62.0,0.000416,58.0,1.002674,54.0,1.003226,53.0,WhatsApp_voice
0.0,43.0,0.00010299999999999998,43.0,1.002514,26.0,1.003159,26.0,1.003455,26.0,WhatsApp_voice
0.0,44.0,0.000664,183.0,0.000896,96.0,0.001521,54.0,0.001558,53.0,WhatsApp_voice
0.0,43.0,0.00019400000000000005,43.0,0.0008330000000000001,26.0,0.000899,26.0,0.001235,26.0,WhatsApp_voice
0.0,26.0,0.000155,26.0,0.000206,26.0,0.000238,26.0,0.000314,26.0,WhatsApp_voice
0.0,26.0,0.00015700000000000002,26.0,0.00018899999999999999,26.0,0.00026000000000000003,26.0,0.00029800000000000003,26.0,WhatsApp_voice
0.0,44.0,0.000177,124.0,0.000225,61.0,0.000797,55.0,0.001222,54.0,WhatsApp_voice
0.0,43.0,0.00021300000000000008,43.0,1.000614,26.0,1.000765,26.0,1.000806,26.0,WhatsApp_voice
0.0,90.0,0.000112,78.0,0.000551,86.0,0.000612,67.0,0.000645,61.0,WhatsApp_voice
0.0,48.0,5.799999999999999e-05,47.0,0.000445,26.0,0.0005549999999999999,26.0,0.000592,26.0,WhatsApp_voice
0.0,44.0,0.001095,64.0,0.00113,57.0,0.001357,53.0,0.001426,54.0,WhatsApp_voice
0.0,43.0,0.000138,43.0,0.0011120000000000001,26.0,0.0012900000000000001,26.0,0.001371,26.0,WhatsApp_voice
0.0,46.0,0.000125,63.0,0.001428,61.0,0.001496,57.0,1.005579,42.0,WhatsApp_voice
0.0,43.0,0.0011169999999999997,43.0,1.004535,26.0,1.004969,26.0,1.004996,26.0,WhatsApp_voice
0.0,42.0,0.000327,50.0,0.000523,56.0,0.000665,38.0,0.000727,26.0,WhatsApp_voice
0.0,41.0,0.00032900000000000003,26.0,0.000519,26.0,0.00066,26.0,0.000724,26.0,WhatsApp_voice
0.0,44.0,0.00163,58.0,0.001784,56.0,0.001819,52.0,0.002138,53.0,WhatsApp_voice
0.0,45.0,0.00030199999999999997,44.0,0.000969,26.0,0.001073,26.0,0.00123,26.0,WhatsApp_voice
0.0,46.0,0.000154,143.0,0.001227,62.0,0.001261,53.0,0.001821,55.0,WhatsApp_voice
0.0,43.0,0.00012699999999999994,43.0,0.000714,26.0,0.001253,26.0,0.001475,26.0,WhatsApp_voice
0.0,43.0,0.000181,43.0,0.000857,26.0,1.002793,26.0,1.002888,26.0,WhatsApp_voice
0.0,83.0,7.3e-05,88.0,0.0008579999999999999,60.0,1.002664,79.0,1.0027760000000001,63.0,WhatsApp_voice
0.0,45.0,0.000716,56.0,0.001665,53.0,0.001851,58.0,0.002303,58.0,WhatsApp_voice
0.0,44.0,0.0005729999999999999,41.0,0.001027,26.0,0.001146,26.0,0.0012120000000000002,26.0,WhatsApp_voice
0.0,45.0,0.002765,60.0,0.002816,56.0,0.003167,52.0,0.003919,51.0,WhatsApp_voice
0.0,43.0,0.0010340000000000002,43.0,0.001902,26.0,0.002042,26.0,0.0022290000000000005,26.0,WhatsApp_voice
0.0,44.0,0.000163,124.0,0.000977,125.0,0.001057,108.0,0.001339,61.0,WhatsApp_voice
0.0,46.0,0.00013000000000000002,44.0,0.000788,26.0,0.0010639999999999998,26.0,0.001473,26.0,WhatsApp_voice
0.0,44.0,0.00117,61.0,0.002639,55.0,0.002665,54.0,0.00269,41.0,WhatsApp_voice
0.0,43.0,0.00043500000000000006,43.0,0.001283,26.0,0.0016760000000000002,26.0,0.0019119999999999999,26.0,WhatsApp_voice
0.0,46.0,0.000358,61.0,0.000918,178.0,0.001309,63.0,0.001771,55.0,WhatsApp_voice
0.0,50.0,0.00047400000000000003,70.0,0.000853,56.0,0.0009660000000000001,42.0,0.00112,26.0,WhatsApp_voice
0.0,48.0,6.9e-05,127.0,0.000103,106.0,0.000208,76.0,1.002451,46.0,WhatsApp_voice
0.0,43.0,5.999999999994898e-05,43.0,0.00045399999999995444,26.0,0.0005919999999999259,26.0,0.0006280000000000729,26.0,WhatsApp_voice
0.0,43.0,0.000509,57.0,1.001871,55.0,1.002254,55.0,1.002355,42.0,WhatsApp_voice
0.0,43.0,1.000837,43.0,1.00174,26.0,1.001847,26.0,1.001948,26.0,WhatsApp_voice
0.0,45.0,0.001002,171.0,0.001407,62.0,0.001949,54.0,0.002233,52.0,WhatsApp_voice
0.0,43.0,0.0004299999999999998,43.0,0.0009500000000000001,26.0,0.0011659999999999997,26.0,0.0012,26.0,WhatsApp_voice
0.0,45.0,0.000678,57.0,0.001073,53.0,0.001449,55.0,0.001892,51.0,WhatsApp_voice
0.0,43.0,0.00024700000000000004,43.0,0.0006270000000000001,26.0,0.0013050000000000002,26.0,0.0015409999999999998,26.0,WhatsApp_voice
0.0,43.0,0.000487,43.0,0.001084,26.0,0.001859,26.0,0.00208,26.0,WhatsApp_voice
0.0,45.0,0.00026999999999999995,42.0,0.0008960000000000001,26.0,0.001507,26.0,0.001783,26.0,WhatsApp_voice
0.0,43.0,0.000217,43.0,0.000772,26.0,0.001157,26.0,0.001408,26.0,WhatsApp_voice
0.0,43.0,0.000342,43.0,0.0009140000000000001,26.0,0.001125,26.0,0.001396,26.0,WhatsApp_voice
0.0,44.0,7e-05,58.0,0.000392,57.0,0.000778,55.0,0.001194,55.0,WhatsApp_voice
0.0,43.0,0.00012800000000000002,43.0,0.000628,26.0,0.001021,26.0,0.00128,26.0,WhatsApp_voice
0.0,26.0,9e-05,26.0,0.000449,26.0,0.000767,26.0,0.001471,26.0,WhatsApp_voice
0.0,26.0,0.00032,26.0,0.00065,26.0,0.000727,26.0,0.001433,26.0,WhatsApp_voice
0.0,43.0,0.000257,61.0,0.001016,52.0,0.001417,53.0,0.001605,41.0,WhatsApp_voice
0.0,43.0,0.000103,43.0,0.001201,26.0,0.001537,26.0,0.001605,26.0,WhatsApp_voice
0.0,43.0,0.000149,43.0,0.00039,26.0,0.000791,26.0,0.000894,26.0,WhatsApp_voice
0.0,44.0,0.000239,93.0,0.000505,153.0,0.000971,94.0,0.0009969999999999998,53.0,WhatsApp_voice
0.0,46.0,0.000266,47.0,0.000337,48.0,0.000357,68.0,0.001233,53.0,WhatsApp_voice
0.0,43.0,0.00042600000000000016,43.0,0.000567,26.0,0.0008420000000000001,26.0,0.0009549999999999999,26.0,WhatsApp_voice
0.0,44.0,1.002407,42.0,1.002674,78.0,1.003065,67.0,1.003649,42.0,WhatsApp_voice
0.0,43.0,1.002387,43.0,1.0027419999999998,26.0,1.0030869999999998,26.0,1.0032029999999998,26.0,WhatsApp_voice
0.0,43.0,0.000236,43.0,0.001748,26.0,0.002215,26.0,0.002289,26.0,WhatsApp_voice
0.0,46.0,8.700000000000001e-05,61.0,0.001449,52.0,0.00203,53.0,0.002141,54.0,WhatsApp_voice
0.0,46.0,0.000172,57.0,0.000199,59.0,0.000224,55.0,1.002459,51.0,WhatsApp_voice
0.0,43.0,5.300000000008076e-05,43.0,0.0011140000000000594,26.0,0.0012490000000000556,26.0,0.0012730000000000796,26.0,WhatsApp_voice
0.0,47.0,0.000253,62.0,0.000492,58.0,0.001223,53.0,0.001476,54.0,WhatsApp_voice
0.0,43.0,0.00012799999999999997,43.0,0.000906,26.0,0.001199,26.0,1.003176,26.0,WhatsApp_voice
0.0,43.0,0.000204,43.0,1.002378,26.0,1.002795,26.0,1.00292,26.0,WhatsApp_voice
0.0,45.0,1.0015880000000001,60.0,1.002436,60.0,1.002624,61.0,1.003073,55.0,WhatsApp_voice
0.0,45.0,0.00092,45.0,0.001531,93.0,0.001868,61.0,1.004473,39.0,WhatsApp_voice
0.0,43.0,0.0004319999999999999,43.0,0.000758,26.0,1.0033990000000002,26.0,1.003506,26.0,WhatsApp_voice
0.0,112.0,0.000147,105.0,0.000331,103.0,0.000435,111.0,0.001014,107.0,Zoom_video
0.0,801.0,9.799999999993148e-05,794.0,0.0002830000000000332,794.0,0.00041099999999971715,793.0,0.000496000000000052,793.0,Zoom_video
0.0,579.0,0.00035100000000021225,578.0,0.00041499999999983217,578.0,0.0011649999999998606,578.0,0.0012199999999999989,578.0,Zoom_video
0.0,106.0,5.100000000002325e-05,103.0,0.0006660000000002775,103.0,0.0009090000000000487,106.0,0.002411000000000385,108.0,Zoom_video
0.0,106.0,5.4e-05,112.0,8.3e-05,105.0,0.000122,104.0,1.002331,106.0,Zoom_video
0.0,819.0,0.00013900000000011126,812.0,0.00017099999999992122,812.0,0.000220000000000109,812.0,0.0002569999999999517,811.0,Zoom_video
0.0,103.0,4.900000000018778e-05,102.0,1.002271,102.0,1.0022930000000003,101.0,1.0024190000000002,102.0,Zoom_video
0.0,582.0,2.4999999999941735e-05,582.0,5.699999999997374e-05,582.0,8.199999999991547e-05,582.0,0.00010699999999985721,581.0,Zoom_video
0.0,109.0,0.001967,109.0,0.002197,102.0,0.00249,102.0,0.002749,111.0,Zoom_video
0.0,172.0,0.00048499999999984666,155.0,0.0011440000000000339,140.0,0.0011849999999999916,110.0,0.0012619999999998743,132.0,Zoom_video
0.0,1133.0,0.00013700000000005375,1126.0,0.0005960000000000409,1126.0,0.0006699999999999484,1125.0,0.0008980000000000654,1125.0,Zoom_video
0.0,785.0,7.500000000004725e-05,785.0,0.00013499999999999623,785.0,0.000212000000000101,785.0,0.00028600000000000847,784.0,Zoom_video
0.0,105.0,0.000224,104.0,0.000267,112.0,0.000296,108.0,0.000548,106.0,Zoom_video
0.0,750.0,6.800000000000003e-05,750.0,0.00019400000000000005,750.0,0.0002680000000000001,750.0,0.000308,750.0,Zoom_video
0.0,762.0,0.00037299999999999996,762.0,0.0004099999999999999,762.0,0.00047199999999999987,762.0,0.0006619999999999999,761.0,Zoom_video
0.0,106.0,6.699999999999979e-05,111.0,0.00027999999999999987,109.0,0.0005430000000000001,107.0,0.0005709999999999999,107.0,Zoom_video
0.0,100.0,0.004479,101.0,0.009539,101.0,0.013432,112.0,0.013964,126.0,Zoom_video
0.0,97.0,3.399999999942338e-05,97.0,6.899999999987472e-05,104.0,0.0001509999999997902,97.0,0.000364000000000253,113.0,Zoom_video
0.0,466.0,4.900000000063187e-05,465.0,0.00036399999999936483,1229.0,0.000418999999999059,532.0,0.0007009999999993966,532.0,Zoom_video
0.0,499.0,2.899999999961267e-05,499.0,5.400000000044258e-05,498.0,0.00013000000000040757,530.0,0.00016800000000039006,918.0,Zoom_video
0.0,986.0,6.400000000184036e-05,986.0,0.00012500000000414957,986.0,0.00017700000000075988,986.0,0.00023000000000195087,986.0,Zoom_video
0.0,110.0,23.205256999999996,1052.0,23.205501000000005,1052.0,23.205734,1052.0,23.205768,1052.0,Zoom_video
0.0,102.0,7e-05,102.0,0.000113,111.0,0.000234,101.0,0.000336,103.0,Zoom_video
0.0,838.0,0.0002089999999999037,838.0,0.00027199999999982793,838.0,0.0003469999999998752,837.0,0.0004129999999999967,837.0,Zoom_video
0.0,701.0,5.6000000000056005e-05,701.0,0.00011199999999988997,701.0,0.00017000000000000348,701.0,0.0002309999999998702,701.0,Zoom_video
0.0,155.0,6.0999999999866716e-05,132.0,0.0010509999999999131,109.0,0.00107899999999983,104.0,0.0011599999999998278,103.0,Zoom_video
0.0,109.0,6.8e-05,103.0,0.000301,104.0,0.000367,105.0,0.000385,106.0,Zoom_video
0.0,746.0,4.500000000000001e-05,738.0,9.000000000000002e-05,738.0,0.00011799999999999994,738.0,0.00014499999999999995,738.0,Zoom_video
0.0,101.0,0.0007820000000000604,102.0,0.0008219999999998784,102.0,0.0008600000000000829,103.0,0.0021610000000000795,112.0,Zoom_video
0.0,756.0,5.799999999989147e-05,756.0,0.00011799999999984045,755.0,0.00017500000000003624,755.0,0.0006829999999999892,755.0,Zoom_video
0.0,125.0,9.8e-05,103.0,0.000139,103.0,0.000179,103.0,0.00022,104.0,Zoom_video
0.0,716.0,0.0005919999999999259,709.0,0.0006749999999999812,709.0,0.0007569999999998966,709.0,0.0008299999999998864,740.0,Zoom_video
0.0,693.0,0.0002750000000000252,693.0,0.000368000000000146,692.0,0.0004380000000001605,692.0,0.0005070000000000352,692.0,Zoom_video
0.0,133.0,0.00023599999999990295,131.0,0.00036799999999992394,139.0,0.0006519999999998749,168.0,0.0008729999999999016,156.0,Zoom_video
0.0,100.0,0.000158,101.0,0.000589,101.0,0.000659,107.0,0.000749,101.0,Zoom_video
0.0,636.0,6.199999999999999e-05,629.0,0.00010899999999999994,629.0,0.000289,629.0,0.00034099999999999994,628.0,Zoom_video
0.0,128.0,0.00017299999999999998,114.0,0.0001910000000000002,116.0,0.000255,112.0,0.00042099999999999993,106.0,Zoom_video
0.0,782.0,4.4000000000155026e-05,782.0,8.900000000000574e-05,782.0,0.000132000000000021,782.0,0.00017700000000009375,781.0,Zoom_video
0.0,114.0,0.000301,105.0,0.000506,107.0,0.000577,104.0,0.000667,111.0,Zoom_video
0.0,700.0,0.0001100000000000545,700.0,0.00018500000000010175,700.0,0.00024299999999999322,700.0,0.00030799999999997496,700.0,Zoom_video
0.0,148.0,0.0003850000000000797,137.0,0.0008540000000001324,144.0,0.0011099999999999444,125.0,0.001371000000000011,103.0,Zoom_video
0.0,655.0,0.00017099999999992122,654.0,0.00024599999999996847,654.0,0.0003029999999999422,654.0,0.0003670000000000062,654.0,Zoom_video
0.0,105.0,0.002834,110.0,0.006058,104.0,0.009427,101.0,0.011766,102.0,Zoom_video
0.0,104.0,1.7999999999851468e-05,97.0,3.500000000000725e-05,97.0,7.00000000000145e-05,97.0,8.699999999972619e-05,97.0,Zoom_video
0.0,543.0,0.0003869999999999152,543.0,0.00047599999999903275,543.0,0.0006019999999971049,574.0,0.0008039999999986946,800.0,Zoom_video
0.0,405.0,0.0001029999999992981,405.0,0.0003929999999989775,693.0,0.00047800000000108867,693.0,0.0006970000000023902,480.0,Zoom_video
0.0,986.0,6.099999999520378e-05,986.0,0.0001339999999956376,986.0,0.0002999999999957481,985.0,0.00045899999999932106,985.0,Zoom_video
0.0,1053.0,6.100000000230921e-05,1053.0,0.0002230000000054133,1053.0,0.0002829999999960364,1053.0,0.0005440000000049849,1053.0,Zoom_video
0.0,111.0,7.7e-05,105.0,0.00013,103.0,0.000386,104.0,1.003891,103.0,Zoom_video
0.0,809.0,0.00013599999999991397,809.0,0.00020799999999998597,809.0,0.00027800000000000047,809.0,0.00033900000000008923,808.0,Zoom_video
0.0,682.0,0.0004530000000000367,682.0,0.0005150000000000432,682.0,0.0005869999999998932,682.0,0.0006610000000000227,681.0,Zoom_video
0.0,103.0,0.000412000000000301,102.0,0.000640000000000196,101.0,0.001100000000000101,103.0,0.001352000000000242,103.0,Zoom_video
0.0,104.0,2.2e-05,101.0,8.4e-05,110.0,0.000376,102.0,0.000502,102.0,Zoom_video
0.0,736.0,0.00020799999999998597,729.0,0.000256000000000034,728.0,0.00039199999999994795,728.0,0.0004630000000001022,728.0,Zoom_video
0.0,731.0,9.799999999993148e-05,731.0,0.00014300000000000423,731.0,0.0002569999999999517,731.0,0.0002849999999998687,731.0,Zoom_video
0.0,103.0,0.00024799999999980393,102.0,0.0003309999999998592,103.0,0.00043699999999979866,102.0,0.0007389999999998231,101.0,Zoom_video
0.0,100.0,0.000492,101.0,0.001131,101.0,0.002042,100.0,0.003983,101.0,Zoom_video
0.0,624.0,9.299999999999998e-05,616.0,0.00015800000000000005,616.0,0.00021600000000000005,616.0,0.00028400000000000007,616.0,Zoom_video
0.0,148.0,0.0002769999999999999,123.0,0.0007309999999999999,101.0,0.001241,102.0,0.0012789999999999998,102.0,Zoom_video
0.0,767.0,6.500000000000039e-05,767.0,0.00012600000000000024,767.0,0.00018500000000000027,767.0,0.00024300000000000016,767.0,Zoom_video
0.0,112.0,0.000486,103.0,0.000597,107.0,0.001084,103.0,0.001359,103.0,Zoom_video
0.0,824.0,6.499999999999995e-05,824.0,0.000147,823.0,0.000258,823.0,0.00033100000000000013,823.0,Zoom_video
0.0,662.0,7.300000000000015e-05,661.0,0.0001410000000000005,661.0,0.00021399999999999978,661.0,0.00028699999999999993,661.0,Zoom_video
0.0,105.0,3.799999999999984e-05,106.0,7.599999999999968e-05,106.0,0.0002959999999999994,111.0,0.0004450000000000001,105.0,Zoom_video
0.0,104.0,3.3e-05,104.0,0.000391,109.0,0.01317,103.0,0.013974,107.0,Zoom_video
0.0,637.0,0.002824,630.0,0.002875,630.0,0.002902,629.0,0.002948,629.0,Zoom_video
0.0,798.0,0.0002859999999999998,798.0,0.00031400000000000004,798.0,0.0003420000000000003,797.0,0.00037500000000000033,797.0,Zoom_video
0.0,103.0,1.799999999999892e-05,102.0,5.999999999999929e-05,101.0,0.00028300000000000027,109.0,0.0003599999999999992,104.0,Zoom_video
0.0,101.0,0.000113,101.0,0.000215,107.0,0.000557,101.0,0.00061,101.0,Zoom_video
0.0,759.0,0.0002409999999999357,752.0,0.000300000000000189,752.0,0.000360000000000138,751.0,0.0004230000000000622,751.0,Zoom_video
0.0,689.0,5.699999999997374e-05,689.0,0.00011500000000008725,688.0,0.00017099999999992122,688.0,0.0002729999999999677,688.0,Zoom_video
0.0,101.0,0.0016729999999998135,109.0,0.0017129999999996315,104.0,0.001751000000000058,105.0,0.002498999999999807,102.0,Zoom_video
0.0,105.0,4.3e-05,104.0,0.000124,112.0,0.000163,104.0,0.000203,105.0,Zoom_video
0.0,803.0,0.00011599999999978294,796.0,0.00017800000000001148,796.0,0.0002409999999999357,796.0,0.0003069999999998352,796.0,Zoom_video
0.0,232.0,4.300000000023729e-05,200.0,0.00035700000000016274,173.0,0.0013640000000001429,135.0,0.0014050000000001006,120.0,Zoom_video
0.0,672.0,0.00024900000000016576,672.0,0.00030900000000011474,671.0,0.0003740000000003185,671.0,0.00043799999999993844,671.0,Zoom_video
0.0,101.0,0.00013,107.0,1.001945,101.0,1.002357,101.0,1.002402,132.0,Zoom_video
0.0,777.0,0.0002309999999998702,769.0,0.00031599999999998296,769.0,0.00042000000000008697,769.0,0.00048000000000003595,769.0,Zoom_video
0.0,868.0,0.00021899999999996922,868.0,0.00028199999999989345,868.0,0.0003429999999999822,868.0,0.00040599999999990644,867.0,Zoom_video
0.0,174.0,0.00011899999999998023,152.0,0.0005910000000000082,133.0,0.0007790000000000852,117.0,0.0009310000000000151,110.0,Zoom_video
0.0,101.0,0.003461,102.0,0.00356,109.0,0.003667,102.0,0.003928,101.0,Zoom_video
0.0,104.0,0.0005889999999997286,97.0,0.0006159999999999499,97.0,0.0006389999999996121,97.0,0.0007469999999996091,108.0,Zoom_video
0.0,420.0,4.500000000007276e-05,420.0,0.00021500000000074238,1021.0,0.0002830000000013655,428.0,0.0003790000000005733,428.0,Zoom_video
0.0,507.0,4.7999999999603915e-05,506.0,9.299999999967667e-05,506.0,0.00013799999999974943,538.0,0.00019200000000019202,750.0,Zoom_video
0.0,1051.0,9.000000000014552e-05,1051.0,0.0002899999999996794,1050.0,0.00035000000000096065,1050.0,0.00041300000000177306,1050.0,Zoom_video
0.0,967.0,0.00013200000000779255,967.0,0.0002340000000060627,967.0,0.0002980000000007976,966.0,0.00044100000000923956,966.0,Zoom_video
0.0,102.0,5.9e-05,110.0,0.000102,107.0,0.000293,108.0,0.000438,103.0,Zoom_video
0.0,829.0,7.300000000043383e-05,822.0,0.00011800000000050659,822.0,0.00018600000000024153,822.0,0.0002310000000003143,822.0,Zoom_video
0.0,697.0,8.900000000000574e-05,697.0,0.00011700000000036681,697.0,0.00014299999999956015,697.0,0.00016999999999978144,697.0,Zoom_video
0.0,247.0,2.1000000000270802e-05,240.0,0.00040999999999957737,210.0,0.0006899999999996353,181.0,0.0007140000000003255,145.0,Zoom_video
0.0,105.0,4.7e-05,106.0,0.000135,101.0,0.000299,103.0,0.000426,103.0,Zoom_video
0.0,773.0,0.00013799999999997148,773.0,0.00020500000000001073,773.0,0.0003349999999999742,772.0,0.0003949999999999232,772.0,Zoom_video
0.0,124.0,0.0012090000000000156,100.0,0.0012469999999999981,101.0,0.0018439999999999568,103.0,0.0018839999999999968,103.0,Zoom_video
0.0,664.0,0.00016799999999994597,664.0,0.00022799999999989495,664.0,0.00028399999999995096,664.0,0.00034399999999989994,663.0,Zoom_video
0.0,112.0,0.002113,104.0,0.003324,108.0,0.003513,107.0,0.004178,106.0,Zoom_video
0.0,743.0,0.00015700000000062886,736.0,0.00023300000000059384,736.0,0.00030399999999985994,735.0,0.0004110000000006053,735.0,Zoom_video
0.0,591.0,5.9999999999504894e-05,591.0,0.00012599999999984846,591.0,0.0002309999999994261,591.0,0.0002839999999997289,591.0,Zoom_video
0.0,151.0,4.000000000026205e-05,159.0,8.100000000066387e-05,122.0,0.0003900000000003345,107.0,0.0007310000000000372,102.0,Zoom_video
0.0,100.0,0.000549,108.0,0.000739,101.0,0.000844,100.0,0.000902,108.0,Zoom_video
0.0,758.0,0.00012100000000003774,750.0,0.0001849999999998797,750.0,0.0002469999999998862,750.0,0.0003049999999999997,750.0,Zoom_video
0.0,604.0,6.600000000012152e-05,604.0,0.00011500000000008725,604.0,0.00016100000000007775,604.0,0.0002820000000001155,604.0,Zoom_video
0.0,103.0,0.00011099999999997223,107.0,0.00044699999999986417,109.0,0.00047699999999983866,102.0,0.0005039999999998379,101.0,Zoom_video
0.0,102.0,0.000241,102.0,0.001181,109.0,0.001689,104.0,0.001776,101.0,Zoom_video
0.0,722.0,9.8e-05,722.0,0.0001559999999999999,722.0,0.0002459999999999997,722.0,0.000304,722.0,Zoom_video
0.0,655.0,0.00019000000000000006,654.0,0.00024399999999999943,654.0,0.00029799999999999965,654.0,0.0003519999999999999,654.0,Zoom_video
0.0,114.0,4.0000000000040004e-05,103.0,0.0006310000000000482,110.0,0.0006869999999998821,107.0,0.0007279999999998399,103.0,Zoom_video
0.0,108.0,0.002494,100.0,0.00482,101.0,0.006928,101.0,0.009557,107.0,Zoom_video
0.0,104.0,0.00010099999999990672,97.0,0.00030299999999972016,97.0,0.00033599999999989194,97.0,0.0003690000000000637,97.0,Zoom_video
0.0,1049.0,3.6999999998954536e-05,1049.0,0.00020799999999887575,1049.0,0.00024499999999960664,1049.0,0.00029699999999976967,1049.0,Zoom_video
0.0,529.0,7.000000000090267e-05,528.0,9.399999999715192e-05,528.0,0.00011399999999639476,528.0,0.00014999999999787406,560.0,Zoom_video
0.0,477.0,3.399999999942338e-05,477.0,6.799999999884676e-05,477.0,0.00010299999999574538,508.0,0.0005399999999866623,895.0,Zoom_video
0.0,1000.0,7.500000000959517e-05,1000.0,0.00013599999999769352,1000.0,0.0002000000000066393,1000.0,0.00026200000000642376,1000.0,Zoom_video
0.0,105.0,0.000119,104.0,0.000241,106.0,0.000285,106.0,0.000307,107.0,Zoom_video
0.0,794.0,0.0004730000000003898,794.0,0.001068000000000069,793.0,0.0011130000000001417,793.0,0.001180000000000181,793.0,Zoom_video
0.0,689.0,3.900000000012227e-05,689.0,7.299999999998974e-05,688.0,0.00010699999999985721,688.0,0.00017399999999989646,688.0,Zoom_video
0.0,101.0,2.300000000010627e-05,103.0,0.0005709999999998772,101.0,0.0005929999999998437,102.0,0.0007679999999998799,102.0,Zoom_video
0.0,108.0,8.1e-05,113.0,0.0001,103.0,0.000142,106.0,0.000179,105.0,Zoom_video
0.0,875.0,0.00048699999999968213,868.0,0.0006869999999996601,868.0,0.0008019999999997474,868.0,0.0008610000000000007,867.0,Zoom_video
0.0,148.0,7.800000000024454e-05,151.0,0.00020500000000023277,156.0,0.00022400000000022402,151.0,0.0010449999999999626,152.0,Zoom_video
0.0,621.0,0.0001230000000003173,621.0,0.00015200000000037406,621.0,0.00018099999999998673,621.0,0.00021000000000004349,621.0,Zoom_video
0.0,112.0,0.000154,106.0,0.000253,106.0,0.000346,110.0,0.001343,105.0,Zoom_video
0.0,654.0,0.00023899999999999985,647.0,0.0002949999999999999,647.0,0.00035099999999999997,646.0,0.00040899999999999986,646.0,Zoom_video
0.0,758.0,5.9000000000000025e-05,758.0,0.00011800000000000005,758.0,0.0001780000000000002,757.0,0.0002440000000000003,757.0,Zoom_video
0.0,178.0,0.00026900000000000014,152.0,0.0007959999999999998,122.0,0.0008580000000000003,105.0,0.0012040000000000002,102.0,Zoom_video
0.0,101.0,0.000302,107.0,0.002759,108.0,0.003007,100.0,0.00333,101.0,Zoom_video
0.0,761.0,5.900000000003125e-05,754.0,0.000124000000000013,754.0,0.00029300000000009874,754.0,0.0003540000000001875,753.0,Zoom_video
0.0,663.0,0.00029300000000009874,663.0,0.00034900000000015474,663.0,0.00040400000000007097,663.0,0.0004589999999999872,662.0,Zoom_video
0.0,213.0,0.0005159999999999609,234.0,0.0007150000000000212,186.0,0.0009969999999999146,162.0,0.0012330000000000396,135.0,Zoom_video
0.0,101.0,0.00017,110.0,0.000318,102.0,0.000917,102.0,0.001046,102.0,Zoom_video
0.0,776.0,0.00018099999999998673,769.0,0.00024399999999991095,768.0,0.00044899999999969964,768.0,0.0005869999999998932,768.0,Zoom_video
0.0,884.0,0.0003910000000000302,884.0,0.0005570000000001407,883.0,0.0006699999999999484,883.0,0.0008859999999999424,883.0,Zoom_video
0.0,121.0,0.0006459999999997024,105.0,0.0006719999999997839,106.0,0.0007399999999999629,105.0,0.0007660000000000444,103.0,Zoom_video
0.0,105.0,0.00197,107.0,0.005633,102.0,0.008171,113.0,0.010103,105.0,Zoom_video
0.0,104.0,0.00047200000000025,97.0,0.0004949999999999122,97.0,0.0005199999999998539,97.0,0.0009980000000000544,113.0,Zoom_video
0.0,1048.0,6.399999999828765e-05,1048.0,0.00013699999999872148,1048.0,0.00019999999999953388,1048.0,0.0003719999999987067,1048.0,Zoom_video
0.0,557.0,4.400000000259752e-05,557.0,6.900000000342743e-05,556.0,9.500000000173259e-05,588.0,0.00020299999999906504,456.0,Zoom_video
0.0,516.0,9.500000000173259e-05,516.0,0.00011999999999545707,515.0,0.00014500000000339242,547.0,0.9997199999999964,843.0,Zoom_video
0.0,987.0,6.799999999884676e-05,987.0,0.0001409999999992806,987.0,0.0002420000000000755,987.0,0.0003200000000020964,986.0,Zoom_video
0.0,104.0,0.001667,113.0,0.003066,103.0,0.004454,105.0,0.00576,110.0,Zoom_video
0.0,97.0,0.00021100000000018326,97.0,0.0003269999999995221,97.0,0.0004569999999999297,97.0,0.000496000000000052,130.0,Zoom_video
0.0,543.0,0.0001490000000003988,543.0,0.00019900000000205864,543.0,0.000332000000000221,574.0,1.000083,802.0,Zoom_video
0.0,445.0,0.0005610000000046966,445.0,0.0009390000000024656,1100.0,0.000996000000000663,485.0,0.0010270000000005552,484.0,Zoom_video
0.0,1066.0,0.0003010000000003288,1066.0,0.00036300000000011323,1066.0,0.0004409999999950287,1066.0,0.0005489999999994666,1066.0,Zoom_video
0.0,969.0,0.0002649999999988495,969.0,0.00032699999999863394,968.0,0.00038600000000599266,968.0,0.0006440000000083046,968.0,Zoom_video
0.0,101.0,0.000111,101.0,0.000149,107.0,0.000224,101.0,0.000298,101.0,Zoom_video
0.0,1022.0,0.0001980000000001425,1015.0,0.0002629999999999022,1014.0,0.0003340000000000565,1014.0,0.0004349999999999632,1014.0,Zoom_video
0.0,594.0,1.0005170000000003,593.0,1.0005950000000001,593.0,1.000651,593.0,1.000709,593.0,Zoom_video
0.0,120.0,0.0010279999999998068,103.0,0.0010809999999996656,103.0,0.0019730000000000025,102.0,0.0020240000000000258,103.0,Zoom_video
0.0,104.0,4.4e-05,102.0,9.1e-05,113.0,0.000225,104.0,0.000365,107.0,Zoom_video
0.0,839.0,4.799999999982596e-05,839.0,0.00011799999999984045,839.0,0.00021299999999979669,839.0,0.00024199999999985344,838.0,Zoom_video
0.0,186.0,1.8999999999991246e-05,154.0,0.0008750000000001812,124.0,0.0015700000000000713,103.0,0.0016120000000001689,106.0,Zoom_video
0.0,594.0,0.0003210000000000157,594.0,0.00036300000000011323,594.0,0.0003910000000000302,593.0,0.0004150000000000542,593.0,Zoom_video
0.0,104.0,0.002575,107.0,0.002892,102.0,0.003226,111.0,0.003271,106.0,Zoom_video
0.0,706.0,0.00016900000000008575,699.0,0.00020300000000017526,698.0,0.00023700000000004273,698.0,0.00026999999999999247,698.0,Zoom_video
0.0,739.0,6.800000000017903e-05,739.0,9.600000000009601e-05,739.0,0.0001740000000001185,739.0,0.00023700000000004273,739.0,Zoom_video
0.0,103.0,0.0005489999999999107,107.0,0.0005729999999999347,104.0,0.0006319999999999659,105.0,0.0012179999999999414,103.0,Zoom_video
0.0,101.0,0.000208,101.0,0.000307,107.0,0.000511,101.0,0.000555,101.0,Zoom_video
0.0,787.0,7.200000000000002e-05,787.0,0.00013100000000000004,786.0,0.00023199999999999978,786.0,0.0003699999999999999,786.0,Zoom_video
0.0,595.0,5.9000000000000025e-05,594.0,0.00016100000000000012,594.0,0.00023000000000000017,594.0,0.0002850000000000001,594.0,Zoom_video
0.0,133.0,4.19999999999995e-05,117.0,7.999999999999934e-05,101.0,0.0005149999999999998,102.0,0.0005539999999999998,102.0,Zoom_video
0.0,105.0,0.000514,107.0,0.000555,104.0,0.000578,101.0,0.000596,103.0,Zoom_video
0.0,771.0,4.6999999999908226e-05,770.0,9.299999999967667e-05,770.0,0.0001289999999998237,770.0,0.00015699999999974068,770.0,Zoom_video
0.0,742.0,9.199999999998099e-05,742.0,0.00011900000000020228,742.0,0.00015300000000006975,741.0,0.00018000000000029104,741.0,Zoom_video
0.0,184.0,1.8999999999991246e-05,152.0,5.200000000016303e-05,130.0,0.00013199999999979894,107.0,0.0002629999999999022,103.0,Zoom_video
0.0,107.0,0.000381,115.0,0.000531,105.0,0.000865,105.0,0.000921,115.0,Zoom_video
0.0,756.0,0.00011600000000022703,749.0,0.0001770000000003158,749.0,0.00028700000000014825,748.0,0.00034599999999995745,748.0,Zoom_video
0.0,204.0,0.0015849999999999476,166.0,0.0016359999999999708,145.0,0.0020759999999997447,122.0,0.002113999999999727,104.0,Zoom_video
0.0,685.0,0.000188000000000077,685.0,0.00031500000000006523,684.0,0.00037799999999998946,684.0,0.000440000000000218,684.0,Zoom_video
0.0,105.0,0.000142,106.0,0.000183,104.0,0.000221,106.0,0.000297,110.0,Zoom_video
0.0,695.0,0.0001349999999997742,688.0,0.0002839999999997289,688.0,0.0006189999999999252,688.0,0.0006909999999997751,688.0,Zoom_video
0.0,101.0,0.0006450000000000067,100.0,0.0007769999999998056,101.0,0.0010140000000000704,101.0,0.0013740000000002084,100.0,Zoom_video
0.0,781.0,6.100000000008876e-05,781.0,0.00011900000000020228,780.0,0.00017800000000001148,780.0,0.00023800000000040455,780.0,Zoom_video
0.0,101.0,0.000349,107.0,0.000915,101.0,0.001235,101.0,0.001571,107.0,Zoom_voice
0.0,155.0,7.400000000012952e-05,126.0,0.00011200000000011201,107.0,0.000188000000000077,104.0,0.0002260000000000595,104.0,Zoom_voice
0.0,110.0,9.9e-05,104.0,0.000573,104.0,0.000846,112.0,0.001084,103.0,Zoom_voice
0.0,179.0,3.6000000000591115e-05,197.0,7.600000000085316e-05,199.0,0.0001500000000005386,195.0,0.00020100000000056184,175.0,Zoom_voice
0.0,106.0,0.000809,111.0,0.000967,106.0,0.001682,105.0,0.00183,112.0,Zoom_voice
0.0,103.0,0.00018900000000021677,104.0,0.00023200000000000998,102.0,0.00026999999999999247,102.0,0.000348000000000237,103.0,Zoom_voice
0.0,104.0,0.000215,106.0,0.000521,102.0,0.00086,106.0,0.001336,105.0,Zoom_voice
0.0,102.0,4.000000000026205e-05,103.0,0.00040900000000032577,102.0,0.0010380000000003164,101.0,0.0012460000000000804,100.0,Zoom_voice
0.0,107.0,8.8e-05,103.0,0.000143,107.0,0.000185,112.0,0.000266,102.0,Zoom_voice
0.0,118.0,8.199999999991547e-05,105.0,0.00011199999999966792,113.0,0.0004119999999998569,103.0,0.0004499999999998394,103.0,Zoom_voice
0.0,102.0,0.000519,104.0,0.000597,110.0,0.000785,103.0,0.000859,106.0,Zoom_voice
0.0,98.0,3.300000000017178e-05,97.0,6.49999999993156e-05,97.0,0.00034299999999909403,97.0,0.00037899999999879697,121.0,Zoom_voice
0.0,112.0,0.000234,107.0,0.00038,105.0,0.000499,111.0,0.001093,106.0,Zoom_voice
0.0,170.0,4.600000000021254e-05,140.0,9.199999999998099e-05,107.0,0.0005350000000001742,125.0,0.0005740000000002965,107.0,Zoom_voice
0.0,103.0,9.9e-05,105.0,0.000143,114.0,0.000183,104.0,0.000221,105.0,Zoom_voice
0.0,103.0,0.00012499999999993072,102.0,0.0002089999999999037,101.0,0.0002389999999998782,101.0,0.0004039999999998489,101.0,Zoom_voice
0.0,111.0,0.000155,105.0,0.000369,102.0,0.001133,104.0,0.001578,112.0,Zoom_voice
0.0,103.0,1.0011380000000005,103.0,1.0014179999999997,106.0,1.001459,107.0,1.0014990000000004,103.0,Zoom_voice
0.0,108.0,0.000114,106.0,0.000169,112.0,1.002906,105.0,1.003202,106.0,Zoom_voice
0.0,122.0,3.799999999998249e-05,101.0,0.0003549999999998832,103.0,0.00038299999999980017,105.0,0.0004189999999999472,107.0,Zoom_voice
0.0,167.0,4.4e-05,168.0,0.000121,138.0,0.000152,113.0,0.000217,102.0,Zoom_voice
0.0,109.0,0.00012100000000003774,105.0,0.00019499999999994522,113.0,0.0002329999999999277,108.0,0.0002709999999999102,108.0,Zoom_voice
0.0,103.0,0.002336,114.0,0.005292,106.0,0.007751,106.0,0.009275,112.0,Zoom_voice
0.0,168.0,7.699999999988272e-05,141.0,0.00012100000000003774,124.0,0.0002009999999998957,103.0,0.00024000000000001798,102.0,Zoom_voice
0.0,104.0,4.4e-05,107.0,0.000569,106.0,0.000607,111.0,0.000645,101.0,Zoom_voice
0.0,105.0,7.600000000000011e-05,104.0,0.0001510000000000001,106.0,0.000516,110.0,1.0018939999999998,104.0,Zoom_voice
0.0,104.0,4.3e-05,108.0,0.001602,109.0,0.001643,102.0,0.001935,104.0,Zoom_voice
0.0,121.0,1.0007499999999998,101.0,1.000773,106.0,1.0007979999999999,106.0,1.000856,107.0,Zoom_voice
0.0,103.0,0.00024,109.0,0.000811,103.0,0.002647,109.0,0.002684,103.0,Zoom_voice
0.0,102.0,0.0003500000000000725,102.0,0.0003830000000000222,100.0,0.00041000000000002146,101.0,0.0006690000000000307,102.0,Zoom_voice
0.0,212.0,6e-05,178.0,0.000105,149.0,0.000836,136.0,0.000912,182.0,Zoom_voice
0.0,283.0,0.00016299999999999995,281.0,0.0002500000000000002,273.0,0.0003649999999999999,286.0,1.0006249999999999,279.0,Zoom_voice
0.0,107.0,5.8e-05,101.0,0.000183,101.0,0.00021,100.0,0.000351,108.0,Zoom_voice
0.0,101.0,0.00014100000000016877,104.0,0.00037900000000012923,104.0,0.0004210000000000047,102.0,0.0004690000000000527,101.0,Zoom_voice
0.0,109.0,7.2e-05,108.0,0.000216,103.0,0.000316,105.0,0.000646,106.0,Zoom_voice
0.0,144.0,3.799999999998249e-05,110.0,0.00011399999999994748,110.0,0.00015399999999976544,108.0,0.000512000000000068,109.0,Zoom_voice
0.0,105.0,0.000166,107.0,0.00053,109.0,0.000751,103.0,0.000991,107.0,Zoom_voice
0.0,169.0,4.399999999993298e-05,143.0,0.0009440000000000559,116.0,0.0013279999999999959,129.0,0.0017130000000000756,132.0,Zoom_voice
0.0,113.0,0.000537,104.0,0.000862,107.0,0.001624,115.0,0.001973,104.0,Zoom_voice
0.0,208.0,8.300000000000017e-05,176.0,0.0001870000000000001,150.0,0.000608,127.0,0.0008240000000000001,104.0,Zoom_voice
0.0,102.0,0.003661,104.0,0.007512,101.0,0.009894,110.0,0.01283,102.0,Zoom_voice
0.0,109.0,0.0071390000000000065,102.0,0.01269200000000037,111.0,0.012719000000000147,101.0,0.01647600000000038,103.0,Zoom_voice
0.0,114.0,0.001315,102.0,0.00243,103.0,0.003655,111.0,0.004992,105.0,Zoom_voice
0.0,97.0,2.3999999999801958e-05,97.0,4.7999999999603915e-05,97.0,9.700000000023579e-05,104.0,0.00012200000000017752,97.0,Zoom_voice
0.0,102.0,0.000183,104.0,0.000198,108.0,0.000214,103.0,0.000345,102.0,Zoom_voice
0.0,102.0,5.9999999999504894e-05,100.0,7.899999999949614e-05,103.0,0.00011399999999994748,101.0,0.0001290000000002678,105.0,Zoom_voice
0.0,227.0,5.5e-05,217.0,0.000289,222.0,0.000386,221.0,0.000437,229.0,Zoom_voice
0.0,208.0,8.5e-05,194.0,0.0002009999999999998,170.0,0.0002840000000000004,151.0,0.00036700000000000014,124.0,Zoom_voice
0.0,106.0,5.2e-05,104.0,0.000116,106.0,0.000174,110.0,0.000256,104.0,Zoom_voice
0.0,101.0,8.09999999997757e-05,100.0,0.00019299999999944362,101.0,0.00021099999999929508,101.0,0.0003750000000000142,100.0,Zoom_voice
0.0,107.0,5.2e-05,101.0,0.000393,101.0,0.000458,107.0,0.000501,101.0,Zoom_voice
0.0,104.0,4.6999999999908226e-05,102.0,8.900000000000574e-05,104.0,0.0005709999999998772,105.0,0.0007139999999998814,107.0,Zoom_voice
0.0,108.0,0.000671,102.0,0.001474,108.0,0.003281,110.0,0.003937,105.0,Zoom_voice
0.0,104.0,0.0001769999999998717,97.0,0.0012710000000000221,97.0,0.0013419999999997323,97.0,0.0015329999999997845,110.0,Zoom_voice
0.0,113.0,0.00251,111.0,0.002619,103.0,0.002658,105.0,0.002791,110.0,Zoom_voice
0.0,114.0,0.00028700000000014825,104.0,0.0006919999999999149,108.0,1.002039,106.0,1.0023940000000002,136.0,Zoom_voice
0.0,108.0,9.9e-05,101.0,0.00014,100.0,0.000182,108.0,0.00028,101.0,Zoom_voice
0.0,195.0,7.899999999949614e-05,159.0,0.0001340000000000785,130.0,0.00031900000000018025,103.0,0.00039400000000000546,102.0,Zoom_voice
0.0,104.0,0.00086,104.0,0.000958,111.0,0.001285,102.0,0.001759,106.0,Zoom_voice
0.0,97.0,3.500000000000725e-05,97.0,0.000124000000000013,97.0,0.00018900000000021677,115.0,0.00021300000000001873,130.0,Zoom_voice
0.0,101.0,0.000232,100.0,0.000343,108.0,0.000665,101.0,0.000749,100.0,Zoom_voice
0.0,97.0,4.000000000026205e-05,97.0,0.00013000000000040757,104.0,0.00016700000000025028,97.0,0.00042000000000008697,107.0,Zoom_voice
0.0,113.0,0.000673,106.0,0.001481,105.0,0.001587,112.0,0.002135,104.0,Zoom_voice
0.0,106.0,3.700000000000014e-05,107.0,7.499999999999998e-05,106.0,0.00011099999999999999,101.0,0.00014800000000000013,103.0,Zoom_voice
0.0,101.0,5.6e-05,108.0,7.6e-05,100.0,0.000136,101.0,0.000156,108.0,Zoom_voice
0.0,179.0,6.499999999998174e-05,152.0,8.800000000008801e-05,127.0,0.00010900000000013677,101.0,0.00013100000000010326,102.0,Zoom_voice
0.0,104.0,2.4e-05,110.0,0.001535,113.0,0.00186,104.0,0.002055,103.0,Zoom_voice
0.0,142.0,5.199999999999996e-05,128.0,1.002025,107.0,1.002106,105.0,1.002149,101.0,Zoom_voice
0.0,109.0,0.000155,103.0,0.000183,102.0,0.000204,110.0,0.001381,102.0,Zoom_voice
0.0,141.0,4.899999999996574e-05,142.0,7.00000000000145e-05,120.0,0.0002420000000000755,101.0,0.000344000000000122,101.0,Zoom_voice
0.0,102.0,6.8e-05,102.0,0.000205,102.0,0.00025,109.0,0.001006,104.0,Zoom_voice
0.0,106.0,7.00000000000145e-05,111.0,9.900000000007125e-05,107.0,1.002389,107.0,1.00243,101.0,Zoom_voice
0.0,110.0,0.000208,107.0,0.000393,106.0,0.000614,104.0,0.000683,112.0,Zoom_voice
0.0,97.0,8.499999999944663e-05,97.0,0.00011899999999975819,97.0,0.00027699999999963865,104.0,0.0003859999999997754,97.0,Zoom_voice
0.0,103.0,0.000284,113.0,0.000363,104.0,0.000866,103.0,0.001843,113.0,Zoom_voice
0.0,97.0,0.00011399999999994748,97.0,0.00019599999999986295,97.0,0.00034099999999970265,104.0,0.00045300000000025875,111.0,Zoom_voice
0.0,107.0,0.000195,107.0,0.000394,104.0,0.000425,110.0,0.00045,105.0,Zoom_voice
0.0,97.0,8.60000000000305e-05,97.0,0.00012600000000029254,97.0,0.00019700000000000273,97.0,0.000304000000000304,97.0,Zoom_voice
0.0,101.0,0.00014,101.0,0.000178,100.0,0.000295,101.0,0.000415,108.0,Zoom_voice
0.0,156.0,4.599999999976845e-05,122.0,9.000000000014552e-05,100.0,0.00017600000000017602,101.0,0.0002140000000001585,102.0,Zoom_voice
