hash,model,features,target_feats,group_acc,group_acc_std,group_macro_f1,group_logloss,fit_seconds,params,probes,has_test,stage,plain_acc,plain_acc_std,plain_macro_f1,plain_logloss,pretrained,oof_path
0ca44d0a8bbb6a05,lgbm,full,False,0.8249027237354085,0.0,0.8068719416713744,0.8915228092013106,58.1,"{""class_weight_mode"": ""none"", ""colsample_bytree"": 0.8, ""learning_rate"": 0.12, ""min_child_samples"": 10, ""n_estimators"": 800, ""num_leaves"": 31, ""reg_lambda"": 0.0, ""subsample"": 0.8, ""subsample_freq"": 1}",False,False,rebuilt,,,,,,
050bfe915628633e,lgbm,top120,False,0.8249027237354085,0.0,0.8071879495230888,0.6770996363014445,93.73,"{""class_weight_mode"": ""none"", ""colsample_bytree"": 0.5004061783719452, ""learning_rate"": 0.012837586876659665, ""min_child_samples"": 23, ""n_estimators"": 1300, ""num_leaves"": 92, ""reg_alpha"": 0.015212598948106377, ""reg_lambda"": 0.014891133349330536, ""subsample"": 0.6440943575862677, ""subsample_freq"": 1}",False,False,rebuilt,,,,,,
cbf19e5f63a6d564,lgbm,full,False,0.824124513618677,0.0,0.8113169374743532,0.8829022228871943,73.48,"{""class_weight_mode"": ""balanced"", ""colsample_bytree"": 0.8, ""learning_rate"": 0.06, ""min_child_samples"": 20, ""n_estimators"": 800, ""num_leaves"": 15, ""reg_lambda"": 0.0, ""subsample"": 0.8, ""subsample_freq"": 1}",False,False,rebuilt,,,,,,
4412168ab381cc87,lgbm,top120,False,0.824124513618677,0.0,0.8122245935722952,0.601347339931329,95.68,"{""class_weight_mode"": ""balanced"", ""colsample_bytree"": 0.5222750703363713, ""learning_rate"": 0.01102081558944577, ""min_child_samples"": 36, ""n_estimators"": 1500, ""num_leaves"": 28, ""reg_alpha"": 0.12327903012511254, ""reg_lambda"": 0.0020353846066288378, ""subsample"": 0.6437489188813378, ""subsample_freq"": 1}",False,False,rebuilt,,,,,,
f9f72e79700e83fb,lgbm,full,False,0.824124513618677,0.0,0.8090590708991847,0.8419745804014304,74.61,"{""class_weight_mode"": ""none"", ""colsample_bytree"": 0.5, ""learning_rate"": 0.03, ""min_child_samples"": 20, ""n_estimators"": 800, ""num_leaves"": 15, ""reg_lambda"": 0.0, ""subsample"": 0.8, ""subsample_freq"": 1}",False,False,rebuilt,,,,,,
1fcb8f10bc933229,lgbm,full,False,0.824124513618677,0.0,0.8123255933799133,0.859714550407231,66.53,"{""class_weight_mode"": ""balanced"", ""colsample_bytree"": 0.8, ""learning_rate"": 0.06, ""min_child_samples"": 20, ""n_estimators"": 400, ""num_leaves"": 15, ""reg_lambda"": 0.0, ""subsample"": 0.8, ""subsample_freq"": 1}",False,False,rebuilt,,,,,,
035742f4a95d2dc7,lgbm,top120,False,0.822568093385214,0.0,0.8035142727603249,0.5731713064043648,61.46,"{""class_weight_mode"": ""none"", ""colsample_bytree"": 0.5643507018128373, ""learning_rate"": 0.011772990892680036, ""min_child_samples"": 22, ""n_estimators"": 900, ""num_leaves"": 27, ""reg_alpha"": 0.49118810589463163, ""reg_lambda"": 0.0029808446156740216, ""subsample"": 0.7819496181685124, ""subsample_freq"": 1}",False,False,rebuilt,,,,,,
bea965769ae01c7a,lgbm,top120,False,0.822568093385214,0.0,0.8030307970951082,0.6138114342465566,93.55,"{""class_weight_mode"": ""none"", ""colsample_bytree"": 0.37478323078012316, ""learning_rate"": 0.010411704420060428, ""min_child_samples"": 30, ""n_estimators"": 1200, ""num_leaves"": 83, ""reg_alpha"": 0.062117675302235206, ""reg_lambda"": 0.0052666977074143344, ""subsample"": 0.7050826017570313, ""subsample_freq"": 1}",False,False,rebuilt,,,,,,
a583136ea62422cb,lgbm,top120,False,0.8217898832684825,0.0,0.8080871387621358,0.5958134406066491,72.55,"{""class_weight_mode"": ""balanced"", ""colsample_bytree"": 0.4278234921890507, ""learning_rate"": 0.017408561871654904, ""min_child_samples"": 37, ""n_estimators"": 1500, ""num_leaves"": 33, ""reg_alpha"": 0.23675482902292497, ""reg_lambda"": 0.012360357738090926, ""subsample"": 0.6645093753520427, ""subsample_freq"": 1}",False,False,rebuilt,,,,,,
fcb3f92a02050e85,lgbm,top120,False,0.8217898832684825,0.0,0.80786217361005,0.6329193012935478,107.5,"{""class_weight_mode"": ""balanced"", ""colsample_bytree"": 0.5045834416377397, ""learning_rate"": 0.011659323063466629, ""min_child_samples"": 38, ""n_estimators"": 1400, ""num_leaves"": 90, ""reg_alpha"": 0.049219117399824264, ""reg_lambda"": 0.005452946355537879, ""subsample"": 0.7035642764212149, ""subsample_freq"": 1}",False,False,rebuilt,,,,,,
fdd34e4ee8024bbd,xgb,full,False,0.8217898832684825,0.0,0.8066894298143845,0.6412679479652819,64.84,"{""class_weight_mode"": ""balanced"", ""colsample_bytree"": 0.8, ""learning_rate"": 0.12, ""max_depth"": 6, ""min_child_weight"": 1, ""n_estimators"": 800, ""reg_lambda"": 1.0, ""subsample"": 0.9}",False,False,rebuilt,,,,,,
ef987d1b38ce67fa,lgbm,top120,False,0.8217898832684825,0.0,0.8052449536715086,0.5737255600902003,136.08,"{""class_weight_mode"": ""none"", ""colsample_bytree"": 0.32708356933978827, ""learning_rate"": 0.01000687723269363, ""min_child_samples"": 32, ""n_estimators"": 1000, ""num_leaves"": 80, ""reg_alpha"": 0.15246628377587165, ""reg_lambda"": 0.001226364866054807, ""subsample"": 0.703647916200488, ""subsample_freq"": 1}",False,False,rebuilt,,,,,,
38598ed180c6a451,lgbm,top120,False,0.8217898832684825,0.0,0.8073781083053586,0.5811474681986519,63.43,"{""class_weight_mode"": ""none"", ""colsample_bytree"": 0.5386236058804655, ""learning_rate"": 0.017687025057045714, ""min_child_samples"": 25, ""n_estimators"": 800, ""num_leaves"": 35, ""reg_alpha"": 0.39294197589620494, ""reg_lambda"": 0.0035569545021367204, ""subsample"": 0.6454737399461273, ""subsample_freq"": 1}",False,False,rebuilt,,,,,,
1fe46d9d1fdf87d5,lgbm,full,False,0.8217898832684825,0.0,0.8031719669710963,0.8864866779602363,52.06,"{""class_weight_mode"": ""none"", ""colsample_bytree"": 0.8, ""learning_rate"": 0.12, ""min_child_samples"": 10, ""n_estimators"": 400, ""num_leaves"": 31, ""reg_lambda"": 0.0, ""subsample"": 0.8, ""subsample_freq"": 1}",False,False,rebuilt,,,,,,
70df14651c68c0bc,lgbm,top120,False,0.8217898832684825,0.0,0.8027124013053395,0.7775538317069887,133.79,"{""class_weight_mode"": ""none"", ""colsample_bytree"": 0.4637724521744479, ""learning_rate"": 0.012163325517288227, ""min_child_samples"": 32, ""n_estimators"": 1500, ""num_leaves"": 85, ""reg_alpha"": 0.0011483113564984921, ""reg_lambda"": 0.003195334227948268, ""subsample"": 0.7367595523123361, ""subsample_freq"": 1}",False,False,rebuilt,,,,,,
a35701fa57e4bbbe,lgbm,top120,False,0.8210116731517509,0.0,0.805556988832253,0.5860144857663417,73.09,"{""class_weight_mode"": ""none"", ""colsample_bytree"": 0.7916767368476477, ""learning_rate"": 0.013895184901731505, ""min_child_samples"": 22, ""n_estimators"": 700, ""num_leaves"": 94, ""reg_alpha"": 0.2766888771154643, ""reg_lambda"": 0.0026213934426184905, ""subsample"": 0.6883305915397584, ""subsample_freq"": 1}",False,False,rebuilt,,,,,,
54c81597cc810dbd,lgbm,top120,False,0.8210116731517509,0.0,0.8073465667108437,0.6064332468575593,84.13,"{""class_weight_mode"": ""balanced"", ""colsample_bytree"": 0.48810965176788534, ""learning_rate"": 0.013215164321768912, ""min_child_samples"": 37, ""n_estimators"": 1400, ""num_leaves"": 56, ""reg_alpha"": 0.12306081778243727, ""reg_lambda"": 0.005250444775736748, ""subsample"": 0.7233606165229185, ""subsample_freq"": 1}",False,False,rebuilt,,,,,,
bacc2cbfa0b287a8,xgb,full,False,0.8210116731517509,0.0,0.805967854548886,0.6223403241807255,56.5,"{""class_weight_mode"": ""none"", ""colsample_bytree"": 0.5, ""learning_rate"": 0.12, ""max_depth"": 3, ""min_child_weight"": 1, ""n_estimators"": 800, ""reg_lambda"": 1.0, ""subsample"": 0.9}",False,False,rebuilt,,,,,,
a03f6375fd043ea5,lgbm,full,False,0.8210116731517509,0.0,0.8014571114847131,0.8848180906420545,50.95,"{""class_weight_mode"": ""none"", ""colsample_bytree"": 0.8, ""learning_rate"": 0.12, ""min_child_samples"": 20, ""n_estimators"": 400, ""num_leaves"": 31, ""reg_lambda"": 0.0, ""subsample"": 0.8, ""subsample_freq"": 1}",False,False,rebuilt,,,,,,
7585cc524d187b4c,lgbm,full,False,0.8210116731517509,0.0038910505836575737,0.8033740976093502,0.7912182739609844,250.44,"{""class_weight_mode"": ""none"", ""colsample_bytree"": 0.8, ""learning_rate"": 0.12, ""min_child_samples"": 10, ""n_estimators"": 800, ""num_leaves"": 31, ""reg_lambda"": 0.0, ""subsample"": 0.8, ""subsample_freq"": 1}",,,finalists,0.8062256809338523,0.003362251983609773,0.7870202047711338,0.7826635273287897,,/work/oof/lgbm_7585cc524d187b4c.npz
ca385ee5ebb164de,lgbm,top120,False,0.8210116731517509,0.0,0.8066785481564029,0.5875923283618407,49.29,"{""class_weight_mode"": ""none"", ""colsample_bytree"": 0.5311961783238683, ""learning_rate"": 0.013919752350046973, ""min_child_samples"": 33, ""n_estimators"": 800, ""num_leaves"": 30, ""reg_alpha"": 0.06392750930412437, ""reg_lambda"": 0.010290409307395654, ""subsample"": 0.5502958689470854, ""subsample_freq"": 1}",False,False,rebuilt,,,,,,
262e93b54ba55b72,lgbm,full,False,0.8210116731517509,0.0,0.8100128455497266,0.8882860198753341,58.51,"{""class_weight_mode"": ""balanced"", ""colsample_bytree"": 0.8, ""learning_rate"": 0.12, ""min_child_samples"": 20, ""n_estimators"": 800, ""num_leaves"": 63, ""reg_lambda"": 0.0, ""subsample"": 0.8, ""subsample_freq"": 1}",False,False,rebuilt,,,,,,
ddbba1fd6e7dfcf8,lgbm,top120,False,0.8210116731517509,0.0,0.8050818965061541,0.5669240255234071,78.96,"{""class_weight_mode"": ""none"", ""colsample_bytree"": 0.5900958685070717, ""learning_rate"": 0.010865039040910789, ""min_child_samples"": 22, ""n_estimators"": 1100, ""num_leaves"": 72, ""reg_alpha"": 0.9738073495392524, ""reg_lambda"": 0.005607782356536033, ""subsample"": 0.5806972433784593, ""subsample_freq"": 1}",False,False,rebuilt,,,,,,
f6e75abba9ab7835,lgbm,top120,False,0.8202334630350194,0.0,0.803443810007512,0.5634685823687755,49.23,"{""class_weight_mode"": ""none"", ""colsample_bytree"": 0.43632442921264086, ""learning_rate"": 0.011562965223869502, ""min_child_samples"": 27, ""n_estimators"": 900, ""num_leaves"": 47, ""reg_alpha"": 0.5321963137003644, ""reg_lambda"": 0.003118098124831053, ""subsample"": 0.6756336585645102, ""subsample_freq"": 1}",False,False,rebuilt,,,,,,
dd40962dcb833eb2,xgb,full,False,0.8202334630350194,0.0,0.8042268313640568,0.6059722688894825,47.41,"{""class_weight_mode"": ""balanced"", ""colsample_bytree"": 0.8, ""learning_rate"": 0.12, ""max_depth"": 8, ""min_child_weight"": 3, ""n_estimators"": 800, ""reg_lambda"": 1.0, ""subsample"": 0.9}",False,False,rebuilt,,,,,,
29e844a025847204,lgbm,top120,False,0.8202334630350194,0.0,0.80660165608456,0.5703038637120287,80.21,"{""class_weight_mode"": ""balanced"", ""colsample_bytree"": 0.48648664137240055, ""learning_rate"": 0.011334785338216614, ""min_child_samples"": 38, ""n_estimators"": 1400, ""num_leaves"": 47, ""reg_alpha"": 0.4182407771563633, ""reg_lambda"": 0.006556640938489185, ""subsample"": 0.6817439873155016, ""subsample_freq"": 1}",False,False,rebuilt,,,,,,
f144f4fcd9d03eb5,xgb,full,False,0.8202334630350194,0.0,0.8060260588782464,0.5985270517631632,30.58,"{""class_weight_mode"": ""none"", ""colsample_bytree"": 0.5, ""learning_rate"": 0.12, ""max_depth"": 3, ""min_child_weight"": 1, ""n_estimators"": 400, ""reg_lambda"": 1.0, ""subsample"": 0.9}",False,False,rebuilt,,,,,,
87f09bdf88b111c4,lgbm,full,False,0.8202334630350194,0.0,0.8008834371428393,0.8930498868522664,67.56,"{""class_weight_mode"": ""none"", ""colsample_bytree"": 0.8, ""learning_rate"": 0.12, ""min_child_samples"": 20, ""n_estimators"": 800, ""num_leaves"": 31, ""reg_lambda"": 0.0, ""subsample"": 0.8, ""subsample_freq"": 1}",False,False,rebuilt,,,,,,
f7d7cb279757b756,lgbm,top120,False,0.8202334630350194,0.0,0.8052450705389429,0.7040418205133268,127.17,"{""class_weight_mode"": ""balanced"", ""colsample_bytree"": 0.45175713810008916, ""learning_rate"": 0.014662731916852667, ""min_child_samples"": 34, ""n_estimators"": 1500, ""num_leaves"": 51, ""reg_alpha"": 0.01714075335424049, ""reg_lambda"": 0.0012094701063153019, ""subsample"": 0.8920245959209416, ""subsample_freq"": 1}",False,False,rebuilt,,,,,,
610bdc5ca6a5e782,lgbm,top120,False,0.8202334630350194,0.0,0.8010047620012581,0.6292108813295283,97.89,"{""class_weight_mode"": ""none"", ""colsample_bytree"": 0.4890085685343676, ""learning_rate"": 0.011330861220659476, ""min_child_samples"": 25, ""n_estimators"": 1300, ""num_leaves"": 86, ""reg_alpha"": 0.061747573785193605, ""reg_lambda"": 0.0010495606117303035, ""subsample"": 0.6699218641363631, ""subsample_freq"": 1}",False,False,rebuilt,,,,,,
8cb4c5c48b1e0871,lgbm,top120,False,0.8202334630350194,0.0,0.8085101720044643,0.5798211835922764,63.18,"{""class_weight_mode"": ""balanced"", ""colsample_bytree"": 0.521470012249482, ""learning_rate"": 0.021425025142035058, ""min_child_samples"": 38, ""n_estimators"": 1400, ""num_leaves"": 35, ""reg_alpha"": 0.5006376463312276, ""reg_lambda"": 0.0017554472284697317, ""subsample"": 0.5893152673200636, ""subsample_freq"": 1}",False,False,rebuilt,,,,,,
55caabfb8e0fed44,lgbm,full,False,0.8202334630350194,0.0,0.8023605307365083,0.8208835015825264,92.48,"{""class_weight_mode"": ""none"", ""colsample_bytree"": 0.8, ""learning_rate"": 0.03, ""min_child_samples"": 5, ""n_estimators"": 400, ""num_leaves"": 15, ""reg_lambda"": 0.0, ""subsample"": 0.8, ""subsample_freq"": 1}",False,False,rebuilt,,,,,,
4921d6b019b90eb9,lgbm,top120,False,0.8202334630350194,0.0,0.8047180007799393,0.5799329844934359,62.65,"{""class_weight_mode"": ""balanced"", ""colsample_bytree"": 0.44891053421250293, ""learning_rate"": 0.01189502252153852, ""min_child_samples"": 38, ""n_estimators"": 1200, ""num_leaves"": 25, ""reg_alpha"": 0.18799835633894235, ""reg_lambda"": 0.006470541546868633, ""subsample"": 0.6609712408676078, ""subsample_freq"": 1}",False,False,rebuilt,,,,,,
341dec75285f407a,lgbm,full,False,0.8202334630350194,0.0,0.8037512514963818,0.8563780326646638,141.65,"{""class_weight_mode"": ""balanced"", ""colsample_bytree"": 0.8, ""learning_rate"": 0.03, ""min_child_samples"": 5, ""n_estimators"": 800, ""num_leaves"": 31, ""reg_lambda"": 0.0, ""subsample"": 0.8, ""subsample_freq"": 1}",False,False,rebuilt,,,,,,
ad779bbeff31759d,xgb,full,False,0.8202334630350194,0.0,0.8039615831781667,0.6357288881716481,64.33,"{""class_weight_mode"": ""none"", ""colsample_bytree"": 0.9576097083272138, ""gamma"": 0.001991637317018934, ""learning_rate"": 0.11342163214243589, ""max_depth"": 6, ""min_child_weight"": 0.9346934876213463, ""n_estimators"": 800, ""reg_alpha"": 0.0070851210489656855, ""reg_lambda"": 0.559239757277977, ""subsample"": 0.7098113273259866}",False,False,rebuilt,,,,,,
6fb7d5d3fb4952cf,lgbm,full,False,0.8202334630350194,0.0,0.8035372109649064,0.8824058889898366,78.07,"{""class_weight_mode"": ""none"", ""colsample_bytree"": 0.8, ""learning_rate"": 0.06, ""min_child_samples"": 20, ""n_estimators"": 800, ""num_leaves"": 31, ""reg_lambda"": 0.0, ""subsample"": 0.8, ""subsample_freq"": 1}",False,False,rebuilt,,,,,,
0e43c61b3f513f21,lgbm,top120,False,0.8202334630350194,0.0,0.8016124663708635,0.706402659282922,50.49,"{""class_weight_mode"": ""none"", ""colsample_bytree"": 0.5118383037797705, ""learning_rate"": 0.05561837152652243, ""min_child_samples"": 28, ""n_estimators"": 1500, ""num_leaves"": 68, ""reg_alpha"": 0.028549871684172452, ""reg_lambda"": 0.0018386415554124016, ""subsample"": 0.7922512757686528, ""subsample_freq"": 1}",False,False,rebuilt,,,,,,
03de517bd73db250,lgbm,full,False,0.8202334630350194,0.0,0.8023309047198163,0.8579722026261325,97.99,"{""class_weight_mode"": ""none"", ""colsample_bytree"": 0.5, ""learning_rate"": 0.03, ""min_child_samples"": 10, ""n_estimators"": 800, ""num_leaves"": 15, ""reg_lambda"": 0.0, ""subsample"": 0.8, ""subsample_freq"": 1}",False,False,rebuilt,,,,,,
77b67cfb7ccb1019,lgbm,top120,False,0.8194552529182879,0.0,0.8054125016520401,0.6588196001600867,102.21,"{""class_weight_mode"": ""balanced"", ""colsample_bytree"": 0.4813566093523668, ""learning_rate"": 0.011996127332426268, ""min_child_samples"": 26, ""n_estimators"": 1200, ""num_leaves"": 33, ""reg_alpha"": 0.007795729394886011, ""reg_lambda"": 0.043824751228249, ""subsample"": 0.6566619630661763, ""subsample_freq"": 1}",False,False,rebuilt,,,,,,
0bcc2298df267346,lgbm,top120,False,0.8194552529182879,0.0,0.8002979054909046,0.7685938726415997,107.18,"{""class_weight_mode"": ""none"", ""colsample_bytree"": 0.4022138204797796, ""learning_rate"": 0.017523565426028873, ""min_child_samples"": 30, ""n_estimators"": 1200, ""num_leaves"": 94, ""reg_alpha"": 0.0018427975562817951, ""reg_lambda"": 0.005254870161154761, ""subsample"": 0.7381704917848283, ""subsample_freq"": 1}",False,False,rebuilt,,,,,,
d57a680986b00b87,lgbm,full,False,0.8194552529182879,0.0,0.8066703311159203,0.8356966404422823,159.3,"{""class_weight_mode"": ""balanced"", ""colsample_bytree"": 0.8, ""learning_rate"": 0.03, ""min_child_samples"": 20, ""n_estimators"": 800, ""num_leaves"": 63, ""reg_lambda"": 0.0, ""subsample"": 0.8, ""subsample_freq"": 1}",False,False,rebuilt,,,,,,
743de0cb9c45e7ae,xgb,full,False,0.8194552529182879,0.0,0.8060369591945203,0.6098430242757772,96.51,"{""class_weight_mode"": ""balanced"", ""colsample_bytree"": 0.5, ""learning_rate"": 0.12, ""max_depth"": 8, ""min_child_weight"": 1, ""n_estimators"": 800, ""reg_lambda"": 5.0, ""subsample"": 0.7}",False,False,rebuilt,,,,,,
77d54e069a7f04a0,lgbm,top120,False,0.8194552529182879,0.0,0.8051956363361346,0.5837450713017045,96.17,"{""class_weight_mode"": ""balanced"", ""colsample_bytree"": 0.5363707941568999, ""learning_rate"": 0.012017076449200137, ""min_child_samples"": 31, ""n_estimators"": 1400, ""num_leaves"": 56, ""reg_alpha"": 0.27038967877459624, ""reg_lambda"": 0.0022942003766529637, ""subsample"": 0.6574618261695563, ""subsample_freq"": 1}",False,False,rebuilt,,,,,,
1115635a4ae2515d,xgb,full,False,0.8194552529182879,0.0,0.8062553015896535,0.596823165283919,47.89,"{""class_weight_mode"": ""balanced"", ""colsample_bytree"": 0.8, ""learning_rate"": 0.12, ""max_depth"": 8, ""min_child_weight"": 3, ""n_estimators"": 400, ""reg_lambda"": 1.0, ""subsample"": 0.9}",False,False,rebuilt,,,,,,
4bd5f18f292358b3,lgbm,top120,False,0.8194552529182879,0.0,0.8049010316646337,0.6170141073974124,95.52,"{""class_weight_mode"": ""balanced"", ""colsample_bytree"": 0.5161663565727812, ""learning_rate"": 0.010377815286296868, ""min_child_samples"": 33, ""n_estimators"": 1500, ""num_leaves"": 10, ""reg_alpha"": 0.0671598741925289, ""reg_lambda"": 0.003320650256806434, ""subsample"": 0.6396285377207868, ""subsample_freq"": 1}",False,False,rebuilt,,,,,,
3afe6d764bf9cf1b,lgbm,top120,False,0.8194552529182879,0.0,0.7987667114593366,0.7827977943232717,147.42,"{""class_weight_mode"": ""none"", ""colsample_bytree"": 0.47238206529149884, ""learning_rate"": 0.013121152028249022, ""min_child_samples"": 24, ""n_estimators"": 1400, ""num_leaves"": 80, ""reg_alpha"": 0.001997791995463589, ""reg_lambda"": 0.0015945369549178446, ""subsample"": 0.7237092234724509, ""subsample_freq"": 1}",False,False,rebuilt,,,,,,
37d206ed713b8ff3,lgbm,full,False,0.8194552529182879,0.0,0.80558933327294,0.8242335793368762,73.6,"{""class_weight_mode"": ""balanced"", ""colsample_bytree"": 0.5, ""learning_rate"": 0.03, ""min_child_samples"": 20, ""n_estimators"": 800, ""num_leaves"": 15, ""reg_lambda"": 0.0, ""subsample"": 0.8, ""subsample_freq"": 1}",False,False,rebuilt,,,,,,
60a1bb1449e146aa,lgbm,top120,False,0.8194552529182879,0.0,0.7994956572227988,0.5950396938976824,31.1,"{""class_weight_mode"": ""none"", ""colsample_bytree"": 0.31638361888511446, ""learning_rate"": 0.015100779553651938, ""min_child_samples"": 38, ""n_estimators"": 800, ""num_leaves"": 18, ""reg_alpha"": 0.021947582715940262, ""reg_lambda"": 0.017989947247382558, ""subsample"": 0.5728047802686996, ""subsample_freq"": 1}",False,False,rebuilt,,,,,,
81b6857acd7715bc,lgbm,top120,False,0.8194552529182879,0.0,0.8081515119520329,0.5929251643992374,42.73,"{""class_weight_mode"": ""balanced"", ""colsample_bytree"": 0.30702168301905847, ""learning_rate"": 0.025082773824889687, ""min_child_samples"": 32, ""n_estimators"": 1500, ""num_leaves"": 19, ""reg_alpha"": 0.26960691018886157, ""reg_lambda"": 0.06033893823838172, ""subsample"": 0.5766625159735463, ""subsample_freq"": 1}",False,False,rebuilt,,,,,,
2efec2f8d6e921d0,lgbm,full,False,0.8194552529182879,0.0,0.8063594396227465,0.7405279716167115,73.44,"{""class_weight_mode"": ""balanced"", ""colsample_bytree"": 0.5, ""learning_rate"": 0.03, ""min_child_samples"": 20, ""n_estimators"": 400, ""num_leaves"": 15, ""reg_lambda"": 0.0, ""subsample"": 0.8, ""subsample_freq"": 1}",False,False,rebuilt,,,,,,
351fe2c812c9c72d,lgbm,full,False,0.8194552529182879,0.0,0.8023493387330939,0.7551994546191159,55.47,"{""class_weight_mode"": ""none"", ""colsample_bytree"": 0.5, ""learning_rate"": 0.03, ""min_child_samples"": 20, ""n_estimators"": 400, ""num_leaves"": 15, ""reg_lambda"": 0.0, ""subsample"": 0.8, ""subsample_freq"": 1}",False,False,rebuilt,,,,,,
f392c5af24aecff3,lgbm,full,False,0.8194552529182879,0.0,0.8057558821197279,0.8599883817969805,113.21,"{""class_weight_mode"": ""none"", ""colsample_bytree"": 0.8, ""learning_rate"": 0.03, ""min_child_samples"": 10, ""n_estimators"": 800, ""num_leaves"": 15, ""reg_lambda"": 0.0, ""subsample"": 0.8, ""subsample_freq"": 1}",False,False,rebuilt,,,,,,
d337f22d676fed07,lgbm,full,False,0.8194552529182879,0.0,0.805736661471754,0.6062382977987069,193.13,"{""class_weight_mode"": ""balanced"", ""colsample_bytree"": 0.8, ""learning_rate"": 0.06, ""min_child_samples"": 5, ""n_estimators"": 800, ""num_leaves"": 31, ""reg_lambda"": 5.0, ""subsample"": 0.8, ""subsample_freq"": 1}",False,False,rebuilt,,,,,,
e5d90835dfaf43d8,lgbm,full,False,0.8194552529182879,0.0,0.8057387171465825,0.5795457423622781,104.67,"{""class_weight_mode"": ""balanced"", ""colsample_bytree"": 0.3881600403943153, ""learning_rate"": 0.013577726703071965, ""min_child_samples"": 38, ""n_estimators"": 1400, ""num_leaves"": 57, ""reg_alpha"": 0.1892942361316847, ""reg_lambda"": 0.0012277382098607383, ""subsample"": 0.6976485509226497, ""subsample_freq"": 1}",False,False,rebuilt,,,,,,
71e3f31cf508d3c0,lgbm,top120,False,0.8194552529182879,0.0,0.804648076410642,0.6678500735523569,63.62,"{""class_weight_mode"": ""balanced"", ""colsample_bytree"": 0.3645714125490035, ""learning_rate"": 0.019747404869220924, ""min_child_samples"": 33, ""n_estimators"": 1400, ""num_leaves"": 75, ""reg_alpha"": 0.030339572738060375, ""reg_lambda"": 0.0147939882609344, ""subsample"": 0.7667843152022682, ""subsample_freq"": 1}",False,False,rebuilt,,,,,,
1a4ce827d783a207,lgbm,full,False,0.8194552529182879,0.0,0.8017739012954606,0.8576197471094302,80.96,"{""class_weight_mode"": ""none"", ""colsample_bytree"": 0.5, ""learning_rate"": 0.06, ""min_child_samples"": 20, ""n_estimators"": 400, ""num_leaves"": 63, ""reg_lambda"": 0.0, ""subsample"": 0.8, ""subsample_freq"": 1}",False,False,rebuilt,,,,,,
2338604c0b7e3361,xgb,full,False,0.8186770428015564,0.0,0.8063540151852244,0.5715494422963295,75.94,"{""class_weight_mode"": ""balanced"", ""colsample_bytree"": 0.5, ""learning_rate"": 0.03, ""max_depth"": 3, ""min_child_weight"": 1, ""n_estimators"": 800, ""reg_lambda"": 5.0, ""subsample"": 0.7}",False,False,rebuilt,,,,,,
4b82b2213ad0f15a,lgbm,top120,False,0.8186770428015564,0.0,0.8006378591436396,0.6402246979248483,92.5,"{""class_weight_mode"": ""none"", ""colsample_bytree"": 0.3331877274477929, ""learning_rate"": 0.013802405144922399, ""min_child_samples"": 30, ""n_estimators"": 1100, ""num_leaves"": 77, ""reg_alpha"": 0.03685658146227551, ""reg_lambda"": 0.02105131736340194, ""subsample"": 0.7632052291950318, ""subsample_freq"": 1}",False,False,rebuilt,,,,,,
87370ac83f3904ca,lgbm,full,False,0.8186770428015564,0.0,0.8059515150082632,0.7915422624629739,95.29,"{""class_weight_mode"": ""balanced"", ""colsample_bytree"": 0.8, ""learning_rate"": 0.03, ""min_child_samples"": 10, ""n_estimators"": 400, ""num_leaves"": 15, ""reg_lambda"": 0.0, ""subsample"": 0.8, ""subsample_freq"": 1}",False,False,rebuilt,,,,,,
37379f7dae793b0e,lgbm,top120,False,0.8186770428015564,0.0,0.8062037021521608,0.603036856743728,36.13,"{""class_weight_mode"": ""balanced"", ""colsample_bytree"": 0.4552314025287725, ""learning_rate"": 0.034691097085411716, ""min_child_samples"": 36, ""n_estimators"": 1200, ""num_leaves"": 54, ""reg_alpha"": 0.2741973300264016, ""reg_lambda"": 0.006108424684407057, ""subsample"": 0.5965580621714393, ""subsample_freq"": 1}",False,False,rebuilt,,,,,,
7dc0a0f760b15f73,xgb,full,False,0.8186770428015564,0.0,0.803233086905631,0.5951359716118382,86.75,"{""class_weight_mode"": ""none"", ""colsample_bytree"": 0.8, ""learning_rate"": 0.06, ""max_depth"": 4, ""min_child_weight"": 3, ""n_estimators"": 800, ""reg_lambda"": 1.0, ""subsample"": 0.9}",False,False,rebuilt,,,,,,
2b82d5f4bc09e98a,lgbm,full,False,0.8186770428015564,0.0,0.80824016399272,0.6225239789325052,89.88,"{""class_weight_mode"": ""balanced"", ""colsample_bytree"": 0.8, ""learning_rate"": 0.12, ""min_child_samples"": 20, ""n_estimators"": 800, ""num_leaves"": 63, ""reg_lambda"": 5.0, ""subsample"": 0.8, ""subsample_freq"": 1}",False,False,rebuilt,,,,,,
80ffc30c44a8dadf,lgbm,full,False,0.8186770428015564,0.0,0.8051808585186097,0.8933788922061432,61.35,"{""class_weight_mode"": ""balanced"", ""colsample_bytree"": 0.5, ""learning_rate"": 0.12, ""min_child_samples"": 10, ""n_estimators"": 800, ""num_leaves"": 63, ""reg_lambda"": 0.0, ""subsample"": 0.8, ""subsample_freq"": 1}",False,False,rebuilt,,,,,,
09beb3ec9745d931,xgb,full,False,0.8186770428015564,0.0,0.8059226121558408,0.5964929514768771,77.18,"{""class_weight_mode"": ""balanced"", ""colsample_bytree"": 0.8, ""learning_rate"": 0.06, ""max_depth"": 6, ""min_child_weight"": 3, ""n_estimators"": 800, ""reg_lambda"": 1.0, ""subsample"": 0.9}",False,False,rebuilt,,,,,,
2927ce20b7fdf269,lgbm,full,False,0.8186770428015564,0.0,0.7996229735905638,0.879485338083795,111.66,"{""class_weight_mode"": ""none"", ""colsample_bytree"": 0.5, ""learning_rate"": 0.06, ""min_child_samples"": 20, ""n_estimators"": 800, ""num_leaves"": 63, ""reg_lambda"": 0.0, ""subsample"": 0.8, ""subsample_freq"": 1}",False,False,rebuilt,,,,,,
923a106b96149ad9,lgbm,full,False,0.8186770428015564,0.0,0.8069345353033937,0.9064760180295016,34.74,"{""class_weight_mode"": ""balanced"", ""colsample_bytree"": 0.5, ""learning_rate"": 0.12, ""min_child_samples"": 10, ""n_estimators"": 800, ""num_leaves"": 15, ""reg_lambda"": 0.0, ""subsample"": 0.8, ""subsample_freq"": 1}",False,False,rebuilt,,,,,,
6a020bda24bc7230,lgbm,top120,False,0.8186770428015564,0.0,0.8034653507123947,0.8386146907142971,96.28,"{""class_weight_mode"": ""balanced"", ""colsample_bytree"": 0.6287370335259644, ""learning_rate"": 0.02463139142824587, ""min_child_samples"": 22, ""n_estimators"": 1400, ""num_leaves"": 69, ""reg_alpha"": 0.0011029155449824315, ""reg_lambda"": 0.0021075881399109805, ""subsample"": 0.6805916925006674, ""subsample_freq"": 1}",False,False,rebuilt,,,,,,
92cfd72f65506ab8,lgbm,top120,False,0.8186770428015564,0.0,0.8006709384158196,0.7353849245613948,90.82,"{""class_weight_mode"": ""none"", ""colsample_bytree"": 0.4163873945322233, ""learning_rate"": 0.016877408024964492, ""min_child_samples"": 33, ""n_estimators"": 1000, ""num_leaves"": 73, ""reg_alpha"": 0.004688333930603048, ""reg_lambda"": 0.00625406443034253, ""subsample"": 0.7915432682960502, ""subsample_freq"": 1}",False,False,rebuilt,,,,,,
4e643e7d33cfd88a,lgbm,full,False,0.8186770428015564,0.0,0.8063507427609004,0.8448606763730235,117.45,"{""class_weight_mode"": ""balanced"", ""colsample_bytree"": 0.8, ""learning_rate"": 0.03, ""min_child_samples"": 20, ""n_estimators"": 800, ""num_leaves"": 15, ""reg_lambda"": 0.0, ""subsample"": 0.8, ""subsample_freq"": 1}",False,False,rebuilt,,,,,,
0f32d663c159e171,lgbm,full,False,0.8186770428015564,0.0,0.8014093652282218,0.6413783864368332,171.73,"{""class_weight_mode"": ""none"", ""colsample_bytree"": 0.8, ""learning_rate"": 0.12, ""min_child_samples"": 5, ""n_estimators"": 800, ""num_leaves"": 63, ""reg_lambda"": 5.0, ""subsample"": 0.8, ""subsample_freq"": 1}",False,False,rebuilt,,,,,,
304af8e5e84d73dd,lgbm,full,False,0.8186770428015564,0.0,0.8029600188116701,0.8784402183532457,123.81,"{""class_weight_mode"": ""none"", ""colsample_bytree"": 0.8, ""learning_rate"": 0.06, ""min_child_samples"": 10, ""n_estimators"": 800, ""num_leaves"": 63, ""reg_lambda"": 0.0, ""subsample"": 0.8, ""subsample_freq"": 1}",False,False,rebuilt,,,,,,
e11d0a0d69f90064,lgbm,top120,False,0.8186770428015564,0.0,0.8066304098471282,0.5781538346182319,41.79,"{""class_weight_mode"": ""balanced"", ""colsample_bytree"": 0.45526517085818163, ""learning_rate"": 0.0357123251264235, ""min_child_samples"": 33, ""n_estimators"": 1100, ""num_leaves"": 11, ""reg_alpha"": 0.7425653740276881, ""reg_lambda"": 0.001372627780699275, ""subsample"": 0.5258831762941775, ""subsample_freq"": 1}",False,False,rebuilt,,,,,,
70f366600ae01faa,lgbm,full,False,0.8186770428015564,0.0,0.80824016399272,0.6225239789325052,100.02,"{""class_weight_mode"": ""balanced"", ""colsample_bytree"": 0.8, ""learning_rate"": 0.12, ""min_child_samples"": 20, ""n_estimators"": 800, ""num_leaves"": 31, ""reg_lambda"": 5.0, ""subsample"": 0.8, ""subsample_freq"": 1}",False,False,rebuilt,,,,,,
fdb1a15d22974657,lgbm,full,False,0.8186770428015564,0.0,0.8054872784822693,0.8807220527427978,55.99,"{""class_weight_mode"": ""balanced"", ""colsample_bytree"": 0.8, ""learning_rate"": 0.12, ""min_child_samples"": 20, ""n_estimators"": 400, ""num_leaves"": 63, ""reg_lambda"": 0.0, ""subsample"": 0.8, ""subsample_freq"": 1}",False,False,rebuilt,,,,,,
a9de0950b15abe23,lgbm,full,False,0.8186770428015564,0.0,0.8035417648805563,0.8065974075285292,174.01,"{""class_weight_mode"": ""balanced"", ""colsample_bytree"": 0.8, ""learning_rate"": 0.03, ""min_child_samples"": 10, ""n_estimators"": 400, ""num_leaves"": 63, ""reg_lambda"": 0.0, ""subsample"": 0.8, ""subsample_freq"": 1}",False,False,rebuilt,,,,,,
82143ef2890af7e4,lgbm,full,False,0.8186770428015564,0.0,0.8055379916934606,0.5907850328825134,97.36,"{""class_weight_mode"": ""balanced"", ""colsample_bytree"": 0.4461957636991144, ""learning_rate"": 0.08354690955860333, ""min_child_samples"": 38, ""n_estimators"": 1500, ""num_leaves"": 87, ""reg_alpha"": 0.17843907011547466, ""reg_lambda"": 4.80280101925439, ""subsample"": 0.8466058702587935, ""subsample_freq"": 1}",False,False,rebuilt,,,,,,
0faacaaf0cbcff5d,xgb,full,False,0.8186770428015564,0.0,0.8050456825015015,0.6240951886955832,97.17,"{""class_weight_mode"": ""balanced"", ""colsample_bytree"": 0.8, ""learning_rate"": 0.06, ""max_depth"": 6, ""min_child_weight"": 1, ""n_estimators"": 800, ""reg_lambda"": 1.0, ""subsample"": 0.9}",False,False,rebuilt,,,,,,
72342bcf26e07636,lgbm,full,False,0.8186770428015564,0.0,0.8037710930298327,0.881081307775932,74.08,"{""class_weight_mode"": ""none"", ""colsample_bytree"": 0.8, ""learning_rate"": 0.06, ""min_child_samples"": 10, ""n_estimators"": 800, ""num_leaves"": 15, ""reg_lambda"": 0.0, ""subsample"": 0.8, ""subsample_freq"": 1}",False,False,rebuilt,,,,,,
5a854f2b573ebcfa,lgbm,top120,False,0.8178988326848249,0.0,0.7966853587501078,0.5863256625377707,86.13,"{""class_weight_mode"": ""none"", ""colsample_bytree"": 0.9320875154863397, ""learning_rate"": 0.010337465740445452, ""min_child_samples"": 24, ""n_estimators"": 600, ""num_leaves"": 86, ""reg_alpha"": 0.021935324966530768, ""reg_lambda"": 0.004829248639487267, ""subsample"": 0.6699616354091273, ""subsample_freq"": 1}",False,False,rebuilt,,,,,,
88f38d851b389584,lgbm,top120,False,0.8178988326848249,0.0,0.7993472822988703,0.564055571516636,66.47,"{""class_weight_mode"": ""none"", ""colsample_bytree"": 0.4339888724812216, ""learning_rate"": 0.01107145362438474, ""min_child_samples"": 27, ""n_estimators"": 1300, ""num_leaves"": 79, ""reg_alpha"": 0.8343950203662823, ""reg_lambda"": 0.004618770907679804, ""subsample"": 0.725759713308143, ""subsample_freq"": 1}",False,False,rebuilt,,,,,,
4f37c8a22bd85356,lgbm,full,False,0.8178988326848249,0.0,0.8017547972188857,0.8193203690923914,119.69,"{""class_weight_mode"": ""balanced"", ""colsample_bytree"": 0.8, ""learning_rate"": 0.03, ""min_child_samples"": 5, ""n_estimators"": 400, ""num_leaves"": 31, ""reg_lambda"": 0.0, ""subsample"": 0.8, ""subsample_freq"": 1}",False,False,rebuilt,,,,,,
bde9cf8161872a0f,lgbm,top120,False,0.8178988326848249,0.0,0.80432496443401,0.5784750488587563,79.37,"{""class_weight_mode"": ""balanced"", ""colsample_bytree"": 0.6422812393990212, ""learning_rate"": 0.01899830451947799, ""min_child_samples"": 40, ""n_estimators"": 1500, ""num_leaves"": 37, ""reg_alpha"": 0.5090946212300993, ""reg_lambda"": 0.00120164341872578, ""subsample"": 0.6614692466643055, ""subsample_freq"": 1}",False,False,rebuilt,,,,,,
7cee913556d57f50,lgbm,full,False,0.8178988326848249,0.0,0.8072677701697039,0.5998605795783026,43.83,"{""class_weight_mode"": ""balanced"", ""colsample_bytree"": 0.8, ""learning_rate"": 0.12, ""min_child_samples"": 20, ""n_estimators"": 400, ""num_leaves"": 31, ""reg_lambda"": 5.0, ""subsample"": 0.8, ""subsample_freq"": 1}",False,False,rebuilt,,,,,,
6f7deda6dd9cf830,lgbm,top120,False,0.8178988326848249,0.0,0.8041402814675648,0.6675055171010145,131.9,"{""class_weight_mode"": ""balanced"", ""colsample_bytree"": 0.4666529943023472, ""learning_rate"": 0.01209209888438276, ""min_child_samples"": 32, ""n_estimators"": 1400, ""num_leaves"": 22, ""reg_alpha"": 0.015342857067234638, ""reg_lambda"": 0.03787384518133185, ""subsample"": 0.7065029203762896, ""subsample_freq"": 1}",False,False,rebuilt,,,,,,
2f9edc3c4f4b2901,lgbm,full,False,0.8178988326848249,0.0,0.803208729783714,0.9066311466777884,52.14,"{""class_weight_mode"": ""balanced"", ""colsample_bytree"": 0.8, ""learning_rate"": 0.12, ""min_child_samples"": 20, ""n_estimators"": 800, ""num_leaves"": 15, ""reg_lambda"": 0.0, ""subsample"": 0.8, ""subsample_freq"": 1}",False,False,rebuilt,,,,,,
351d43a629ce2cf0,lgbm,full,False,0.8178988326848249,0.0,0.8032067990783398,0.5823192418286434,110.32,"{""class_weight_mode"": ""balanced"", ""colsample_bytree"": 0.8, ""learning_rate"": 0.03, ""min_child_samples"": 20, ""n_estimators"": 800, ""num_leaves"": 15, ""reg_lambda"": 5.0, ""subsample"": 0.8, ""subsample_freq"": 1}",False,False,rebuilt,,,,,,
e595d4e539790476,xgb,full,False,0.8178988326848249,0.0,0.806692115449159,0.5760562890226721,184.01,"{""class_weight_mode"": ""balanced"", ""colsample_bytree"": 0.8, ""learning_rate"": 0.03, ""max_depth"": 4, ""min_child_weight"": 1, ""n_estimators"": 800, ""reg_lambda"": 5.0, ""subsample"": 0.7}",False,False,rebuilt,,,,,,
1b403b1c9a3094cd,xgb,full,False,0.8178988326848249,0.0,0.8036598721500271,0.5761024428787955,84.58,"{""class_weight_mode"": ""balanced"", ""colsample_bytree"": 0.5, ""learning_rate"": 0.03, ""max_depth"": 3, ""min_child_weight"": 1, ""n_estimators"": 800, ""reg_lambda"": 1.0, ""subsample"": 0.7}",False,False,rebuilt,,,,,,
53d02cbac93444d5,xgb,full,False,0.8178988326848249,0.0,0.8023241093838089,0.6143319968998361,58.16,"{""class_weight_mode"": ""none"", ""colsample_bytree"": 0.8, ""learning_rate"": 0.12, ""max_depth"": 3, ""min_child_weight"": 3, ""n_estimators"": 800, ""reg_lambda"": 5.0, ""subsample"": 0.7}",False,False,rebuilt,,,,,,
96ac0884435c228a,xgb,full,False,0.8178988326848249,0.0,0.8081719810225844,0.5823034598501623,94.4,"{""class_weight_mode"": ""balanced"", ""colsample_bytree"": 0.7730677960658223, ""gamma"": 0.02470239860955072, ""learning_rate"": 0.04362546112332384, ""max_depth"": 7, ""min_child_weight"": 4.108039328666888, ""n_estimators"": 800, ""reg_alpha"": 0.24999807543377278, ""reg_lambda"": 1.369646160211413, ""subsample"": 0.7721444429068651}",False,False,rebuilt,,,,,,
33efa5e5dd824a16,lgbm,full,False,0.8178988326848249,0.0,0.7995141778795262,0.570132979353415,103.39,"{""class_weight_mode"": ""none"", ""colsample_bytree"": 0.47965991542666, ""learning_rate"": 0.01795215630978534, ""min_child_samples"": 23, ""n_estimators"": 1200, ""num_leaves"": 56, ""reg_alpha"": 0.511831866015686, ""reg_lambda"": 0.004554844824698126, ""subsample"": 0.7593714603957918, ""subsample_freq"": 1}",False,False,rebuilt,,,,,,
e169064e7fc46a55,lgbm,full,False,0.8178988326848249,0.0,0.8072677701697039,0.5998605795783026,64.12,"{""class_weight_mode"": ""balanced"", ""colsample_bytree"": 0.8, ""learning_rate"": 0.12, ""min_child_samples"": 20, ""n_estimators"": 400, ""num_leaves"": 63, ""reg_lambda"": 5.0, ""subsample"": 0.8, ""subsample_freq"": 1}",False,False,rebuilt,,,,,,
53ba09d722274397,xgb,full,False,0.8178988326848249,0.0,0.8056963227810184,0.5766290984333845,130.62,"{""class_weight_mode"": ""balanced"", ""colsample_bytree"": 0.8, ""learning_rate"": 0.03, ""max_depth"": 6, ""min_child_weight"": 3, ""n_estimators"": 800, ""reg_lambda"": 1.0, ""subsample"": 0.7}",False,False,rebuilt,,,,,,
e4186dbba8d25033,lgbm,full,False,0.8178988326848249,0.0,0.7994576792226028,0.7751663689715858,99.34,"{""class_weight_mode"": ""none"", ""colsample_bytree"": 0.5, ""learning_rate"": 0.03, ""min_child_samples"": 20, ""n_estimators"": 400, ""num_leaves"": 63, ""reg_lambda"": 0.0, ""subsample"": 0.8, ""subsample_freq"": 1}",False,False,rebuilt,,,,,,
4be84e80167b8ea8,lgbm,full,False,0.8178988326848249,0.0,0.8016812924734233,0.8805958136470646,88.2,"{""class_weight_mode"": ""balanced"", ""colsample_bytree"": 0.8, ""learning_rate"": 0.03, ""min_child_samples"": 5, ""n_estimators"": 800, ""num_leaves"": 15, ""reg_lambda"": 0.0, ""subsample"": 0.8, ""subsample_freq"": 1}",False,False,rebuilt,,,,,,
3f8caa724240ec75,lgbm,top120,False,0.8178988326848249,0.0,0.8003653640837985,0.6238546333104286,36.57,"{""class_weight_mode"": ""none"", ""colsample_bytree"": 0.5079035655048444, ""learning_rate"": 0.021262522986086215, ""min_child_samples"": 29, ""n_estimators"": 500, ""num_leaves"": 24, ""reg_alpha"": 0.025232551706809093, ""reg_lambda"": 0.00641335273146068, ""subsample"": 0.6331338809416508, ""subsample_freq"": 1}",False,False,rebuilt,,,,,,
cd6ff0a91c7f577e,lgbm,top120,False,0.8178988326848249,0.0,0.7985404522315822,0.6730648619063417,75.27,"{""class_weight_mode"": ""none"", ""colsample_bytree"": 0.46934443687644317, ""learning_rate"": 0.018815134730229, ""min_child_samples"": 30, ""n_estimators"": 900, ""num_leaves"": 32, ""reg_alpha"": 0.012267813014193536, ""reg_lambda"": 0.0092751239595074, ""subsample"": 0.5533777361973677, ""subsample_freq"": 1}",False,False,rebuilt,,,,,,
d997bf5d5a0615f3,lgbm,top120,False,0.8178988326848249,0.0,0.8001331694308746,0.556333474954903,42.67,"{""class_weight_mode"": ""none"", ""colsample_bytree"": 0.3540989011566933, ""learning_rate"": 0.016004407471634664, ""min_child_samples"": 32, ""n_estimators"": 800, ""num_leaves"": 63, ""reg_alpha"": 0.7889528846066419, ""reg_lambda"": 0.005653989116690689, ""subsample"": 0.7787971050911984, ""subsample_freq"": 1}",False,False,rebuilt,,,,,,
85740e5dd0a889e1,xgb,full,False,0.8178988326848249,0.0,0.8047131555743177,0.5852918737052349,78.95,"{""class_weight_mode"": ""balanced"", ""colsample_bytree"": 0.5, ""learning_rate"": 0.06, ""max_depth"": 8, ""min_child_weight"": 1, ""n_estimators"": 400, ""reg_lambda"": 1.0, ""subsample"": 0.7}",False,False,rebuilt,,,,,,
c462d6e4c983d052,xgb,full,False,0.8178988326848249,0.0,0.8036333583652489,0.6091035744901812,44.88,"{""class_weight_mode"": ""balanced"", ""colsample_bytree"": 0.8, ""learning_rate"": 0.12, ""max_depth"": 6, ""min_child_weight"": 3, ""n_estimators"": 800, ""reg_lambda"": 1.0, ""subsample"": 0.9}",False,False,rebuilt,,,,,,
4985284657c99b6a,lgbm,full,False,0.8178988326848249,0.0,0.8057526519686995,0.6029005126400343,91.44,"{""class_weight_mode"": ""balanced"", ""colsample_bytree"": 0.8, ""learning_rate"": 0.06, ""min_child_samples"": 20, ""n_estimators"": 800, ""num_leaves"": 15, ""reg_lambda"": 5.0, ""subsample"": 0.8, ""subsample_freq"": 1}",False,False,rebuilt,,,,,,
d221c8a50761f831,xgb,full,False,0.8178988326848249,0.0,0.8056499327482296,0.6075085873869601,48.6,"{""class_weight_mode"": ""balanced"", ""colsample_bytree"": 0.8, ""learning_rate"": 0.12, ""max_depth"": 3, ""min_child_weight"": 3, ""n_estimators"": 800, ""reg_lambda"": 1.0, ""subsample"": 0.9}",False,False,rebuilt,,,,,,
1b9e6bb54e00b1f3,lgbm,full,False,0.8178988326848249,0.0,0.8052659196417771,0.5815988672371029,102.42,"{""class_weight_mode"": ""balanced"", ""colsample_bytree"": 0.8, ""learning_rate"": 0.03, ""min_child_samples"": 20, ""n_estimators"": 800, ""num_leaves"": 63, ""reg_lambda"": 5.0, ""subsample"": 0.8, ""subsample_freq"": 1}",False,False,rebuilt,,,,,,
83982b8995df316d,xgb,full,False,0.8178988326848249,0.0,0.804222044765544,0.6057862999937528,74.84,"{""class_weight_mode"": ""balanced"", ""colsample_bytree"": 0.8, ""learning_rate"": 0.06, ""max_depth"": 6, ""min_child_weight"": 1, ""n_estimators"": 400, ""reg_lambda"": 1.0, ""subsample"": 0.9}",False,False,rebuilt,,,,,,
348ddc37946c1898,xgb,full,False,0.8178988326848249,0.0,0.8042315716508288,0.5944407815390208,88.44,"{""class_weight_mode"": ""balanced"", ""colsample_bytree"": 0.5, ""learning_rate"": 0.12, ""max_depth"": 8, ""min_child_weight"": 1, ""n_estimators"": 400, ""reg_lambda"": 5.0, ""subsample"": 0.7}",False,False,rebuilt,,,,,,
97ff8f1b28327ac7,lgbm,full,False,0.8178988326848249,0.0,0.8043809546185929,0.599314667896537,155.14,"{""class_weight_mode"": ""balanced"", ""colsample_bytree"": 0.8, ""learning_rate"": 0.06, ""min_child_samples"": 10, ""n_estimators"": 800, ""num_leaves"": 63, ""reg_lambda"": 5.0, ""subsample"": 0.8, ""subsample_freq"": 1}",False,False,rebuilt,,,,,,
a633e159cd5d66a3,lgbm,top120,False,0.8178988326848249,0.0,0.8067246326992701,0.6143960445144244,55.33,"{""class_weight_mode"": ""balanced"", ""colsample_bytree"": 0.6035043092363317, ""learning_rate"": 0.02642547885715704, ""min_child_samples"": 39, ""n_estimators"": 800, ""num_leaves"": 25, ""reg_alpha"": 0.026846295624285265, ""reg_lambda"": 0.201284820021327, ""subsample"": 0.5481587863997279, ""subsample_freq"": 1}",False,False,rebuilt,,,,,,
8d9c4a5886add234,lgbm,full,False,0.8178988326848249,0.0,0.803573316476902,0.7661425312245577,82.7,"{""class_weight_mode"": ""balanced"", ""colsample_bytree"": 0.8, ""learning_rate"": 0.03, ""min_child_samples"": 20, ""n_estimators"": 400, ""num_leaves"": 15, ""reg_lambda"": 0.0, ""subsample"": 0.8, ""subsample_freq"": 1}",False,False,rebuilt,,,,,,
91c7d753d39bc7f4,lgbm,top120,False,0.8178988326848249,0.0,0.803554440551039,0.5736220404096112,65.44,"{""class_weight_mode"": ""none"", ""colsample_bytree"": 0.9879235769360994, ""learning_rate"": 0.02097981012533178, ""min_child_samples"": 24, ""n_estimators"": 800, ""num_leaves"": 93, ""reg_alpha"": 0.7443662428653457, ""reg_lambda"": 0.004417905397189343, ""subsample"": 0.5934053243661986, ""subsample_freq"": 1}",False,False,rebuilt,,,,,,
188a686e4d0431c2,lgbm,full,False,0.8178988326848249,0.0,0.8046474600680401,0.5910024931065198,86.97,"{""class_weight_mode"": ""balanced"", ""colsample_bytree"": 0.8, ""learning_rate"": 0.06, ""min_child_samples"": 5, ""n_estimators"": 400, ""num_leaves"": 63, ""reg_lambda"": 5.0, ""subsample"": 0.8, ""subsample_freq"": 1}",False,False,rebuilt,,,,,,
24ab6d229c6c0767,lgbm,full,False,0.8178988326848249,0.0,0.8012606745158644,0.7802081353640514,132.74,"{""class_weight_mode"": ""none"", ""colsample_bytree"": 0.8, ""learning_rate"": 0.03, ""min_child_samples"": 20, ""n_estimators"": 400, ""num_leaves"": 31, ""reg_lambda"": 0.0, ""subsample"": 0.8, ""subsample_freq"": 1}",False,False,rebuilt,,,,,,
fa65103d61eb0bd0,xgb,full,False,0.8178988326848249,0.0,0.8044566494315688,0.5768337545590106,101.27,"{""class_weight_mode"": ""balanced"", ""colsample_bytree"": 0.5, ""learning_rate"": 0.03, ""max_depth"": 6, ""min_child_weight"": 3, ""n_estimators"": 800, ""reg_lambda"": 1.0, ""subsample"": 0.7}",False,False,rebuilt,,,,,,
9e273c71b11f55fc,lgbm,full,False,0.8178988326848249,0.0,0.7986688800433279,0.9041640497296752,61.03,"{""class_weight_mode"": ""none"", ""colsample_bytree"": 0.8, ""learning_rate"": 0.12, ""min_child_samples"": 20, ""n_estimators"": 800, ""num_leaves"": 63, ""reg_lambda"": 0.0, ""subsample"": 0.8, ""subsample_freq"": 1}",False,False,rebuilt,,,,,,
7aea3d86c0a2fe83,lgbm,top120,False,0.8178988326848249,0.0,0.8000512450979953,0.590201836540489,50.18,"{""class_weight_mode"": ""none"", ""colsample_bytree"": 0.6090365647627404, ""learning_rate"": 0.022606644146199572, ""min_child_samples"": 29, ""n_estimators"": 1100, ""num_leaves"": 30, ""reg_alpha"": 0.3835440571842323, ""reg_lambda"": 0.002368938964341303, ""subsample"": 0.6355505850707006, ""subsample_freq"": 1}",False,False,rebuilt,,,,,,
8a7836e55afbae47,xgb,full,False,0.8178988326848249,0.0,0.805534190220919,0.582437947677821,116.52,"{""class_weight_mode"": ""balanced"", ""colsample_bytree"": 0.8, ""learning_rate"": 0.03, ""max_depth"": 8, ""min_child_weight"": 3, ""n_estimators"": 800, ""reg_lambda"": 1.0, ""subsample"": 0.9}",False,False,rebuilt,,,,,,
913a24de37d92d04,lgbm,top120,False,0.8178988326848249,0.0,0.7977021372030025,0.5712866746684623,55.52,"{""class_weight_mode"": ""none"", ""colsample_bytree"": 0.43783859562764493, ""learning_rate"": 0.010481440835041747, ""min_child_samples"": 19, ""n_estimators"": 600, ""num_leaves"": 20, ""reg_alpha"": 0.18617308355735745, ""reg_lambda"": 0.0012054842509247714, ""subsample"": 0.7772560034628592, ""subsample_freq"": 1}",False,False,rebuilt,,,,,,
2f4a57bcb323eef4,lgbm,full,False,0.8178988326848249,0.0,0.8049214149822685,0.853472051824751,118.1,"{""class_weight_mode"": ""balanced"", ""colsample_bytree"": 0.8, ""learning_rate"": 0.03, ""min_child_samples"": 10, ""n_estimators"": 800, ""num_leaves"": 15, ""reg_lambda"": 0.0, ""subsample"": 0.8, ""subsample_freq"": 1}",False,False,rebuilt,,,,,,
6407f8040c423542,lgbm,full,False,0.8178988326848249,0.0,0.8052659196417771,0.5815988672371029,117.68,"{""class_weight_mode"": ""balanced"", ""colsample_bytree"": 0.8, ""learning_rate"": 0.03, ""min_child_samples"": 20, ""n_estimators"": 800, ""num_leaves"": 31, ""reg_lambda"": 5.0, ""subsample"": 0.8, ""subsample_freq"": 1}",False,False,rebuilt,,,,,,
35424d0331c38c0f,lgbm,full,False,0.8178988326848249,0.0,0.8044381539865085,0.6053359102152783,146.35,"{""class_weight_mode"": ""balanced"", ""colsample_bytree"": 0.8, ""learning_rate"": 0.06, ""min_child_samples"": 5, ""n_estimators"": 800, ""num_leaves"": 15, ""reg_lambda"": 5.0, ""subsample"": 0.8, ""subsample_freq"": 1}",False,False,rebuilt,,,,,,
3cad779b8e029c0c,lgbm,top120,False,0.8178988326848249,0.0,0.8003760458002602,0.6238590648145385,88.22,"{""class_weight_mode"": ""none"", ""colsample_bytree"": 0.6116581444501565, ""learning_rate"": 0.012392476676444119, ""min_child_samples"": 22, ""n_estimators"": 1100, ""num_leaves"": 89, ""reg_alpha"": 0.0932441542631267, ""reg_lambda"": 0.001987911850120152, ""subsample"": 0.7386066088280584, ""subsample_freq"": 1}",False,False,rebuilt,,,,,,
13fabd372d23eb60,lgbm,full,False,0.8178988326848249,0.0,0.8062107239959904,0.8899867775627168,29.49,"{""class_weight_mode"": ""balanced"", ""colsample_bytree"": 0.5, ""learning_rate"": 0.12, ""min_child_samples"": 20, ""n_estimators"": 800, ""num_leaves"": 15, ""reg_lambda"": 0.0, ""subsample"": 0.8, ""subsample_freq"": 1}",False,False,rebuilt,,,,,,
85a1862bf52fe80f,lgbm,full,False,0.8178988326848249,0.0,0.8037536477722311,0.8599648415092249,56.39,"{""class_weight_mode"": ""balanced"", ""colsample_bytree"": 0.8, ""learning_rate"": 0.06, ""min_child_samples"": 5, ""n_estimators"": 400, ""num_leaves"": 15, ""reg_lambda"": 0.0, ""subsample"": 0.8, ""subsample_freq"": 1}",False,False,rebuilt,,,,,,
39fb2da06cfb3ce1,xgb,full,False,0.8178988326848249,0.0,0.801123985649322,0.5746888284039959,75.45,"{""class_weight_mode"": ""none"", ""colsample_bytree"": 0.8, ""learning_rate"": 0.06, ""max_depth"": 8, ""min_child_weight"": 3, ""n_estimators"": 400, ""reg_lambda"": 1.0, ""subsample"": 0.9}",False,False,rebuilt,,,,,,
25046d49dcab0f2e,lgbm,full,False,0.8178988326848249,0.0,0.8050392080361505,0.5901263328864137,74.77,"{""class_weight_mode"": ""balanced"", ""colsample_bytree"": 0.8, ""learning_rate"": 0.06, ""min_child_samples"": 5, ""n_estimators"": 400, ""num_leaves"": 31, ""reg_lambda"": 5.0, ""subsample"": 0.8, ""subsample_freq"": 1}",False,False,rebuilt,,,,,,
88f06df1a1a413a8,lgbm,full,False,0.8171206225680934,0.0,0.8048952276654664,0.8913544132473346,47.45,"{""class_weight_mode"": ""balanced"", ""colsample_bytree"": 0.8, ""learning_rate"": 0.12, ""min_child_samples"": 10, ""n_estimators"": 800, ""num_leaves"": 31, ""reg_lambda"": 0.0, ""subsample"": 0.8, ""subsample_freq"": 1}",False,False,rebuilt,,,,,,
605de1d088ac2e0c,xgb,full,False,0.8171206225680934,0.0,0.8031322335884242,0.5791266507968431,233.96,"{""class_weight_mode"": ""balanced"", ""colsample_bytree"": 0.6723603356732496, ""gamma"": 0.009376481550047755, ""learning_rate"": 0.017011521427998007, ""max_depth"": 8, ""min_child_weight"": 3.7483617517712964, ""n_estimators"": 1300, ""reg_alpha"": 0.020699215677171107, ""reg_lambda"": 0.1612624125369492, ""subsample"": 0.9305091307663452}",False,False,rebuilt,,,,,,
647d52f6cd064d13,xgb,full,False,0.8171206225680934,0.0,0.7991353526923141,0.5859632784415282,71.49,"{""class_weight_mode"": ""none"", ""colsample_bytree"": 0.5, ""learning_rate"": 0.06, ""max_depth"": 6, ""min_child_weight"": 3, ""n_estimators"": 800, ""reg_lambda"": 1.0, ""subsample"": 0.7}",False,False,rebuilt,,,,,,
44719b8d86531e8f,lgbm,top120,False,0.8171206225680934,0.0,0.7984191596687307,0.6522205207584804,137.47,"{""class_weight_mode"": ""none"", ""colsample_bytree"": 0.5652200088481336, ""learning_rate"": 0.012344464517852344, ""min_child_samples"": 29, ""n_estimators"": 1200, ""num_leaves"": 90, ""reg_alpha"": 0.040120781890155104, ""reg_lambda"": 0.0025389208975390913, ""subsample"": 0.7538200257952038, ""subsample_freq"": 1}",False,False,rebuilt,,,,,,
4be98a5268384339,lgbm,full,False,0.8171206225680934,0.0,0.8011667934151504,0.8800159412932675,138.49,"{""class_weight_mode"": ""none"", ""colsample_bytree"": 0.8, ""learning_rate"": 0.06, ""min_child_samples"": 5, ""n_estimators"": 800, ""num_leaves"": 63, ""reg_lambda"": 0.0, ""subsample"": 0.8, ""subsample_freq"": 1}",False,False,rebuilt,,,,,,
5f28346a15e5d3bd,xgb,full,False,0.8171206225680934,0.0,0.8041089369235828,0.5747212972726892,39.95,"{""class_weight_mode"": ""balanced"", ""colsample_bytree"": 0.5, ""learning_rate"": 0.06, ""max_depth"": 8, ""min_child_weight"": 3, ""n_estimators"": 400, ""reg_lambda"": 1.0, ""subsample"": 0.9}",False,False,rebuilt,,,,,,
62fc0a606f2680aa,lgbm,full,False,0.8171206225680934,0.0,0.7996138289733772,0.8866178869043685,128.58,"{""class_weight_mode"": ""balanced"", ""colsample_bytree"": 0.8, ""learning_rate"": 0.06, ""min_child_samples"": 5, ""n_estimators"": 800, ""num_leaves"": 63, ""reg_lambda"": 0.0, ""subsample"": 0.8, ""subsample_freq"": 1}",False,False,rebuilt,,,,,,
93fd241b0058c486,lgbm,full,False,0.8171206225680934,0.0,0.8025974785150686,0.861931814798676,109.83,"{""class_weight_mode"": ""none"", ""colsample_bytree"": 0.8, ""learning_rate"": 0.06, ""min_child_samples"": 10, ""n_estimators"": 400, ""num_leaves"": 63, ""reg_lambda"": 0.0, ""subsample"": 0.8, ""subsample_freq"": 1}",False,False,rebuilt,,,,,,
92f4a86ff78f3b58,lgbm,full,False,0.8171206225680934,0.0,0.8009041743479532,0.8751511480152909,90.36,"{""class_weight_mode"": ""none"", ""colsample_bytree"": 0.8, ""learning_rate"": 0.06, ""min_child_samples"": 5, ""n_estimators"": 800, ""num_leaves"": 31, ""reg_lambda"": 0.0, ""subsample"": 0.8, ""subsample_freq"": 1}",False,False,rebuilt,,,,,,
1ac68a212cc44f78,lgbm,top120,False,0.8171206225680934,0.0,0.7984267811860566,0.5920984769339915,96.69,"{""class_weight_mode"": ""none"", ""colsample_bytree"": 0.773934513231373, ""learning_rate"": 0.014547178788334348, ""min_child_samples"": 24, ""n_estimators"": 800, ""num_leaves"": 20, ""reg_alpha"": 0.2888350984429205, ""reg_lambda"": 0.0020123213340425008, ""subsample"": 0.8304812791172088, ""subsample_freq"": 1}",False,False,rebuilt,,,,,,
1a327ef2b686cd07,lgbm,full,False,0.8171206225680934,0.0,0.8037396668396347,0.587299279654592,69.83,"{""class_weight_mode"": ""balanced"", ""colsample_bytree"": 0.8, ""learning_rate"": 0.06, ""min_child_samples"": 5, ""n_estimators"": 400, ""num_leaves"": 15, ""reg_lambda"": 5.0, ""subsample"": 0.8, ""subsample_freq"": 1}",False,False,rebuilt,,,,,,
b7fdfab11b378f38,lgbm,full,False,0.8171206225680934,0.0,0.8039619424993714,0.8374688304213328,174.22,"{""class_weight_mode"": ""balanced"", ""colsample_bytree"": 0.8, ""learning_rate"": 0.03, ""min_child_samples"": 20, ""n_estimators"": 800, ""num_leaves"": 31, ""reg_lambda"": 0.0, ""subsample"": 0.8, ""subsample_freq"": 1}",False,False,rebuilt,,,,,,
26dce5d68b8dd38e,lgbm,full,False,0.8171206225680934,0.0,0.8044209475432715,0.8919445801183016,30.48,"{""class_weight_mode"": ""none"", ""colsample_bytree"": 0.8, ""learning_rate"": 0.12, ""min_child_samples"": 10, ""n_estimators"": 400, ""num_leaves"": 15, ""reg_lambda"": 0.0, ""subsample"": 0.8, ""subsample_freq"": 1}",False,False,rebuilt,,,,,,
63265a2f409f9648,xgb,full,False,0.8171206225680934,0.0,0.7983813262331239,0.5907757917363492,78.31,"{""class_weight_mode"": ""none"", ""colsample_bytree"": 0.8, ""learning_rate"": 0.06, ""max_depth"": 3, ""min_child_weight"": 3, ""n_estimators"": 800, ""reg_lambda"": 1.0, ""subsample"": 0.9}",False,False,rebuilt,,,,,,
16bf00affb2b01fd,xgb,full,False,0.8171206225680934,0.0,0.8018950991467397,0.6084394313715327,122.63,"{""class_weight_mode"": ""none"", ""colsample_bytree"": 0.8, ""learning_rate"": 0.06, ""max_depth"": 8, ""min_child_weight"": 1, ""n_estimators"": 800, ""reg_lambda"": 1.0, ""subsample"": 0.9}",False,False,rebuilt,,,,,,
0f42d97a6eba113f,xgb,full,False,0.8171206225680934,0.0,0.801356319320719,0.5859903207327148,63.58,"{""class_weight_mode"": ""none"", ""colsample_bytree"": 0.8, ""learning_rate"": 0.12, ""max_depth"": 8, ""min_child_weight"": 3, ""n_estimators"": 400, ""reg_lambda"": 5.0, ""subsample"": 0.9}",False,False,rebuilt,,,,,,
e3da2d542fab3189,lgbm,full,False,0.8171206225680934,0.0,0.7993252089535969,0.8583414471233731,49.45,"{""class_weight_mode"": ""none"", ""colsample_bytree"": 0.5, ""learning_rate"": 0.06, ""min_child_samples"": 20, ""n_estimators"": 400, ""num_leaves"": 15, ""reg_lambda"": 0.0, ""subsample"": 0.8, ""subsample_freq"": 1}",False,False,rebuilt,,,,,,
34361a4ed2afd013,lgbm,full,False,0.8171206225680934,0.0,0.8056826864061174,0.9008574339694012,43.1,"{""class_weight_mode"": ""balanced"", ""colsample_bytree"": 0.5, ""learning_rate"": 0.12, ""min_child_samples"": 20, ""n_estimators"": 800, ""num_leaves"": 31, ""reg_lambda"": 0.0, ""subsample"": 0.8, ""subsample_freq"": 1}",False,False,rebuilt,,,,,,
5ffe7aeb28bf79ea,lgbm,top120,False,0.8171206225680934,0.0,0.8055914750657609,0.5692590712525577,38.6,"{""class_weight_mode"": ""balanced"", ""colsample_bytree"": 0.31992432999279097, ""learning_rate"": 0.014825716276371689, ""min_child_samples"": 33, ""n_estimators"": 1200, ""num_leaves"": 34, ""reg_alpha"": 0.6034497288970607, ""reg_lambda"": 0.002932858965998697, ""subsample"": 0.6845465392481935, ""subsample_freq"": 1}",False,False,rebuilt,,,,,,
a633339b3d90e097,lgbm,full,False,0.8171206225680934,0.0,0.8036530894771026,0.7741511811090221,223.25,"{""class_weight_mode"": ""balanced"", ""colsample_bytree"": 0.8, ""learning_rate"": 0.03, ""min_child_samples"": 20, ""n_estimators"": 400, ""num_leaves"": 31, ""reg_lambda"": 0.0, ""subsample"": 0.8, ""subsample_freq"": 1}",False,False,rebuilt,,,,,,
0f35d0d0d5887b1c,lgbm,top120,False,0.8171206225680934,0.0,0.796060943408954,0.6630622132708782,112.48,"{""class_weight_mode"": ""none"", ""colsample_bytree"": 0.3403773942493128, ""learning_rate"": 0.010081497537359456, ""min_child_samples"": 23, ""n_estimators"": 1400, ""num_leaves"": 88, ""reg_alpha"": 0.016454859502430582, ""reg_lambda"": 0.0032613292932992, ""subsample"": 0.6292743286401244, ""subsample_freq"": 1}",False,False,rebuilt,,,,,,
6317106f2ec64b4a,lgbm,full,False,0.8171206225680934,0.0,0.8065376752887209,0.5853201856687615,87.63,"{""class_weight_mode"": ""balanced"", ""colsample_bytree"": 0.39603853920350884, ""learning_rate"": 0.06126090740040637, ""min_child_samples"": 28, ""n_estimators"": 1500, ""num_leaves"": 75, ""reg_alpha"": 0.26146940493305615, ""reg_lambda"": 4.9217939114499645, ""subsample"": 0.829647624007279, ""subsample_freq"": 1}",False,False,rebuilt,,,,,,
68923c12a3faecfe,lgbm,full,False,0.8171206225680934,0.0,0.800720614890958,0.8693148237025355,64.76,"{""class_weight_mode"": ""balanced"", ""colsample_bytree"": 0.5, ""learning_rate"": 0.06, ""min_child_samples"": 20, ""n_estimators"": 800, ""num_leaves"": 31, ""reg_lambda"": 0.0, ""subsample"": 0.8, ""subsample_freq"": 1}",False,False,rebuilt,,,,,,
44186936c888b1ab,xgb,full,False,0.8171206225680934,0.0,0.7997992099911946,0.6043143380643986,68.73,"{""class_weight_mode"": ""none"", ""colsample_bytree"": 0.9496004140570528, ""gamma"": 0.0013328395351225979, ""learning_rate"": 0.07735322682293691, ""max_depth"": 7, ""min_child_weight"": 6.0732884698345435, ""n_estimators"": 1100, ""reg_alpha"": 0.013522671079479904, ""reg_lambda"": 0.3501122164497876, ""subsample"": 0.8674918244628518}",False,False,rebuilt,,,,,,
6e8f8ebcc8b49946,lgbm,full,False,0.8171206225680934,0.0,0.8017230190020118,0.8662871132405409,106.76,"{""class_weight_mode"": ""none"", ""colsample_bytree"": 0.8, ""learning_rate"": 0.06, ""min_child_samples"": 5, ""n_estimators"": 400, ""num_leaves"": 63, ""reg_lambda"": 0.0, ""subsample"": 0.8, ""subsample_freq"": 1}",False,False,rebuilt,,,,,,
eea1b9bd849f2fd9,lgbm,full,False,0.8171206225680934,0.0,0.8005578087562032,0.8781621047748972,73.01,"{""class_weight_mode"": ""none"", ""colsample_bytree"": 0.5, ""learning_rate"": 0.06, ""min_child_samples"": 20, ""n_estimators"": 800, ""num_leaves"": 31, ""reg_lambda"": 0.0, ""subsample"": 0.8, ""subsample_freq"": 1}",False,False,rebuilt,,,,,,
90cce6755aa8ee43,xgb,full,False,0.8171206225680934,0.0,0.8048186016673036,0.608157700885382,54.64,"{""class_weight_mode"": ""balanced"", ""colsample_bytree"": 0.8, ""learning_rate"": 0.12, ""max_depth"": 3, ""min_child_weight"": 3, ""n_estimators"": 800, ""reg_lambda"": 5.0, ""subsample"": 0.9}",False,False,rebuilt,,,,,,
005eb3bf53f1b379,lgbm,full,False,0.8171206225680934,0.0,0.8029612528887815,0.8814840565271124,47.68,"{""class_weight_mode"": ""balanced"", ""colsample_bytree"": 0.5, ""learning_rate"": 0.06, ""min_child_samples"": 5, ""n_estimators"": 800, ""num_leaves"": 15, ""reg_lambda"": 0.0, ""subsample"": 0.8, ""subsample_freq"": 1}",False,False,rebuilt,,,,,,
ac7a2cf5b3aeb45a,lgbm,full,False,0.8171206225680934,0.0,0.8043442702156129,0.5827073519720011,61.28,"{""class_weight_mode"": ""balanced"", ""colsample_bytree"": 0.8, ""learning_rate"": 0.06, ""min_child_samples"": 10, ""n_estimators"": 400, ""num_leaves"": 63, ""reg_lambda"": 5.0, ""subsample"": 0.8, ""subsample_freq"": 1}",False,False,rebuilt,,,,,,
b6075b43d3a7ede8,lgbm,full,False,0.8171206225680934,0.0,0.8000986208936884,0.8603907020141902,66.22,"{""class_weight_mode"": ""none"", ""colsample_bytree"": 0.8, ""learning_rate"": 0.06, ""min_child_samples"": 5, ""n_estimators"": 400, ""num_leaves"": 31, ""reg_lambda"": 0.0, ""subsample"": 0.8, ""subsample_freq"": 1}",False,False,rebuilt,,,,,,
b2fc792eaeeb1019,lgbm,full,False,0.8171206225680934,0.0,0.7968938168002676,0.7714945130031924,95.2,"{""class_weight_mode"": ""none"", ""colsample_bytree"": 0.5, ""learning_rate"": 0.03, ""min_child_samples"": 20, ""n_estimators"": 400, ""num_leaves"": 31, ""reg_lambda"": 0.0, ""subsample"": 0.8, ""subsample_freq"": 1}",False,False,rebuilt,,,,,,
004441e40a00fc8f,lgbm,full,False,0.8171206225680934,0.0,0.8007526770732006,0.8564721564797315,88.91,"{""class_weight_mode"": ""none"", ""colsample_bytree"": 0.8, ""learning_rate"": 0.03, ""min_child_samples"": 20, ""n_estimators"": 800, ""num_leaves"": 15, ""reg_lambda"": 0.0, ""subsample"": 0.8, ""subsample_freq"": 1}",False,False,rebuilt,,,,,,
ece05ffb361e673c,xgb,full,False,0.8171206225680934,0.0,0.8039419660700166,0.6154069608035557,65.73,"{""class_weight_mode"": ""balanced"", ""colsample_bytree"": 0.5, ""learning_rate"": 0.12, ""max_depth"": 3, ""min_child_weight"": 1, ""n_estimators"": 800, ""reg_lambda"": 5.0, ""subsample"": 0.7}",False,False,rebuilt,,,,,,
055d4ed23145acae,lgbm,full,False,0.8171206225680934,0.0,0.8025088148475825,0.8804665249132935,60.06,"{""class_weight_mode"": ""balanced"", ""colsample_bytree"": 0.8, ""learning_rate"": 0.06, ""min_child_samples"": 5, ""n_estimators"": 800, ""num_leaves"": 15, ""reg_lambda"": 0.0, ""subsample"": 0.8, ""subsample_freq"": 1}",False,False,rebuilt,,,,,,
a3c80c9fc96fe091,lgbm,full,False,0.8171206225680934,0.0,0.8010857942571317,0.8639039918797561,200.66,"{""class_weight_mode"": ""balanced"", ""colsample_bytree"": 0.8, ""learning_rate"": 0.03, ""min_child_samples"": 5, ""n_estimators"": 800, ""num_leaves"": 63, ""reg_lambda"": 0.0, ""subsample"": 0.8, ""subsample_freq"": 1}",False,False,rebuilt,,,,,,
e0bbe156bffa3236,lgbm,full,False,0.8171206225680934,0.0,0.8024144260389245,0.9041252059437488,66.17,"{""class_weight_mode"": ""balanced"", ""colsample_bytree"": 0.8, ""learning_rate"": 0.12, ""min_child_samples"": 5, ""n_estimators"": 800, ""num_leaves"": 15, ""reg_lambda"": 0.0, ""subsample"": 0.8, ""subsample_freq"": 1}",False,False,rebuilt,,,,,,
57acdec648214f0a,xgb,full,False,0.8171206225680934,0.0,0.804218850073012,0.5808022373919374,55.6,"{""class_weight_mode"": ""balanced"", ""colsample_bytree"": 0.8, ""learning_rate"": 0.06, ""max_depth"": 6, ""min_child_weight"": 3, ""n_estimators"": 400, ""reg_lambda"": 1.0, ""subsample"": 0.9}",False,False,rebuilt,,,,,,
9c5840f1efd34c2a,lgbm,full,False,0.8171206225680934,0.0,0.8051588455049747,0.8819778444166564,23.09,"{""class_weight_mode"": ""balanced"", ""colsample_bytree"": 0.5, ""learning_rate"": 0.12, ""min_child_samples"": 20, ""n_estimators"": 400, ""num_leaves"": 15, ""reg_lambda"": 0.0, ""subsample"": 0.8, ""subsample_freq"": 1}",False,False,rebuilt,,,,,,
980ec70de72f099b,lgbm,full,False,0.8171206225680934,0.0,0.8038470267161977,0.5853213890678126,45.76,"{""class_weight_mode"": ""balanced"", ""colsample_bytree"": 0.8, ""learning_rate"": 0.06, ""min_child_samples"": 20, ""n_estimators"": 400, ""num_leaves"": 15, ""reg_lambda"": 5.0, ""subsample"": 0.8, ""subsample_freq"": 1}",False,False,rebuilt,,,,,,
8ab52ae89327d363,xgb,full,False,0.8171206225680934,0.0,0.803910813892536,0.6063940602970916,84.63,"{""class_weight_mode"": ""none"", ""colsample_bytree"": 0.9058570158428677, ""gamma"": 0.02467790132561966, ""learning_rate"": 0.12161956521768956, ""max_depth"": 6, ""min_child_weight"": 3.3328137155031397, ""n_estimators"": 1000, ""reg_alpha"": 0.06546060582439236, ""reg_lambda"": 0.3574891477743453, ""subsample"": 0.874287815034785}",False,False,rebuilt,,,,,,
1bef9b5f7b904168,xgb,full,False,0.8171206225680934,0.0,0.802306954918012,0.6004916451263663,80.92,"{""class_weight_mode"": ""none"", ""colsample_bytree"": 0.8, ""learning_rate"": 0.12, ""max_depth"": 8, ""min_child_weight"": 3, ""n_estimators"": 800, ""reg_lambda"": 5.0, ""subsample"": 0.9}",False,False,rebuilt,,,,,,
0391999b5886f121,lgbm,full,False,0.8171206225680934,0.0,0.8021801831920732,0.8373546625754622,139.06,"{""class_weight_mode"": ""balanced"", ""colsample_bytree"": 0.5, ""learning_rate"": 0.03, ""min_child_samples"": 20, ""n_estimators"": 800, ""num_leaves"": 63, ""reg_lambda"": 0.0, ""subsample"": 0.8, ""subsample_freq"": 1}",False,False,rebuilt,,,,,,
f6b0381af34a5dd7,lgbm,full,False,0.8171206225680934,0.0,0.8046312102019726,0.6228389212847678,83.67,"{""class_weight_mode"": ""balanced"", ""colsample_bytree"": 0.5, ""learning_rate"": 0.12, ""min_child_samples"": 20, ""n_estimators"": 800, ""num_leaves"": 15, ""reg_lambda"": 5.0, ""subsample"": 0.8, ""subsample_freq"": 1}",False,False,rebuilt,,,,,,
41458be1c7e7f0a3,xgb,full,False,0.8171206225680934,0.0,0.8067331650991518,0.5791086030807452,105.06,"{""class_weight_mode"": ""balanced"", ""colsample_bytree"": 0.8, ""learning_rate"": 0.03, ""max_depth"": 4, ""min_child_weight"": 3, ""n_estimators"": 800, ""reg_lambda"": 5.0, ""subsample"": 0.7}",False,False,rebuilt,,,,,,
8e745458ae8108b8,lgbm,full,False,0.8171206225680934,0.007003891050583633,0.8021879945910118,0.7919191294609126,294.7,"{""class_weight_mode"": ""balanced"", ""colsample_bytree"": 0.8, ""learning_rate"": 0.06, ""min_child_samples"": 20, ""n_estimators"": 800, ""num_leaves"": 15, ""reg_lambda"": 0.0, ""subsample"": 0.8, ""subsample_freq"": 1}",,,finalists,0.8106355382619975,0.0014674070686102102,0.7962169030708743,0.776353402875574,,/work/oof/lgbm_8e745458ae8108b8.npz
cbec2b4c31db1c57,lgbm,top120,False,0.8171206225680934,0.0,0.801345983160853,0.5725445871276992,58.42,"{""class_weight_mode"": ""balanced"", ""colsample_bytree"": 0.43112373733499504, ""learning_rate"": 0.010815442428079088, ""min_child_samples"": 39, ""n_estimators"": 1400, ""num_leaves"": 80, ""reg_alpha"": 0.27188549728522715, ""reg_lambda"": 0.0035253800030957926, ""subsample"": 0.6965052436225796, ""subsample_freq"": 1}",False,False,rebuilt,,,,,,
c6adb67c0931578f,lgbm,full,False,0.8171206225680934,0.0,0.8008640036822351,0.8903112572515872,54.36,"{""class_weight_mode"": ""none"", ""colsample_bytree"": 0.8, ""learning_rate"": 0.06, ""min_child_samples"": 5, ""n_estimators"": 800, ""num_leaves"": 15, ""reg_lambda"": 0.0, ""subsample"": 0.8, ""subsample_freq"": 1}",False,False,rebuilt,,,,,,
a92845c8adf7ecee,xgb,full,False,0.8171206225680934,0.0,0.8061998507349946,0.5768168226737039,52.15,"{""class_weight_mode"": ""balanced"", ""colsample_bytree"": 0.8, ""learning_rate"": 0.06, ""max_depth"": 3, ""min_child_weight"": 3, ""n_estimators"": 400, ""reg_lambda"": 5.0, ""subsample"": 0.7}",False,False,rebuilt,,,,,,
ffff6b9df2b3822a,lgbm,full,False,0.8171206225680934,0.0,0.8010155529775324,0.7766259999467949,138.36,"{""class_weight_mode"": ""balanced"", ""colsample_bytree"": 0.8, ""learning_rate"": 0.03, ""min_child_samples"": 20, ""n_estimators"": 400, ""num_leaves"": 63, ""reg_lambda"": 0.0, ""subsample"": 0.8, ""subsample_freq"": 1}",False,False,rebuilt,,,,,,
662cdab972e6f0ea,lgbm,full,False,0.8171206225680934,0.0,0.798287590944286,0.9015469123112244,24.15,"{""class_weight_mode"": ""none"", ""colsample_bytree"": 0.5, ""learning_rate"": 0.12, ""min_child_samples"": 20, ""n_estimators"": 400, ""num_leaves"": 15, ""reg_lambda"": 0.0, ""subsample"": 0.8, ""subsample_freq"": 1}",False,False,rebuilt,,,,,,
0f23a9e6bcaaad9a,lgbm,full,False,0.8171206225680934,0.0,0.803095885469947,0.8764355061971008,89.47,"{""class_weight_mode"": ""balanced"", ""colsample_bytree"": 0.8, ""learning_rate"": 0.06, ""min_child_samples"": 20, ""n_estimators"": 800, ""num_leaves"": 63, ""reg_lambda"": 0.0, ""subsample"": 0.8, ""subsample_freq"": 1}",False,False,rebuilt,,,,,,
423b3a8d947b5ccb,lgbm,full,False,0.8171206225680934,0.0,0.7978251517197807,0.8399281135115682,136.94,"{""class_weight_mode"": ""none"", ""colsample_bytree"": 0.5, ""learning_rate"": 0.03, ""min_child_samples"": 20, ""n_estimators"": 800, ""num_leaves"": 31, ""reg_lambda"": 0.0, ""subsample"": 0.8, ""subsample_freq"": 1}",False,False,rebuilt,,,,,,
0aa7c8c1541dd8ec,lgbm,full,False,0.8171206225680934,0.0,0.8055405240813004,0.7631808490342631,88.76,"{""class_weight_mode"": ""balanced"", ""colsample_bytree"": 0.5, ""learning_rate"": 0.03, ""min_child_samples"": 20, ""n_estimators"": 400, ""num_leaves"": 31, ""reg_lambda"": 0.0, ""subsample"": 0.8, ""subsample_freq"": 1}",False,False,rebuilt,,,,,,
fbf2c27647f752c2,lgbm,top120,False,0.8163424124513619,0.0,0.7984794247469967,0.6949132167792418,111.92,"{""class_weight_mode"": ""none"", ""colsample_bytree"": 0.5464341264678729, ""learning_rate"": 0.013455228116421764, ""min_child_samples"": 18, ""n_estimators"": 1000, ""num_leaves"": 90, ""reg_alpha"": 0.0056580937144063035, ""reg_lambda"": 0.01643823909049762, ""subsample"": 0.67772382419961, ""subsample_freq"": 1}",False,False,rebuilt,,,,,,
c13331830e2b8e05,xgb,full,False,0.8163424124513619,0.0,0.8059455036279859,0.5795488229351605,130.44,"{""class_weight_mode"": ""balanced"", ""colsample_bytree"": 0.8351893475998202, ""gamma"": 0.0018711392346667441, ""learning_rate"": 0.02428127809080746, ""max_depth"": 6, ""min_child_weight"": 3.1296086385422424, ""n_estimators"": 600, ""reg_alpha"": 0.774703741886351, ""reg_lambda"": 0.28329069711907356, ""subsample"": 0.6287255546712393}",False,False,rebuilt,,,,,,
96730b0924fff364,lgbm,full,False,0.8163424124513619,0.0,0.8010162790397946,0.8487087134180556,94.0,"{""class_weight_mode"": ""balanced"", ""colsample_bytree"": 0.5, ""learning_rate"": 0.03, ""min_child_samples"": 10, ""n_estimators"": 800, ""num_leaves"": 31, ""reg_lambda"": 0.0, ""subsample"": 0.8, ""subsample_freq"": 1}",False,False,rebuilt,,,,,,
be75ae4ac60b931a,lgbm,full,False,0.8163424124513619,0.0,0.8031116983333151,0.5816309424413748,68.89,"{""class_weight_mode"": ""balanced"", ""colsample_bytree"": 0.8, ""learning_rate"": 0.06, ""min_child_samples"": 10, ""n_estimators"": 400, ""num_leaves"": 15, ""reg_lambda"": 5.0, ""subsample"": 0.8, ""subsample_freq"": 1}",False,False,rebuilt,,,,,,
4b0a285450e01d65,lgbm,full,False,0.8163424124513619,0.0,0.8002865262748282,0.8713768547173318,53.32,"{""class_weight_mode"": ""none"", ""colsample_bytree"": 0.8, ""learning_rate"": 0.06, ""min_child_samples"": 5, ""n_estimators"": 400, ""num_leaves"": 15, ""reg_lambda"": 0.0, ""subsample"": 0.8, ""subsample_freq"": 1}",False,False,rebuilt,,,,,,
c36370ea0e612f29,lgbm,full,False,0.8163424124513619,0.0,0.805414108047203,0.6048770014469234,87.09,"{""class_weight_mode"": ""balanced"", ""colsample_bytree"": 0.8, ""learning_rate"": 0.06, ""min_child_samples"": 20, ""n_estimators"": 800, ""num_leaves"": 63, ""reg_lambda"": 5.0, ""subsample"": 0.8, ""subsample_freq"": 1}",False,False,rebuilt,,,,,,
459269b2e2a400a5,lgbm,full,False,0.8163424124513619,0.0,0.7984571017008922,0.8821230866820504,65.93,"{""class_weight_mode"": ""none"", ""colsample_bytree"": 0.5, ""learning_rate"": 0.06, ""min_child_samples"": 20, ""n_estimators"": 800, ""num_leaves"": 15, ""reg_lambda"": 0.0, ""subsample"": 0.8, ""subsample_freq"": 1}",False,False,rebuilt,,,,,,
fe3513c02040739a,lgbm,full,False,0.8163424124513619,0.0,0.805414108047203,0.6048770014469234,113.38,"{""class_weight_mode"": ""balanced"", ""colsample_bytree"": 0.8, ""learning_rate"": 0.06, ""min_child_samples"": 20, ""n_estimators"": 800, ""num_leaves"": 31, ""reg_lambda"": 5.0, ""subsample"": 0.8, ""subsample_freq"": 1}",False,False,rebuilt,,,,,,
ba05a56c23f98584,xgb,full,False,0.8163424124513619,0.0,0.8003341563030455,0.6312198867027358,77.87,"{""class_weight_mode"": ""none"", ""colsample_bytree"": 0.8878839295687851, ""gamma"": 0.0005709806192435555, ""learning_rate"": 0.10128763542748537, ""max_depth"": 6, ""min_child_weight"": 0.537028827867045, ""n_estimators"": 700, ""reg_alpha"": 0.02210151549526669, ""reg_lambda"": 0.46637699237855607, ""subsample"": 0.7475083243932991}",False,False,rebuilt,,,,,,
6678dd3c1639e276,xgb,full,False,0.8163424124513619,0.0,0.806765347241394,0.5753614493704193,79.85,"{""class_weight_mode"": ""balanced"", ""colsample_bytree"": 0.8, ""learning_rate"": 0.03, ""max_depth"": 3, ""min_child_weight"": 3, ""n_estimators"": 800, ""reg_lambda"": 5.0, ""subsample"": 0.7}",False,False,rebuilt,,,,,,
d57589c1e42b11f9,lgbm,full,False,0.8163424124513619,0.0,0.7977781242985948,0.894060964751962,112.72,"{""class_weight_mode"": ""none"", ""colsample_bytree"": 0.8, ""learning_rate"": 0.06, ""min_child_samples"": 20, ""n_estimators"": 800, ""num_leaves"": 63, ""reg_lambda"": 0.0, ""subsample"": 0.8, ""subsample_freq"": 1}",False,False,rebuilt,,,,,,
c7c98dfb7a38c780,lgbm,full,False,0.8163424124513619,0.0,0.8006397265558217,0.8518533577931485,58.03,"{""class_weight_mode"": ""none"", ""colsample_bytree"": 0.8, ""learning_rate"": 0.06, ""min_child_samples"": 20, ""n_estimators"": 400, ""num_leaves"": 15, ""reg_lambda"": 0.0, ""subsample"": 0.8, ""subsample_freq"": 1}",False,False,rebuilt,,,,,,
89aca27ac3f0c5c2,lgbm,full,False,0.8163424124513619,0.0,0.8026253879739913,0.7686792851037753,145.79,"{""class_weight_mode"": ""balanced"", ""colsample_bytree"": 0.5, ""learning_rate"": 0.03, ""min_child_samples"": 20, ""n_estimators"": 400, ""num_leaves"": 63, ""reg_lambda"": 0.0, ""subsample"": 0.8, ""subsample_freq"": 1}",False,False,rebuilt,,,,,,
6408d7fbfa4d503e,lgbm,full,False,0.8163424124513619,0.0,0.7992745634781193,0.7920815701953489,78.62,"{""class_weight_mode"": ""none"", ""colsample_bytree"": 0.5, ""learning_rate"": 0.03, ""min_child_samples"": 10, ""n_estimators"": 400, ""num_leaves"": 15, ""reg_lambda"": 0.0, ""subsample"": 0.8, ""subsample_freq"": 1}",False,False,rebuilt,,,,,,
9427520e04ec139e,lgbm,full,False,0.8163424124513619,0.0,0.7999286089477236,0.8790494867825358,53.07,"{""class_weight_mode"": ""none"", ""colsample_bytree"": 0.5, ""learning_rate"": 0.06, ""min_child_samples"": 10, ""n_estimators"": 400, ""num_leaves"": 15, ""reg_lambda"": 0.0, ""subsample"": 0.8, ""subsample_freq"": 1}",False,False,rebuilt,,,,,,
3ed9a0fe02032de3,lgbm,full,False,0.8163424124513619,0.0,0.801338141850952,0.8770325151675443,117.0,"{""class_weight_mode"": ""none"", ""colsample_bytree"": 0.8, ""learning_rate"": 0.03, ""min_child_samples"": 5, ""n_estimators"": 800, ""num_leaves"": 15, ""reg_lambda"": 0.0, ""subsample"": 0.8, ""subsample_freq"": 1}",False,False,rebuilt,,,,,,
b115da5adc9cb039,lgbm,top120,False,0.8163424124513619,0.0,0.8034253100704314,0.6039503785057801,101.31,"{""class_weight_mode"": ""balanced"", ""colsample_bytree"": 0.5743639000013617, ""learning_rate"": 0.01141935013510018, ""min_child_samples"": 35, ""n_estimators"": 1000, ""num_leaves"": 86, ""reg_alpha"": 0.0344145497877516, ""reg_lambda"": 0.020250200540601188, ""subsample"": 0.6040916774734961, ""subsample_freq"": 1}",False,False,rebuilt,,,,,,
16e2b5feb622f5f2,lgbm,full,False,0.8163424124513619,0.0,0.8018844260490413,0.8629087297498422,46.5,"{""class_weight_mode"": ""none"", ""colsample_bytree"": 0.8, ""learning_rate"": 0.06, ""min_child_samples"": 10, ""n_estimators"": 400, ""num_leaves"": 15, ""reg_lambda"": 0.0, ""subsample"": 0.8, ""subsample_freq"": 1}",False,False,rebuilt,,,,,,
9a470b8d3a1b2921,lgbm,top120,False,0.8163424124513619,0.0,0.8006586158143865,0.5730615196976339,49.2,"{""class_weight_mode"": ""none"", ""colsample_bytree"": 0.42042907535857627, ""learning_rate"": 0.013506980439772217, ""min_child_samples"": 18, ""n_estimators"": 900, ""num_leaves"": 34, ""reg_alpha"": 0.47332577681313287, ""reg_lambda"": 0.0030008224289647454, ""subsample"": 0.5793759694324196, ""subsample_freq"": 1}",False,False,rebuilt,,,,,,
9a233018e5dc9ae1,lgbm,full,False,0.8163424124513619,0.0,0.7988795694530897,0.8605540806943123,90.65,"{""class_weight_mode"": ""none"", ""colsample_bytree"": 0.8, ""learning_rate"": 0.06, ""min_child_samples"": 20, ""n_estimators"": 400, ""num_leaves"": 31, ""reg_lambda"": 0.0, ""subsample"": 0.8, ""subsample_freq"": 1}",False,False,rebuilt,,,,,,
8c40761925945acf,xgb,full,False,0.8163424124513619,0.0,0.8041102129121545,0.6015117521562641,100.05,"{""class_weight_mode"": ""balanced"", ""colsample_bytree"": 0.5, ""learning_rate"": 0.06, ""max_depth"": 8, ""min_child_weight"": 1, ""n_estimators"": 800, ""reg_lambda"": 1.0, ""subsample"": 0.7}",False,False,rebuilt,,,,,,
a73eb01449174c86,lgbm,full,False,0.8163424124513619,0.0,0.8016516281299804,0.8981985071917907,30.63,"{""class_weight_mode"": ""balanced"", ""colsample_bytree"": 0.8, ""learning_rate"": 0.12, ""min_child_samples"": 20, ""n_estimators"": 400, ""num_leaves"": 15, ""reg_lambda"": 0.0, ""subsample"": 0.8, ""subsample_freq"": 1}",False,False,rebuilt,,,,,,
a6e26502288f33d3,lgbm,full,False,0.8163424124513619,0.0,0.8058033107554422,0.8964823597774167,48.64,"{""class_weight_mode"": ""balanced"", ""colsample_bytree"": 0.5, ""learning_rate"": 0.12, ""min_child_samples"": 10, ""n_estimators"": 800, ""num_leaves"": 31, ""reg_lambda"": 0.0, ""subsample"": 0.8, ""subsample_freq"": 1}",False,False,rebuilt,,,,,,
cf34fe3ede272ac0,lgbm,full,False,0.8163424124513619,0.0,0.8028082542420018,0.6071518371915986,148.77,"{""class_weight_mode"": ""balanced"", ""colsample_bytree"": 0.8, ""learning_rate"": 0.06, ""min_child_samples"": 5, ""n_estimators"": 800, ""num_leaves"": 63, ""reg_lambda"": 5.0, ""subsample"": 0.8, ""subsample_freq"": 1}",False,False,rebuilt,,,,,,
f857d936890330dd,lgbm,full,False,0.8163424124513619,0.0,0.799874551882984,0.9010730649830436,42.87,"{""class_weight_mode"": ""none"", ""colsample_bytree"": 0.8, ""learning_rate"": 0.12, ""min_child_samples"": 20, ""n_estimators"": 800, ""num_leaves"": 15, ""reg_lambda"": 0.0, ""subsample"": 0.8, ""subsample_freq"": 1}",False,False,rebuilt,,,,,,
3c874da2a1078734,lgbm,top120,False,0.8163424124513619,0.0,0.7992919256795432,0.568672420879553,42.23,"{""class_weight_mode"": ""none"", ""colsample_bytree"": 0.6586650280660064, ""learning_rate"": 0.01548136492988604, ""min_child_samples"": 25, ""n_estimators"": 1000, ""num_leaves"": 42, ""reg_alpha"": 1.430226667709242, ""reg_lambda"": 0.0036177887912945722, ""subsample"": 0.6316217735580751, ""subsample_freq"": 1}",False,False,rebuilt,,,,,,
a61e51e9d3b87bfe,lgbm,full,False,0.8163424124513619,0.0,0.8038390189231851,0.8986594506224068,23.57,"{""class_weight_mode"": ""balanced"", ""colsample_bytree"": 0.5, ""learning_rate"": 0.12, ""min_child_samples"": 10, ""n_estimators"": 400, ""num_leaves"": 15, ""reg_lambda"": 0.0, ""subsample"": 0.8, ""subsample_freq"": 1}",False,False,rebuilt,,,,,,
82a7aef7b947a2a9,lgbm,full,False,0.8163424124513619,0.0,0.8028874841958575,0.6003194819464802,33.42,"{""class_weight_mode"": ""balanced"", ""colsample_bytree"": 0.5, ""learning_rate"": 0.12, ""min_child_samples"": 20, ""n_estimators"": 400, ""num_leaves"": 15, ""reg_lambda"": 5.0, ""subsample"": 0.8, ""subsample_freq"": 1}",False,False,rebuilt,,,,,,
e0cd766e77a8df4e,xgb,full,False,0.8163424124513619,0.0,0.7990346784128668,0.6269400531479412,69.66,"{""class_weight_mode"": ""none"", ""colsample_bytree"": 0.8, ""learning_rate"": 0.12, ""max_depth"": 8, ""min_child_weight"": 1, ""n_estimators"": 800, ""reg_lambda"": 1.0, ""subsample"": 0.9}",False,False,rebuilt,,,,,,
1608cf5df91f0b09,lgbm,full,False,0.8163424124513619,0.0,0.797502935981494,0.5820162838087262,68.33,"{""class_weight_mode"": ""none"", ""colsample_bytree"": 0.3243734843124303, ""learning_rate"": 0.014900313113261014, ""min_child_samples"": 24, ""n_estimators"": 900, ""num_leaves"": 48, ""reg_alpha"": 0.14825748118950852, ""reg_lambda"": 0.0029677137984051322, ""subsample"": 0.7659818228881806, ""subsample_freq"": 1}",False,False,rebuilt,,,,,,
3f1ce870090e9684,lgbm,full,False,0.8163424124513619,0.0,0.8034210567692013,0.6195781044132322,117.5,"{""class_weight_mode"": ""balanced"", ""colsample_bytree"": 0.431013488832668, ""learning_rate"": 0.10781684799318851, ""min_child_samples"": 40, ""n_estimators"": 1400, ""num_leaves"": 77, ""reg_alpha"": 0.005803443078552602, ""reg_lambda"": 8.164043726918663, ""subsample"": 0.898534831990553, ""subsample_freq"": 1}",False,False,rebuilt,,,,,,
d2fd3c67b3b08a65,lgbm,full,False,0.8163424124513619,0.0,0.8042516303589897,0.5755164908804,52.83,"{""class_weight_mode"": ""balanced"", ""colsample_bytree"": 0.8, ""learning_rate"": 0.03, ""min_child_samples"": 20, ""n_estimators"": 400, ""num_leaves"": 15, ""reg_lambda"": 5.0, ""subsample"": 0.8, ""subsample_freq"": 1}",False,False,rebuilt,,,,,,
670a87f5b4115f20,lgbm,full,False,0.8163424124513619,0.0,0.8013723109090118,0.8872949467319187,50.7,"{""class_weight_mode"": ""balanced"", ""colsample_bytree"": 0.5, ""learning_rate"": 0.12, ""min_child_samples"": 10, ""n_estimators"": 400, ""num_leaves"": 63, ""reg_lambda"": 0.0, ""subsample"": 0.8, ""subsample_freq"": 1}",False,False,rebuilt,,,,,,
5c80b19596384792,lgbm,full,False,0.8163424124513619,0.0,0.7980289251241067,0.8743728428647948,72.7,"{""class_weight_mode"": ""none"", ""colsample_bytree"": 0.8, ""learning_rate"": 0.06, ""min_child_samples"": 20, ""n_estimators"": 800, ""num_leaves"": 15, ""reg_lambda"": 0.0, ""subsample"": 0.8, ""subsample_freq"": 1}",False,False,rebuilt,,,,,,
134887d56fb2c840,xgb,full,False,0.8163424124513619,0.0,0.8046976301332434,0.5951280478569734,101.57,"{""class_weight_mode"": ""balanced"", ""colsample_bytree"": 0.8, ""learning_rate"": 0.06, ""max_depth"": 3, ""min_child_weight"": 3, ""n_estimators"": 800, ""reg_lambda"": 1.0, ""subsample"": 0.9}",False,False,rebuilt,,,,,,
fea1dd5c23ab7e95,lgbm,full,False,0.8163424124513619,0.0,0.7975830758300003,0.6194452426972481,101.57,"{""class_weight_mode"": ""none"", ""colsample_bytree"": 0.8, ""learning_rate"": 0.12, ""min_child_samples"": 5, ""n_estimators"": 400, ""num_leaves"": 63, ""reg_lambda"": 5.0, ""subsample"": 0.8, ""subsample_freq"": 1}",False,False,rebuilt,,,,,,
dc30cee432c42760,xgb,full,False,0.8163424124513619,0.0,0.8007243936521542,0.6059481641931483,144.17,"{""class_weight_mode"": ""none"", ""colsample_bytree"": 0.9710511488188432, ""gamma"": 0.00010743662838633235, ""learning_rate"": 0.052645410617494975, ""max_depth"": 7, ""min_child_weight"": 0.8677695901245014, ""n_estimators"": 700, ""reg_alpha"": 0.001447898957726155, ""reg_lambda"": 0.5861097644179719, ""subsample"": 0.6668833754604576}",False,False,rebuilt,,,,,,
bc20f825ae7fe47f,xgb,full,False,0.8163424124513619,0.0,0.8017186410821969,0.6122363079973442,69.65,"{""class_weight_mode"": ""none"", ""colsample_bytree"": 0.8647207554423614, ""gamma"": 0.00016838921332709524, ""learning_rate"": 0.12795752809979705, ""max_depth"": 6, ""min_child_weight"": 0.7108042962668711, ""n_estimators"": 400, ""reg_alpha"": 0.04822875688963084, ""reg_lambda"": 0.9244383888318722, ""subsample"": 0.8436254573704028}",False,False,rebuilt,,,,,,
5ad65b01c07e1f1c,lgbm,full,False,0.8163424124513619,0.0,0.8025554188418035,0.8978868662487877,40.44,"{""class_weight_mode"": ""none"", ""colsample_bytree"": 0.8, ""learning_rate"": 0.12, ""min_child_samples"": 10, ""n_estimators"": 800, ""num_leaves"": 15, ""reg_lambda"": 0.0, ""subsample"": 0.8, ""subsample_freq"": 1}",False,False,rebuilt,,,,,,
2d7b092389fab164,lgbm,full,False,0.8163424124513619,0.0,0.8017082129175099,0.8430873788197366,63.34,"{""class_weight_mode"": ""balanced"", ""colsample_bytree"": 0.5, ""learning_rate"": 0.06, ""min_child_samples"": 20, ""n_estimators"": 400, ""num_leaves"": 63, ""reg_lambda"": 0.0, ""subsample"": 0.8, ""subsample_freq"": 1}",False,False,rebuilt,,,,,,
f62c98e157ea2238,lgbm,top120,False,0.8163424124513619,0.0,0.7978455673679502,0.6078742618736009,69.2,"{""class_weight_mode"": ""none"", ""colsample_bytree"": 0.3366015877758262, ""learning_rate"": 0.015428230167536437, ""min_child_samples"": 37, ""n_estimators"": 1100, ""num_leaves"": 46, ""reg_alpha"": 0.0716718421773887, ""reg_lambda"": 0.09113083817262174, ""subsample"": 0.6937469993340276, ""subsample_freq"": 1}",False,False,rebuilt,,,,,,
32954c26e11f01fc,lgbm,top120,False,0.8163424124513619,0.0,0.798231647018987,0.762763504669604,142.94,"{""class_weight_mode"": ""none"", ""colsample_bytree"": 0.5578105515933978, ""learning_rate"": 0.012028718710944466, ""min_child_samples"": 17, ""n_estimators"": 1300, ""num_leaves"": 92, ""reg_alpha"": 0.00258407542571169, ""reg_lambda"": 0.007736590070855765, ""subsample"": 0.7782695642932392, ""subsample_freq"": 1}",False,False,rebuilt,,,,,,
ce7f4804df47b9fe,xgb,full,False,0.8163424124513619,0.0,0.8044647476701645,0.5872167401246443,113.39,"{""class_weight_mode"": ""balanced"", ""colsample_bytree"": 0.8, ""learning_rate"": 0.03, ""max_depth"": 4, ""min_child_weight"": 1, ""n_estimators"": 800, ""reg_lambda"": 1.0, ""subsample"": 0.7}",False,False,rebuilt,,,,,,
1379225eae847bd1,lgbm,top120,False,0.8163424124513619,0.0,0.7984430252129442,0.5685140070094508,58.84,"{""class_weight_mode"": ""balanced"", ""colsample_bytree"": 0.6002958191625127, ""learning_rate"": 0.02775847662388074, ""min_child_samples"": 38, ""n_estimators"": 700, ""num_leaves"": 76, ""reg_alpha"": 0.6180611679256226, ""reg_lambda"": 1.696363758212831, ""subsample"": 0.9292063759215059, ""subsample_freq"": 1}",False,False,rebuilt,,,,,,
66a5c8df83b38b8a,lgbm,full,False,0.8155642023346303,0.0,0.7979180658323604,0.8463612278770689,120.65,"{""class_weight_mode"": ""none"", ""colsample_bytree"": 0.5, ""learning_rate"": 0.03, ""min_child_samples"": 20, ""n_estimators"": 800, ""num_leaves"": 63, ""reg_lambda"": 0.0, ""subsample"": 0.8, ""subsample_freq"": 1}",False,False,rebuilt,,,,,,
90603bf6ecd04679,xgb,full,False,0.8155642023346303,0.0,0.80066624120008,0.6284712368590487,46.16,"{""class_weight_mode"": ""balanced"", ""colsample_bytree"": 0.8, ""learning_rate"": 0.12, ""max_depth"": 6, ""min_child_weight"": 1, ""n_estimators"": 400, ""reg_lambda"": 1.0, ""subsample"": 0.9}",False,False,rebuilt,,,,,,
cd7aad9ce6ac1137,xgb,full,False,0.8155642023346303,0.0,0.7975428729286262,0.6021657364364208,75.16,"{""class_weight_mode"": ""none"", ""colsample_bytree"": 0.8, ""learning_rate"": 0.12, ""max_depth"": 3, ""min_child_weight"": 3, ""n_estimators"": 800, ""reg_lambda"": 5.0, ""subsample"": 0.9}",False,False,rebuilt,,,,,,
8d0c6c8a1fdb5c70,lgbm,full,False,0.8155642023346303,0.0,0.8018955806070274,0.8462029225828732,216.14,"{""class_weight_mode"": ""none"", ""colsample_bytree"": 0.8, ""learning_rate"": 0.03, ""min_child_samples"": 20, ""n_estimators"": 800, ""num_leaves"": 31, ""reg_lambda"": 0.0, ""subsample"": 0.8, ""subsample_freq"": 1}",False,False,rebuilt,,,,,,
a35eaa52b0539426,lgbm,full,False,0.8155642023346303,0.0,0.8000288012580237,0.8520598665157644,254.89,"{""class_weight_mode"": ""balanced"", ""colsample_bytree"": 0.8, ""learning_rate"": 0.03, ""min_child_samples"": 10, ""n_estimators"": 800, ""num_leaves"": 63, ""reg_lambda"": 0.0, ""subsample"": 0.8, ""subsample_freq"": 1}",False,False,rebuilt,,,,,,
9604068ba3a32baa,lgbm,full,False,0.8155642023346303,0.0,0.8034058972075904,0.8945871917201936,30.43,"{""class_weight_mode"": ""balanced"", ""colsample_bytree"": 0.5, ""learning_rate"": 0.12, ""min_child_samples"": 20, ""n_estimators"": 400, ""num_leaves"": 31, ""reg_lambda"": 0.0, ""subsample"": 0.8, ""subsample_freq"": 1}",False,False,rebuilt,,,,,,
69830537837f8504,lgbm,full,False,0.8155642023346303,0.0,0.7976293420363646,0.6395902121671846,172.09,"{""class_weight_mode"": ""none"", ""colsample_bytree"": 0.8, ""learning_rate"": 0.12, ""min_child_samples"": 5, ""n_estimators"": 800, ""num_leaves"": 31, ""reg_lambda"": 5.0, ""subsample"": 0.8, ""subsample_freq"": 1}",False,False,rebuilt,,,,,,
1755bc2245f2bd4e,lgbm,top120,False,0.8155642023346303,0.0,0.7967608901111347,0.7137147748978911,157.71,"{""class_weight_mode"": ""none"", ""colsample_bytree"": 0.4534793688266077, ""learning_rate"": 0.010131691404744594, ""min_child_samples"": 16, ""n_estimators"": 1300, ""num_leaves"": 76, ""reg_alpha"": 0.004954186149967037, ""reg_lambda"": 0.002377221744929633, ""subsample"": 0.6457108418045422, ""subsample_freq"": 1}",False,False,rebuilt,,,,,,
bd020fe0c44258dd,lgbm,top120,False,0.8155642023346303,0.0,0.7975215871730416,0.6734892107102549,116.37,"{""class_weight_mode"": ""none"", ""colsample_bytree"": 0.45547546732951116, ""learning_rate"": 0.010210451114512976, ""min_child_samples"": 22, ""n_estimators"": 1300, ""num_leaves"": 84, ""reg_alpha"": 0.017734885626861135, ""reg_lambda"": 0.0032775138858581756, ""subsample"": 0.7087055015743895, ""subsample_freq"": 1}",False,False,rebuilt,,,,,,
8961229ae1532833,lgbm,top120,False,0.8155642023346303,0.0,0.7978012158964785,0.6673644149332902,56.1,"{""class_weight_mode"": ""none"", ""colsample_bytree"": 0.6254006370838908, ""learning_rate"": 0.019470766602468232, ""min_child_samples"": 32, ""n_estimators"": 700, ""num_leaves"": 54, ""reg_alpha"": 0.004956888317138127, ""reg_lambda"": 0.0059543870200415025, ""subsample"": 0.5452776813046329, ""subsample_freq"": 1}",False,False,rebuilt,,,,,,
72701805854841a6,xgb,full,False,0.8155642023346303,0.0,0.7998344482053754,0.5725188726698826,148.45,"{""class_weight_mode"": ""none"", ""colsample_bytree"": 0.5, ""learning_rate"": 0.03, ""max_depth"": 8, ""min_child_weight"": 3, ""n_estimators"": 800, ""reg_lambda"": 5.0, ""subsample"": 0.7}",False,False,rebuilt,,,,,,
d05da5732d02dc8d,lgbm,top120,False,0.8155642023346303,0.0,0.8038825765224132,0.6385062539108244,116.97,"{""class_weight_mode"": ""balanced"", ""colsample_bytree"": 0.6291689962974745, ""learning_rate"": 0.014278087493953302, ""min_child_samples"": 17, ""n_estimators"": 1500, ""num_leaves"": 63, ""reg_alpha"": 0.09129651287450621, ""reg_lambda"": 0.0020137375808557158, ""subsample"": 0.6533211818146761, ""subsample_freq"": 1}",False,False,rebuilt,,,,,,
b4797db8451d2416,lgbm,top120,False,0.8155642023346303,0.0,0.7977475511293282,0.5595035606869566,40.03,"{""class_weight_mode"": ""none"", ""colsample_bytree"": 0.46969121978460154, ""learning_rate"": 0.011235445390067794, ""min_child_samples"": 37, ""n_estimators"": 900, ""num_leaves"": 28, ""reg_alpha"": 1.270391465320698, ""reg_lambda"": 0.022083799134722092, ""subsample"": 0.748984771127787, ""subsample_freq"": 1}",False,False,rebuilt,,,,,,
c6172271b3f77aed,xgb,full,False,0.8155642023346303,0.0,0.8001466412002708,0.5789691653264368,146.65,"{""class_weight_mode"": ""none"", ""colsample_bytree"": 0.5, ""learning_rate"": 0.03, ""max_depth"": 8, ""min_child_weight"": 1, ""n_estimators"": 800, ""reg_lambda"": 1.0, ""subsample"": 0.7}",False,False,rebuilt,,,,,,
b1766a06f7e9e7ea,lgbm,full,False,0.8155642023346303,0.0,0.7970119978172198,0.919028376835036,47.86,"{""class_weight_mode"": ""none"", ""colsample_bytree"": 0.8, ""learning_rate"": 0.12, ""min_child_samples"": 5, ""n_estimators"": 800, ""num_leaves"": 15, ""reg_lambda"": 0.0, ""subsample"": 0.8, ""subsample_freq"": 1}",False,False,rebuilt,,,,,,
366e27876ba041e8,xgb,full,False,0.8155642023346303,0.0,0.803774400535251,0.5689684438476278,46.47,"{""class_weight_mode"": ""balanced"", ""colsample_bytree"": 0.8, ""learning_rate"": 0.06, ""max_depth"": 3, ""min_child_weight"": 3, ""n_estimators"": 400, ""reg_lambda"": 5.0, ""subsample"": 0.9}",False,False,rebuilt,,,,,,
1b42e7a5e6d4649f,lgbm,full,False,0.8155642023346303,0.0,0.8016141817203243,0.5808647794142994,88.18,"{""class_weight_mode"": ""balanced"", ""colsample_bytree"": 0.5, ""learning_rate"": 0.03, ""min_child_samples"": 20, ""n_estimators"": 800, ""num_leaves"": 15, ""reg_lambda"": 5.0, ""subsample"": 0.8, ""subsample_freq"": 1}",False,False,rebuilt,,,,,,
30c5db562732a2c4,lgbm,full,False,0.8155642023346303,0.0,0.8006608728378307,0.8489576404512228,150.2,"{""class_weight_mode"": ""none"", ""colsample_bytree"": 0.8, ""learning_rate"": 0.03, ""min_child_samples"": 10, ""n_estimators"": 800, ""num_leaves"": 31, ""reg_lambda"": 0.0, ""subsample"": 0.8, ""subsample_freq"": 1}",False,False,rebuilt,,,,,,
6b53bac604e444af,xgb,full,False,0.8155642023346303,0.0,0.8050831862878358,0.5718563428143241,100.69,"{""class_weight_mode"": ""balanced"", ""colsample_bytree"": 0.8, ""learning_rate"": 0.03, ""max_depth"": 8, ""min_child_weight"": 3, ""n_estimators"": 400, ""reg_lambda"": 1.0, ""subsample"": 0.9}",False,False,rebuilt,,,,,,
71f955a732b2e71f,lgbm,full,False,0.8155642023346303,0.0,0.7983788427098372,0.8469836703227226,68.8,"{""class_weight_mode"": ""balanced"", ""colsample_bytree"": 0.5, ""learning_rate"": 0.06, ""min_child_samples"": 5, ""n_estimators"": 400, ""num_leaves"": 63, ""reg_lambda"": 0.0, ""subsample"": 0.8, ""subsample_freq"": 1}",False,False,rebuilt,,,,,,
b452299dc74f799d,xgb,full,False,0.8155642023346303,0.0,0.796621613997366,0.6130561148689105,106.91,"{""class_weight_mode"": ""none"", ""colsample_bytree"": 0.8, ""learning_rate"": 0.06, ""max_depth"": 4, ""min_child_weight"": 1, ""n_estimators"": 800, ""reg_lambda"": 1.0, ""subsample"": 0.9}",False,False,rebuilt,,,,,,
8e5c5260cd478162,lgbm,full,False,0.8155642023346303,0.0,0.7990934505446952,0.8514150465777126,156.04,"{""class_weight_mode"": ""none"", ""colsample_bytree"": 0.8, ""learning_rate"": 0.03, ""min_child_samples"": 20, ""n_estimators"": 800, ""num_leaves"": 63, ""reg_lambda"": 0.0, ""subsample"": 0.8, ""subsample_freq"": 1}",False,False,rebuilt,,,,,,
5e1a5717649ea686,lgbm,full,False,0.8155642023346303,0.0,0.80152719527964,0.599155748264774,121.63,"{""class_weight_mode"": ""balanced"", ""colsample_bytree"": 0.8, ""learning_rate"": 0.06, ""min_child_samples"": 10, ""n_estimators"": 800, ""num_leaves"": 31, ""reg_lambda"": 5.0, ""subsample"": 0.8, ""subsample_freq"": 1}",False,False,rebuilt,,,,,,
477dd55c2543886f,lgbm,full,False,0.8155642023346303,0.0,0.7959076986700245,0.9098758091856388,40.3,"{""class_weight_mode"": ""none"", ""colsample_bytree"": 0.5, ""learning_rate"": 0.12, ""min_child_samples"": 20, ""n_estimators"": 800, ""num_leaves"": 15, ""reg_lambda"": 0.0, ""subsample"": 0.8, ""subsample_freq"": 1}",False,False,rebuilt,,,,,,
6e238894e2ed3fbb,hgb,full,False,0.8155642023346303,0.0,0.7958819054764807,0.9740451986968812,50.06,"{""l2_regularization"": 0.0, ""learning_rate"": 0.1, ""max_iter"": 400, ""max_leaf_nodes"": 31, ""min_samples_leaf"": 5}",False,False,rebuilt,,,,,,
c23c28641b0d049b,xgb,full,False,0.8155642023346303,0.0,0.8029173478625612,0.5880309395792643,187.63,"{""class_weight_mode"": ""balanced"", ""colsample_bytree"": 0.8, ""learning_rate"": 0.03, ""max_depth"": 6, ""min_child_weight"": 1, ""n_estimators"": 800, ""reg_lambda"": 1.0, ""subsample"": 0.7}",False,False,rebuilt,,,,,,
d149349ae5593652,xgb,full,False,0.8155642023346303,0.0,0.8013349279177465,0.5911628630137525,60.18,"{""class_weight_mode"": ""balanced"", ""colsample_bytree"": 0.8, ""learning_rate"": 0.12, ""max_depth"": 6, ""min_child_weight"": 3, ""n_estimators"": 400, ""reg_lambda"": 5.0, ""subsample"": 0.9}",False,False,rebuilt,,,,,,
bdeceb1dff2ef02b,xgb,full,False,0.8155642023346303,0.0,0.804421904615622,0.5799972850026041,130.08,"{""class_weight_mode"": ""balanced"", ""colsample_bytree"": 0.6523319031997065, ""gamma"": 0.011480922659220256, ""learning_rate"": 0.033604807464049584, ""max_depth"": 8, ""min_child_weight"": 3.7237385901342117, ""n_estimators"": 1100, ""reg_alpha"": 0.26639173438585134, ""reg_lambda"": 0.37738324891175606, ""subsample"": 0.7447467595786367}",False,False,rebuilt,,,,,,
6df27f23d80d60ec,lgbm,full,False,0.8155642023346303,0.0,0.7994301028862155,0.799231215268678,74.79,"{""class_weight_mode"": ""none"", ""colsample_bytree"": 0.8, ""learning_rate"": 0.03, ""min_child_samples"": 10, ""n_estimators"": 400, ""num_leaves"": 15, ""reg_lambda"": 0.0, ""subsample"": 0.8, ""subsample_freq"": 1}",False,False,rebuilt,,,,,,
a7872bea0ba1ac50,lgbm,top120,False,0.8155642023346303,0.0,0.8065906690184642,0.569811391263983,38.48,"{""class_weight_mode"": ""balanced"", ""colsample_bytree"": 0.5237293985901952, ""learning_rate"": 0.02508257248809149, ""min_child_samples"": 31, ""n_estimators"": 1300, ""num_leaves"": 55, ""reg_alpha"": 1.1030924830980284, ""reg_lambda"": 0.0012732231374244245, ""subsample"": 0.5742893020919283, ""subsample_freq"": 1}",False,False,rebuilt,,,,,,
d0c4345b46d9d46f,lgbm,full,False,0.8155642023346303,0.0,0.8007678775460633,0.6356327778088435,146.36,"{""class_weight_mode"": ""balanced"", ""colsample_bytree"": 0.8, ""learning_rate"": 0.12, ""min_child_samples"": 5, ""n_estimators"": 800, ""num_leaves"": 31, ""reg_lambda"": 5.0, ""subsample"": 0.8, ""subsample_freq"": 1}",False,False,rebuilt,,,,,,
caf4d325c93e604f,xgb,full,False,0.8155642023346303,0.0,0.8036654135688375,0.6390648957695975,63.85,"{""class_weight_mode"": ""balanced"", ""colsample_bytree"": 0.5, ""learning_rate"": 0.12, ""max_depth"": 3, ""min_child_weight"": 1, ""n_estimators"": 800, ""reg_lambda"": 1.0, ""subsample"": 0.9}",False,False,rebuilt,,,,,,
0aea6764f255f2d6,lgbm,full,False,0.8155642023346303,0.0,0.8029076720904593,0.582100958589489,71.72,"{""class_weight_mode"": ""balanced"", ""colsample_bytree"": 0.8, ""learning_rate"": 0.06, ""min_child_samples"": 10, ""n_estimators"": 400, ""num_leaves"": 31, ""reg_lambda"": 5.0, ""subsample"": 0.8, ""subsample_freq"": 1}",False,False,rebuilt,,,,,,
75a6c8b4752f0f87,xgb,full,False,0.8155642023346303,0.0,0.8017489300673001,0.5857501016197585,142.09,"{""class_weight_mode"": ""balanced"", ""colsample_bytree"": 0.5, ""learning_rate"": 0.03, ""max_depth"": 8, ""min_child_weight"": 1, ""n_estimators"": 800, ""reg_lambda"": 1.0, ""subsample"": 0.7}",False,False,rebuilt,,,,,,
9fff033a71b762dd,xgb,full,False,0.8155642023346303,0.0,0.8018845251914588,0.5832870115229393,126.51,"{""class_weight_mode"": ""none"", ""colsample_bytree"": 0.8395136702998387, ""gamma"": 0.000890797663493304, ""learning_rate"": 0.03409381782039825, ""max_depth"": 9, ""min_child_weight"": 5.419923095973153, ""n_estimators"": 1200, ""reg_alpha"": 0.0658061587098593, ""reg_lambda"": 0.28955281807456806, ""subsample"": 0.9290420158321828}",False,False,rebuilt,,,,,,
dc3ade2205d9bba4,lgbm,top120,False,0.8155642023346303,0.0,0.8007143742934757,0.5826919037323117,103.32,"{""class_weight_mode"": ""balanced"", ""colsample_bytree"": 0.7208305594363961, ""learning_rate"": 0.013231146549487137, ""min_child_samples"": 33, ""n_estimators"": 1200, ""num_leaves"": 41, ""reg_alpha"": 0.3301623102139702, ""reg_lambda"": 0.001129412807575571, ""subsample"": 0.6772973000921964, ""subsample_freq"": 1}",False,False,rebuilt,,,,,,
24038b2a4f6f5e68,lgbm,full,False,0.8155642023346303,0.0,0.7947088269542794,0.8734982030733753,69.45,"{""class_weight_mode"": ""none"", ""colsample_bytree"": 0.5, ""learning_rate"": 0.03, ""min_child_samples"": 5, ""n_estimators"": 800, ""num_leaves"": 15, ""reg_lambda"": 0.0, ""subsample"": 0.8, ""subsample_freq"": 1}",False,False,rebuilt,,,,,,
f26df4f0a4393248,xgb,full,False,0.8155642023346303,0.0,0.8053285126969131,0.5833358269142777,76.67,"{""class_weight_mode"": ""balanced"", ""colsample_bytree"": 0.655575331758294, ""gamma"": 0.08377173716314446, ""learning_rate"": 0.03158501493388963, ""max_depth"": 4, ""min_child_weight"": 2.20124230870664, ""n_estimators"": 600, ""reg_alpha"": 0.19920533042056898, ""reg_lambda"": 0.2362601668251983, ""subsample"": 0.595372285338401}",False,False,rebuilt,,,,,,
9ed9c904b013beea,lgbm,full,False,0.8155642023346303,0.0,0.798994711519553,0.9005445618020187,43.64,"{""class_weight_mode"": ""none"", ""colsample_bytree"": 0.5, ""learning_rate"": 0.06, ""min_child_samples"": 10, ""n_estimators"": 800, ""num_leaves"": 15, ""reg_lambda"": 0.0, ""subsample"": 0.8, ""subsample_freq"": 1}",False,False,rebuilt,,,,,,
64b5a2552d96d28f,lgbm,full,False,0.8155642023346303,0.0,0.8012200063357391,0.8951637043683349,41.02,"{""class_weight_mode"": ""balanced"", ""colsample_bytree"": 0.5, ""learning_rate"": 0.12, ""min_child_samples"": 5, ""n_estimators"": 800, ""num_leaves"": 31, ""reg_lambda"": 0.0, ""subsample"": 0.8, ""subsample_freq"": 1}",False,False,rebuilt,,,,,,
88178a10d7969f53,xgb,full,False,0.8155642023346303,0.0,0.804432772814484,0.5778375502950936,111.75,"{""class_weight_mode"": ""balanced"", ""colsample_bytree"": 0.8, ""learning_rate"": 0.03, ""max_depth"": 3, ""min_child_weight"": 3, ""n_estimators"": 800, ""reg_lambda"": 1.0, ""subsample"": 0.7}",False,False,rebuilt,,,,,,
ef544747916ac821,lgbm,full,False,0.8155642023346303,0.0,0.8007372378176111,0.632493061591118,60.95,"{""class_weight_mode"": ""none"", ""colsample_bytree"": 0.5, ""learning_rate"": 0.12, ""min_child_samples"": 20, ""n_estimators"": 800, ""num_leaves"": 15, ""reg_lambda"": 5.0, ""subsample"": 0.8, ""subsample_freq"": 1}",False,False,rebuilt,,,,,,
06fd62926abcb659,lgbm,top120,False,0.8155642023346303,0.0,0.8012709013534123,0.7141606089892427,58.87,"{""class_weight_mode"": ""none"", ""colsample_bytree"": 0.6226232305036286, ""learning_rate"": 0.025765400856992332, ""min_child_samples"": 31, ""n_estimators"": 900, ""num_leaves"": 44, ""reg_alpha"": 0.0042171109937492205, ""reg_lambda"": 0.02278407053303419, ""subsample"": 0.5054032374368076, ""subsample_freq"": 1}",False,False,rebuilt,,,,,,
2b130f7708156f50,lgbm,full,False,0.8155642023346303,0.0,0.800701372387128,0.6078883727401143,47.94,"{""class_weight_mode"": ""none"", ""colsample_bytree"": 0.5, ""learning_rate"": 0.12, ""min_child_samples"": 20, ""n_estimators"": 400, ""num_leaves"": 15, ""reg_lambda"": 5.0, ""subsample"": 0.8, ""subsample_freq"": 1}",False,False,rebuilt,,,,,,
8cd017416500f4f7,xgb,full,False,0.8155642023346303,0.0046692607003890885,0.7996835381905354,0.5777156895300621,342.89,"{""class_weight_mode"": ""balanced"", ""colsample_bytree"": 0.8, ""learning_rate"": 0.12, ""max_depth"": 8, ""min_child_weight"": 3, ""n_estimators"": 800, ""reg_lambda"": 1.0, ""subsample"": 0.9}",,,finalists,0.8049286640726331,0.0064277622274261075,0.7935505337188511,0.585108257442824,,/work/oof/xgb_8cd017416500f4f7.npz
1bb01f4ea0d0e1b3,xgb,full,False,0.8155642023346303,0.005447470817120603,0.798131730490473,0.594544207721044,303.49,"{""class_weight_mode"": ""none"", ""colsample_bytree"": 0.5, ""learning_rate"": 0.12, ""max_depth"": 3, ""min_child_weight"": 1, ""n_estimators"": 800, ""reg_lambda"": 1.0, ""subsample"": 0.9}",,,finalists,0.8095979247730222,0.0009705985439102278,0.7952622919903827,0.5948791646045674,,/work/oof/xgb_1bb01f4ea0d0e1b3.npz
d24eb1d2354cf9c0,xgb,full,False,0.8155642023346303,0.0,0.802177880220377,0.5943885404331011,170.76,"{""class_weight_mode"": ""balanced"", ""colsample_bytree"": 0.8, ""learning_rate"": 0.06, ""max_depth"": 6, ""min_child_weight"": 1, ""n_estimators"": 800, ""reg_lambda"": 5.0, ""subsample"": 0.7}",False,False,rebuilt,,,,,,
5201967f7c3a6146,lgbm,full,False,0.8151750972762646,0.0011673151750972,0.7974017028132464,0.8284218253107997,572.42,"{""learning_rate"": 0.05, ""n_estimators"": 600, ""num_leaves"": 31}",False,False,rebuilt,0.8121919584954606,0.004035369438678,0.7956253661246026,0.7843800091068397,,
f365c205391ac2f6,lgbm,full,False,0.8147859922178988,0.0,0.8028458383314983,0.599345240580705,45.11,"{""class_weight_mode"": ""balanced"", ""colsample_bytree"": 0.5, ""learning_rate"": 0.12, ""min_child_samples"": 20, ""n_estimators"": 400, ""num_leaves"": 31, ""reg_lambda"": 5.0, ""subsample"": 0.8, ""subsample_freq"": 1}",False,False,rebuilt,,,,,,
93faf87a40623fb3,lgbm,full,False,0.8147859922178988,0.0,0.8004939656540768,0.8883716222614267,27.76,"{""class_weight_mode"": ""balanced"", ""colsample_bytree"": 0.5, ""learning_rate"": 0.12, ""min_child_samples"": 5, ""n_estimators"": 400, ""num_leaves"": 31, ""reg_lambda"": 0.0, ""subsample"": 0.8, ""subsample_freq"": 1}",False,False,rebuilt,,,,,,
8e1df49d853e4138,xgb,full,False,0.8147859922178988,0.0,0.7989559902569475,0.6040972381063527,63.77,"{""class_weight_mode"": ""balanced"", ""colsample_bytree"": 0.8, ""learning_rate"": 0.12, ""max_depth"": 6, ""min_child_weight"": 3, ""n_estimators"": 800, ""reg_lambda"": 5.0, ""subsample"": 0.9}",False,False,rebuilt,,,,,,
ff5b7da46a10b47a,lgbm,full,False,0.8147859922178988,0.0,0.8028223622823429,0.614841833268439,85.95,"{""class_weight_mode"": ""balanced"", ""colsample_bytree"": 0.8, ""learning_rate"": 0.12, ""min_child_samples"": 5, ""n_estimators"": 400, ""num_leaves"": 31, ""reg_lambda"": 5.0, ""subsample"": 0.8, ""subsample_freq"": 1}",False,False,rebuilt,,,,,,
77928071b7e827b9,lgbm,full,False,0.8147859922178988,0.0,0.7959859201726507,0.9126617330626208,32.52,"{""class_weight_mode"": ""none"", ""colsample_bytree"": 0.8, ""learning_rate"": 0.12, ""min_child_samples"": 5, ""n_estimators"": 400, ""num_leaves"": 15, ""reg_lambda"": 0.0, ""subsample"": 0.8, ""subsample_freq"": 1}",False,False,rebuilt,,,,,,
009dc824c0d60ba6,lgbm,full,False,0.8147859922178988,0.0,0.7947113890138393,0.8515078087027992,140.77,"{""class_weight_mode"": ""none"", ""colsample_bytree"": 0.5, ""learning_rate"": 0.03, ""min_child_samples"": 5, ""n_estimators"": 800, ""num_leaves"": 63, ""reg_lambda"": 0.0, ""subsample"": 0.8, ""subsample_freq"": 1}",False,False,rebuilt,,,,,,
dbdd6f3bf7638890,xgb,full,False,0.8147859922178988,0.0,0.7970148308052226,0.6054230762901132,69.13,"{""class_weight_mode"": ""none"", ""colsample_bytree"": 0.5, ""learning_rate"": 0.12, ""max_depth"": 3, ""min_child_weight"": 1, ""n_estimators"": 800, ""reg_lambda"": 5.0, ""subsample"": 0.9}",False,False,rebuilt,,,,,,
5111c26777498e82,lgbm,full,False,0.8147859922178988,0.0,0.7980871115757454,0.8958615290641735,55.53,"{""class_weight_mode"": ""none"", ""colsample_bytree"": 0.5, ""learning_rate"": 0.06, ""min_child_samples"": 10, ""n_estimators"": 800, ""num_leaves"": 31, ""reg_lambda"": 0.0, ""subsample"": 0.8, ""subsample_freq"": 1}",False,False,rebuilt,,,,,,
ca31d18b0083e3ae,xgb,full,False,0.8147859922178988,0.0,0.8006639110979622,0.5894683882669884,91.75,"{""class_weight_mode"": ""none"", ""colsample_bytree"": 0.8, ""learning_rate"": 0.06, ""max_depth"": 8, ""min_child_weight"": 3, ""n_estimators"": 800, ""reg_lambda"": 1.0, ""subsample"": 0.9}",False,False,rebuilt,,,,,,
50e5157d9b252644,xgb,full,False,0.8147859922178988,0.0,0.7969703109890088,0.604069531704511,69.09,"{""class_weight_mode"": ""none"", ""colsample_bytree"": 0.5, ""learning_rate"": 0.06, ""max_depth"": 8, ""min_child_weight"": 1, ""n_estimators"": 800, ""reg_lambda"": 1.0, ""subsample"": 0.7}",False,False,rebuilt,,,,,,
4f434e69685b3408,xgb,full,False,0.8147859922178988,0.0,0.8028186136889526,0.6349310708721296,46.58,"{""class_weight_mode"": ""balanced"", ""colsample_bytree"": 0.5, ""learning_rate"": 0.12, ""max_depth"": 4, ""min_child_weight"": 1, ""n_estimators"": 800, ""reg_lambda"": 1.0, ""subsample"": 0.7}",False,False,rebuilt,,,,,,
4d1db7b0d2554d58,xgb,full,False,0.8147859922178988,0.0,0.8049410034138313,0.5975585800095083,75.71,"{""class_weight_mode"": ""balanced"", ""colsample_bytree"": 0.7117638151387584, ""gamma"": 0.004711667918023119, ""learning_rate"": 0.054408747869658575, ""max_depth"": 5, ""min_child_weight"": 1.7655825085974055, ""n_estimators"": 800, ""reg_alpha"": 0.11701605762499072, ""reg_lambda"": 0.6014487627802984, ""subsample"": 0.57375381900393}",False,False,rebuilt,,,,,,
0230039222e640ce,lgbm,full,False,0.8147859922178988,0.0,0.7985880444047752,0.8944300287714886,36.61,"{""class_weight_mode"": ""none"", ""colsample_bytree"": 0.8, ""learning_rate"": 0.12, ""min_child_samples"": 20, ""n_estimators"": 400, ""num_leaves"": 15, ""reg_lambda"": 0.0, ""subsample"": 0.8, ""subsample_freq"": 1}",False,False,rebuilt,,,,,,
c1467b4875ebc5c3,xgb,full,False,0.8147859922178988,0.0,0.7997247115888515,0.5913109140846472,119.37,"{""class_weight_mode"": ""balanced"", ""colsample_bytree"": 0.8, ""learning_rate"": 0.06, ""max_depth"": 4, ""min_child_weight"": 1, ""n_estimators"": 800, ""reg_lambda"": 5.0, ""subsample"": 0.9}",False,False,rebuilt,,,,,,
459852033ade219b,lgbm,full,False,0.8147859922178988,0.0,0.7964101580453047,0.5949959850181973,195.97,"{""class_weight_mode"": ""none"", ""colsample_bytree"": 0.9043733353549628, ""learning_rate"": 0.013031023021852077, ""min_child_samples"": 24, ""n_estimators"": 1200, ""num_leaves"": 84, ""reg_alpha"": 0.11557591756084745, ""reg_lambda"": 0.011682314974671525, ""subsample"": 0.8493818485305624, ""subsample_freq"": 1}",False,False,rebuilt,,,,,,
bd823aef7188626e,lgbm,full,False,0.8147859922178988,0.0,0.8025321138945183,0.6217184134241254,102.18,"{""class_weight_mode"": ""balanced"", ""colsample_bytree"": 0.5, ""learning_rate"": 0.12, ""min_child_samples"": 20, ""n_estimators"": 800, ""num_leaves"": 31, ""reg_lambda"": 5.0, ""subsample"": 0.8, ""subsample_freq"": 1}",False,False,rebuilt,,,,,,
b3f31d3304c5725c,xgb,full,False,0.8147859922178988,0.0,0.7963091000864652,0.5928063117888466,51.45,"{""class_weight_mode"": ""none"", ""colsample_bytree"": 0.5, ""learning_rate"": 0.06, ""max_depth"": 4, ""min_child_weight"": 3, ""n_estimators"": 800, ""reg_lambda"": 1.0, ""subsample"": 0.7}",False,False,rebuilt,,,,,,
5218c11d26c2b3b1,lgbm,full,False,0.8147859922178988,0.0,0.8000581232818471,0.8618385873845237,34.23,"{""class_weight_mode"": ""balanced"", ""colsample_bytree"": 0.5, ""learning_rate"": 0.06, ""min_child_samples"": 5, ""n_estimators"": 400, ""num_leaves"": 15, ""reg_lambda"": 0.0, ""subsample"": 0.8, ""subsample_freq"": 1}",False,False,rebuilt,,,,,,
953605c868130afe,lgbm,full,False,0.8147859922178988,0.0,0.8017303845812812,0.6361372048225654,147.66,"{""class_weight_mode"": ""balanced"", ""colsample_bytree"": 0.8, ""learning_rate"": 0.12, ""min_child_samples"": 5, ""n_estimators"": 800, ""num_leaves"": 63, ""reg_lambda"": 5.0, ""subsample"": 0.8, ""subsample_freq"": 1}",False,False,rebuilt,,,,,,
0124b8ec4bd3cf00,xgb,full,False,0.8147859922178988,0.0,0.8022261947289018,0.5896640554659918,119.16,"{""class_weight_mode"": ""balanced"", ""colsample_bytree"": 0.8, ""learning_rate"": 0.06, ""max_depth"": 8, ""min_child_weight"": 3, ""n_estimators"": 800, ""reg_lambda"": 5.0, ""subsample"": 0.9}",False,False,rebuilt,,,,,,
613b1a2d47df5776,xgb,full,False,0.8147859922178988,0.0,0.8006965761689147,0.5812974404499862,96.43,"{""class_weight_mode"": ""balanced"", ""colsample_bytree"": 0.5, ""learning_rate"": 0.06, ""max_depth"": 6, ""min_child_weight"": 3, ""n_estimators"": 800, ""reg_lambda"": 5.0, ""subsample"": 0.9}",False,False,rebuilt,,,,,,
24cbb042ca6dd10a,xgb,full,False,0.8147859922178988,0.0,0.7974964540300773,0.579585183423758,55.86,"{""class_weight_mode"": ""none"", ""colsample_bytree"": 0.5, ""learning_rate"": 0.06, ""max_depth"": 3, ""min_child_weight"": 3, ""n_estimators"": 800, ""reg_lambda"": 5.0, ""subsample"": 0.9}",False,False,rebuilt,,,,,,
2399983034612fa6,lgbm,full,False,0.8147859922178988,0.0,0.8025321138945183,0.6217184134241254,97.59,"{""class_weight_mode"": ""balanced"", ""colsample_bytree"": 0.5, ""learning_rate"": 0.12, ""min_child_samples"": 20, ""n_estimators"": 800, ""num_leaves"": 63, ""reg_lambda"": 5.0, ""subsample"": 0.8, ""subsample_freq"": 1}",False,False,rebuilt,,,,,,
1ca1ea34d013db76,lgbm,top120,False,0.8147859922178988,0.0,0.7972514892820939,0.6678727584700066,104.1,"{""class_weight_mode"": ""none"", ""colsample_bytree"": 0.5308140669927505, ""learning_rate"": 0.016397322826361783, ""min_child_samples"": 27, ""n_estimators"": 1300, ""num_leaves"": 87, ""reg_alpha"": 0.03553729120715127, ""reg_lambda"": 0.009723103333822801, ""subsample"": 0.6481762442312436, ""subsample_freq"": 1}",False,False,rebuilt,,,,,,
a8d1d39f15e73913,xgb,full,False,0.8147859922178988,0.0,0.8025520937719859,0.5821405339613409,104.4,"{""class_weight_mode"": ""balanced"", ""colsample_bytree"": 0.8, ""learning_rate"": 0.03, ""max_depth"": 3, ""min_child_weight"": 1, ""n_estimators"": 800, ""reg_lambda"": 1.0, ""subsample"": 0.7}",False,False,rebuilt,,,,,,
d111b2a75941c222,lgbm,full,False,0.8147859922178988,0.0,0.8004360894921255,0.6001506064249383,103.09,"{""class_weight_mode"": ""balanced"", ""colsample_bytree"": 0.8, ""learning_rate"": 0.06, ""min_child_samples"": 10, ""n_estimators"": 800, ""num_leaves"": 15, ""reg_lambda"": 5.0, ""subsample"": 0.8, ""subsample_freq"": 1}",False,False,rebuilt,,,,,,
d22d604b181269e0,lgbm,full,False,0.8147859922178988,0.0,0.7981335524679386,0.8722325664597732,107.18,"{""class_weight_mode"": ""none"", ""colsample_bytree"": 0.8, ""learning_rate"": 0.06, ""min_child_samples"": 20, ""n_estimators"": 400, ""num_leaves"": 63, ""reg_lambda"": 0.0, ""subsample"": 0.8, ""subsample_freq"": 1}",False,False,rebuilt,,,,,,
0ee4c55567e11c12,lgbm,full,False,0.8147859922178988,0.0,0.803031766292815,0.6302622843201725,120.19,"{""class_weight_mode"": ""balanced"", ""colsample_bytree"": 0.8, ""learning_rate"": 0.12, ""min_child_samples"": 10, ""n_estimators"": 800, ""num_leaves"": 63, ""reg_lambda"": 5.0, ""subsample"": 0.8, ""subsample_freq"": 1}",False,False,rebuilt,,,,,,
fda4f28e4ff5d0ad,lgbm,full,False,0.8147859922178988,0.0,0.8003809483985689,0.6335230030851141,146.25,"{""class_weight_mode"": ""balanced"", ""colsample_bytree"": 0.8, ""learning_rate"": 0.12, ""min_child_samples"": 10, ""n_estimators"": 800, ""num_leaves"": 15, ""reg_lambda"": 5.0, ""subsample"": 0.8, ""subsample_freq"": 1}",False,False,rebuilt,,,,,,
a946ee7fb9dd34af,xgb,full,False,0.8147859922178988,0.0,0.801093617539071,0.6336554014395908,58.67,"{""class_weight_mode"": ""balanced"", ""colsample_bytree"": 0.5, ""learning_rate"": 0.12, ""max_depth"": 3, ""min_child_weight"": 1, ""n_estimators"": 800, ""reg_lambda"": 1.0, ""subsample"": 0.7}",False,False,rebuilt,,,,,,
e8ca7fd571de9391,lgbm,full,False,0.8147859922178988,0.0,0.796826878418823,0.8476486668442337,146.99,"{""class_weight_mode"": ""none"", ""colsample_bytree"": 0.5, ""learning_rate"": 0.03, ""min_child_samples"": 10, ""n_estimators"": 800, ""num_leaves"": 63, ""reg_lambda"": 0.0, ""subsample"": 0.8, ""subsample_freq"": 1}",False,False,rebuilt,,,,,,
6bff44e166b8cb6a,xgb,full,False,0.8147859922178988,0.0,0.8022858520563944,0.5888391818367719,130.38,"{""class_weight_mode"": ""balanced"", ""colsample_bytree"": 0.7939802734317448, ""gamma"": 0.008504027577597226, ""learning_rate"": 0.04285908020113039, ""max_depth"": 7, ""min_child_weight"": 2.3913142543607715, ""n_estimators"": 900, ""reg_alpha"": 0.2253816157950934, ""reg_lambda"": 0.928562632370065, ""subsample"": 0.7162088603205352}",False,False,rebuilt,,,,,,
b27c430800e4a0f7,xgb,full,False,0.8147859922178988,0.0,0.803374305244769,0.5773671907939135,120.27,"{""class_weight_mode"": ""balanced"", ""colsample_bytree"": 0.8048732634468795, ""gamma"": 0.11582829674754512, ""learning_rate"": 0.025498084970608164, ""max_depth"": 8, ""min_child_weight"": 3.7134526090878706, ""n_estimators"": 1500, ""reg_alpha"": 0.0047027352756957306, ""reg_lambda"": 0.1584124679665689, ""subsample"": 0.8130564429486651}",False,False,rebuilt,,,,,,
f15a14d8ad09d12a,lgbm,full,False,0.8147859922178988,0.0,0.7943970382300399,0.5864143797668825,54.81,"{""class_weight_mode"": ""none"", ""colsample_bytree"": 0.8, ""learning_rate"": 0.06, ""min_child_samples"": 10, ""n_estimators"": 400, ""num_leaves"": 15, ""reg_lambda"": 5.0, ""subsample"": 0.8, ""subsample_freq"": 1}",False,False,rebuilt,,,,,,
7565960ddf4987fe,xgb,full,False,0.8147859922178988,0.0,0.7996632456753509,0.6087343699127451,62.63,"{""class_weight_mode"": ""balanced"", ""colsample_bytree"": 0.8, ""learning_rate"": 0.12, ""max_depth"": 4, ""min_child_weight"": 3, ""n_estimators"": 800, ""reg_lambda"": 5.0, ""subsample"": 0.9}",False,False,rebuilt,,,,,,
c4d7d70443d3f583,lgbm,full,False,0.8147859922178988,0.0,0.7967322239236465,0.6184085190855734,80.43,"{""class_weight_mode"": ""none"", ""colsample_bytree"": 0.8, ""learning_rate"": 0.12, ""min_child_samples"": 5, ""n_estimators"": 400, ""num_leaves"": 31, ""reg_lambda"": 5.0, ""subsample"": 0.8, ""subsample_freq"": 1}",False,False,rebuilt,,,,,,
cfa631d5a9be009b,xgb,full,False,0.8147859922178988,0.0,0.8029182300286039,0.5901191718536855,107.96,"{""class_weight_mode"": ""balanced"", ""colsample_bytree"": 0.7079378491935279, ""gamma"": 0.00979968954970398, ""learning_rate"": 0.03553317180709596, ""max_depth"": 8, ""min_child_weight"": 2.2870491619721567, ""n_estimators"": 900, ""reg_alpha"": 0.025748312183286638, ""reg_lambda"": 1.2086816145419514, ""subsample"": 0.5724239461091984}",False,False,rebuilt,,,,,,
b3ddc94ce0b96a54,lgbm,full,False,0.8147859922178988,0.0,0.7967721142487528,0.7314385144046702,183.41,"{""class_weight_mode"": ""none"", ""colsample_bytree"": 0.5785495334059011, ""learning_rate"": 0.013537066306239642, ""min_child_samples"": 25, ""n_estimators"": 1200, ""num_leaves"": 91, ""reg_alpha"": 0.0020493823612902553, ""reg_lambda"": 0.0012719894425499132, ""subsample"": 0.7919080115125077, ""subsample_freq"": 1}",False,False,rebuilt,,,,,,
78f0f3afc91e33e9,lgbm,full,False,0.8147859922178988,0.0,0.7989710257328151,0.8670004205658236,99.37,"{""class_weight_mode"": ""balanced"", ""colsample_bytree"": 0.5, ""learning_rate"": 0.03, ""min_child_samples"": 5, ""n_estimators"": 800, ""num_leaves"": 15, ""reg_lambda"": 0.0, ""subsample"": 0.8, ""subsample_freq"": 1}",False,False,rebuilt,,,,,,
942ae83a616d80de,xgb,full,False,0.8147859922178988,0.0,0.8017418233998594,0.586491520878927,87.28,"{""class_weight_mode"": ""balanced"", ""colsample_bytree"": 0.8, ""learning_rate"": 0.06, ""max_depth"": 3, ""min_child_weight"": 3, ""n_estimators"": 800, ""reg_lambda"": 5.0, ""subsample"": 0.7}",False,False,rebuilt,,,,,,
b6ce4978838d1d59,lgbm,full,False,0.8147859922178988,0.0,0.7949437004758269,0.6069370787871682,107.19,"{""class_weight_mode"": ""none"", ""colsample_bytree"": 0.8, ""learning_rate"": 0.06, ""min_child_samples"": 10, ""n_estimators"": 800, ""num_leaves"": 15, ""reg_lambda"": 5.0, ""subsample"": 0.8, ""subsample_freq"": 1}",False,False,rebuilt,,,,,,
87ea52921dfc7e99,xgb,full,False,0.8147859922178988,0.0,0.8014349108365719,0.5970249466584728,37.07,"{""class_weight_mode"": ""balanced"", ""colsample_bytree"": 0.8, ""learning_rate"": 0.12, ""max_depth"": 6, ""min_child_weight"": 3, ""n_estimators"": 400, ""reg_lambda"": 1.0, ""subsample"": 0.9}",False,False,rebuilt,,,,,,
8faf2ef0d367811b,xgb,full,False,0.8147859922178988,0.0,0.8034991704918623,0.5830497606710545,91.18,"{""class_weight_mode"": ""balanced"", ""colsample_bytree"": 0.8, ""learning_rate"": 0.03, ""max_depth"": 4, ""min_child_weight"": 3, ""n_estimators"": 800, ""reg_lambda"": 1.0, ""subsample"": 0.7}",False,False,rebuilt,,,,,,
8c1abc28377cadca,lgbm,full,False,0.8147859922178988,0.0,0.8005077529106508,0.584689767924654,76.77,"{""class_weight_mode"": ""balanced"", ""colsample_bytree"": 0.8, ""learning_rate"": 0.03, ""min_child_samples"": 5, ""n_estimators"": 400, ""num_leaves"": 63, ""reg_lambda"": 5.0, ""subsample"": 0.8, ""subsample_freq"": 1}",False,False,rebuilt,,,,,,
9f9d3b1fa08e6472,xgb,full,False,0.8147859922178988,0.0,0.8026569539430792,0.6184884828732976,141.86,"{""class_weight_mode"": ""balanced"", ""colsample_bytree"": 0.8, ""learning_rate"": 0.12, ""max_depth"": 4, ""min_child_weight"": 1, ""n_estimators"": 800, ""reg_lambda"": 5.0, ""subsample"": 0.9}",False,False,rebuilt,,,,,,
d4f8c8fd2fd2daac,lgbm,full,False,0.8147859922178988,0.0,0.7992693857024384,0.8268513040704639,188.69,"{""class_weight_mode"": ""balanced"", ""colsample_bytree"": 0.8, ""learning_rate"": 0.03, ""min_child_samples"": 5, ""n_estimators"": 400, ""num_leaves"": 63, ""reg_lambda"": 0.0, ""subsample"": 0.8, ""subsample_freq"": 1}",False,False,rebuilt,,,,,,
86c5f6cd98ded3fb,lgbm,full,False,0.8147859922178988,0.0,0.8042012978322759,0.5838973718074575,111.53,"{""class_weight_mode"": ""balanced"", ""colsample_bytree"": 0.469300550715631, ""learning_rate"": 0.09903412244739006, ""min_child_samples"": 36, ""n_estimators"": 1500, ""num_leaves"": 87, ""reg_alpha"": 0.2126719059597767, ""reg_lambda"": 17.687995951405828, ""subsample"": 0.8920456656082177, ""subsample_freq"": 1}",False,False,rebuilt,,,,,,
7de36e114336b98d,lgbm,full,False,0.8147859922178988,0.0,0.7960172584707352,0.9245838946222832,32.96,"{""class_weight_mode"": ""none"", ""colsample_bytree"": 0.5, ""learning_rate"": 0.12, ""min_child_samples"": 5, ""n_estimators"": 800, ""num_leaves"": 15, ""reg_lambda"": 0.0, ""subsample"": 0.8, ""subsample_freq"": 1}",False,False,rebuilt,,,,,,
ae427baeb32eee31,lgbm,full,False,0.8147859922178988,0.0,0.8028458383314983,0.599345240580705,59.33,"{""class_weight_mode"": ""balanced"", ""colsample_bytree"": 0.5, ""learning_rate"": 0.12, ""min_child_samples"": 20, ""n_estimators"": 400, ""num_leaves"": 63, ""reg_lambda"": 5.0, ""subsample"": 0.8, ""subsample_freq"": 1}",False,False,rebuilt,,,,,,
fb7572589e61030f,xgb,full,False,0.8147859922178988,0.0,0.7974172266990319,0.6314056344835624,92.06,"{""class_weight_mode"": ""balanced"", ""colsample_bytree"": 0.8, ""learning_rate"": 0.12, ""max_depth"": 4, ""min_child_weight"": 1, ""n_estimators"": 800, ""reg_lambda"": 1.0, ""subsample"": 0.7}",False,False,rebuilt,,,,,,
32d581e0e62f98be,xgb,full,False,0.8147859922178988,0.0,0.7961764152965807,0.6045218727801529,81.83,"{""class_weight_mode"": ""none"", ""colsample_bytree"": 0.8, ""learning_rate"": 0.12, ""max_depth"": 4, ""min_child_weight"": 1, ""n_estimators"": 800, ""reg_lambda"": 5.0, ""subsample"": 0.9}",False,False,rebuilt,,,,,,
56544320d933e3be,xgb,full,False,0.8147859922178988,0.0,0.8010080462033509,0.6142698940964046,71.0,"{""class_weight_mode"": ""balanced"", ""colsample_bytree"": 0.8, ""learning_rate"": 0.06, ""max_depth"": 3, ""min_child_weight"": 1, ""n_estimators"": 800, ""reg_lambda"": 1.0, ""subsample"": 0.7}",False,False,rebuilt,,,,,,
25182479c240e341,xgb,full,False,0.8147859922178988,0.0,0.8024112717588106,0.6119019789392367,35.82,"{""class_weight_mode"": ""balanced"", ""colsample_bytree"": 0.5, ""learning_rate"": 0.12, ""max_depth"": 3, ""min_child_weight"": 3, ""n_estimators"": 800, ""reg_lambda"": 1.0, ""subsample"": 0.9}",False,False,rebuilt,,,,,,
3df938bb02601da5,xgb,full,False,0.8147859922178988,0.0,0.8011732062018788,0.5891530659000913,69.2,"{""class_weight_mode"": ""balanced"", ""colsample_bytree"": 0.5, ""learning_rate"": 0.06, ""max_depth"": 3, ""min_child_weight"": 1, ""n_estimators"": 800, ""reg_lambda"": 5.0, ""subsample"": 0.7}",False,False,rebuilt,,,,,,
cd3274a5bc9e9e42,hgb,full,False,0.8147859922178988,0.0,0.7972966754832533,0.9675019452942296,78.34,"{""l2_regularization"": 0.0, ""learning_rate"": 0.1, ""max_iter"": 400, ""max_leaf_nodes"": 31, ""min_samples_leaf"": 20}",False,False,rebuilt,,,,,,
43ccd87bd0878d5c,lgbm,full,False,0.8147859922178988,0.0,0.7974892254753689,0.8296460723129174,223.41,"{""class_weight_mode"": ""none"", ""colsample_bytree"": 0.8, ""learning_rate"": 0.03, ""min_child_samples"": 5, ""n_estimators"": 400, ""num_leaves"": 63, ""reg_lambda"": 0.0, ""subsample"": 0.8, ""subsample_freq"": 1}",False,False,rebuilt,,,,,,
03b7a0e3d119f5b4,xgb,full,False,0.8147859922178988,0.0,0.8000422005532488,0.6066757311816333,89.35,"{""class_weight_mode"": ""none"", ""colsample_bytree"": 0.8, ""learning_rate"": 0.06, ""max_depth"": 3, ""min_child_weight"": 1, ""n_estimators"": 800, ""reg_lambda"": 1.0, ""subsample"": 0.9}",False,False,rebuilt,,,,,,
36d8fc2f5da71825,lgbm,full,False,0.8147859922178988,0.0,0.802971251130284,0.8320007426721616,107.5,"{""class_weight_mode"": ""balanced"", ""colsample_bytree"": 0.5, ""learning_rate"": 0.03, ""min_child_samples"": 20, ""n_estimators"": 800, ""num_leaves"": 31, ""reg_lambda"": 0.0, ""subsample"": 0.8, ""subsample_freq"": 1}",False,False,rebuilt,,,,,,
3732c2d72a1c576a,lgbm,full,False,0.8147859922178988,0.0,0.8016852954773954,0.6096172326141961,81.28,"{""class_weight_mode"": ""balanced"", ""colsample_bytree"": 0.4936287761006239, ""learning_rate"": 0.08102177807874578, ""min_child_samples"": 39, ""n_estimators"": 1500, ""num_leaves"": 61, ""reg_alpha"": 0.11752280007185303, ""reg_lambda"": 3.296647177181239, ""subsample"": 0.8455369302944387, ""subsample_freq"": 1}",False,False,rebuilt,,,,,,
96f8cd8aff0661e6,lgbm,full,False,0.8147859922178988,0.0,0.8038734061205522,0.8906022543520705,30.16,"{""class_weight_mode"": ""balanced"", ""colsample_bytree"": 0.5, ""learning_rate"": 0.12, ""min_child_samples"": 10, ""n_estimators"": 400, ""num_leaves"": 31, ""reg_lambda"": 0.0, ""subsample"": 0.8, ""subsample_freq"": 1}",False,False,rebuilt,,,,,,
89c7f297c9731481,lgbm,full,False,0.8147859922178988,0.0,0.7958799798810687,0.8004567106140638,118.41,"{""class_weight_mode"": ""none"", ""colsample_bytree"": 0.5, ""learning_rate"": 0.03, ""min_child_samples"": 10, ""n_estimators"": 400, ""num_leaves"": 31, ""reg_lambda"": 0.0, ""subsample"": 0.8, ""subsample_freq"": 1}",False,False,rebuilt,,,,,,
9f9853bd8f0c06c8,lgbm,full,False,0.8143968871595331,0.0027237354085603,0.7957276411472097,0.7741400320213836,546.8,"{""colsample_bytree"": 0.5, ""learning_rate"": 0.03, ""n_estimators"": 800, ""num_leaves"": 31, ""subsample"": 0.8, ""subsample_freq"": 1}",False,False,rebuilt,0.8095979247730222,0.0009705985439102,0.7951161459943403,0.7668377892459156,,
0a73d76ee5325411,lgbm,full,False,0.8143968871595331,0.0042801556420233,0.7964934825527369,0.8172798178750363,690.11,"{""colsample_bytree"": 0.5, ""learning_rate"": 0.03, ""n_estimators"": 800, ""num_leaves"": 31, ""subsample"": 0.8, ""subsample_freq"": 1}",True,False,rebuilt,0.8031128404669262,0.0038650231973414,0.7896316251497283,0.8133711122568101,,
3ef2d9555dfa82cd,lgbm,full,False,0.8140077821011673,0.0,0.8012467500313617,0.8590133535679478,47.01,"{""class_weight_mode"": ""balanced"", ""colsample_bytree"": 0.8, ""learning_rate"": 0.06, ""min_child_samples"": 10, ""n_estimators"": 400, ""num_leaves"": 15, ""reg_lambda"": 0.0, ""subsample"": 0.8, ""subsample_freq"": 1}",False,False,rebuilt,,,,,,
21dbcc67c4c9665c,lgbm,full,False,0.8140077821011673,0.0,0.8001636088481427,0.616014777835398,83.98,"{""class_weight_mode"": ""balanced"", ""colsample_bytree"": 0.8, ""learning_rate"": 0.12, ""min_child_samples"": 5, ""n_estimators"": 400, ""num_leaves"": 63, ""reg_lambda"": 5.0, ""subsample"": 0.8, ""subsample_freq"": 1}",False,False,rebuilt,,,,,,
8ea31b5cb64f53aa,lgbm,top120,False,0.8140077821011673,0.0,0.7966997474777313,0.7305421229170325,120.73,"{""class_weight_mode"": ""none"", ""colsample_bytree"": 0.32579693374334584, ""learning_rate"": 0.010318222131227357, ""min_child_samples"": 15, ""n_estimators"": 1200, ""num_leaves"": 79, ""reg_alpha"": 0.00216076975319986, ""reg_lambda"": 0.005844712672739286, ""subsample"": 0.7488903226286043, ""subsample_freq"": 1}",False,False,rebuilt,,,,,,
0e15f20218597098,lgbm,full,False,0.8140077821011673,0.0,0.7938608042340383,0.8947003457662813,43.68,"{""class_weight_mode"": ""none"", ""colsample_bytree"": 0.8, ""learning_rate"": 0.12, ""min_child_samples"": 20, ""n_estimators"": 400, ""num_leaves"": 63, ""reg_lambda"": 0.0, ""subsample"": 0.8, ""subsample_freq"": 1}",False,False,rebuilt,,,,,,
920ca8e8725dfe19,lgbm,top120,False,0.8140077821011673,0.0,0.800005589245635,0.5592651002950061,31.14,"{""class_weight_mode"": ""none"", ""colsample_bytree"": 0.4904675769538479, ""learning_rate"": 0.015085896086252444, ""min_child_samples"": 35, ""n_estimators"": 400, ""num_leaves"": 51, ""reg_alpha"": 0.13320158672610738, ""reg_lambda"": 0.02116477667312063, ""subsample"": 0.5321908769572912, ""subsample_freq"": 1}",False,False,rebuilt,,,,,,
e934674eb2ea0386,lgbm,full,False,0.8140077821011673,0.0,0.7983391898849763,0.7984070191852101,107.74,"{""class_weight_mode"": ""balanced"", ""colsample_bytree"": 0.5, ""learning_rate"": 0.03, ""min_child_samples"": 10, ""n_estimators"": 400, ""num_leaves"": 31, ""reg_lambda"": 0.0, ""subsample"": 0.8, ""subsample_freq"": 1}",False,False,rebuilt,,,,,,
c940ea061e1945ea,xgb,full,False,0.8140077821011673,0.0,0.7999454163288232,0.6059655168583395,57.04,"{""class_weight_mode"": ""none"", ""colsample_bytree"": 0.9036857673647525, ""gamma"": 0.00012040334749559357, ""learning_rate"": 0.18554606575744417, ""max_depth"": 6, ""min_child_weight"": 0.5366123831190533, ""n_estimators"": 400, ""reg_alpha"": 0.15855595903963607, ""reg_lambda"": 2.163528933738662, ""subsample"": 0.8685695464028033}",False,False,rebuilt,,,,,,
8626d51860a21aa8,lgbm,full,False,0.8140077821011673,0.0,0.7967576192032699,0.8707671510315472,80.83,"{""class_weight_mode"": ""none"", ""colsample_bytree"": 0.5, ""learning_rate"": 0.06, ""min_child_samples"": 10, ""n_estimators"": 800, ""num_leaves"": 63, ""reg_lambda"": 0.0, ""subsample"": 0.8, ""subsample_freq"": 1}",False,False,rebuilt,,,,,,
f3d4ae7ba40aa8ab,xgb,full,False,0.8140077821011673,0.0,0.8019189168192249,0.5720294891523625,57.93,"{""class_weight_mode"": ""balanced"", ""colsample_bytree"": 0.5, ""learning_rate"": 0.06, ""max_depth"": 8, ""min_child_weight"": 3, ""n_estimators"": 400, ""reg_lambda"": 5.0, ""subsample"": 0.9}",False,False,rebuilt,,,,,,
f44f05fcc9e5ec26,xgb,full,False,0.8140077821011673,0.0,0.800150088334781,0.5765116423126743,54.01,"{""class_weight_mode"": ""balanced"", ""colsample_bytree"": 0.5, ""learning_rate"": 0.06, ""max_depth"": 3, ""min_child_weight"": 1, ""n_estimators"": 400, ""reg_lambda"": 5.0, ""subsample"": 0.7}",False,False,rebuilt,,,,,,
9a0fff1c4365bbdd,lgbm,full,False,0.8140077821011673,0.0,0.7936704412654573,0.8134138960441186,137.27,"{""class_weight_mode"": ""none"", ""colsample_bytree"": 0.5, ""learning_rate"": 0.03, ""min_child_samples"": 5, ""n_estimators"": 400, ""num_leaves"": 63, ""reg_lambda"": 0.0, ""subsample"": 0.8, ""subsample_freq"": 1}",False,False,rebuilt,,,,,,
6609b88ed6633561,lgbm,full,False,0.8140077821011673,0.0,0.7936863212644963,0.8850031263870846,64.05,"{""class_weight_mode"": ""none"", ""colsample_bytree"": 0.5, ""learning_rate"": 0.12, ""min_child_samples"": 5, ""n_estimators"": 800, ""num_leaves"": 63, ""reg_lambda"": 0.0, ""subsample"": 0.8, ""subsample_freq"": 1}",False,False,rebuilt,,,,,,
1d80adc5ec7588dc,xgb,full,False,0.8140077821011673,0.0,0.8011417066653369,0.6162331798634291,82.01,"{""class_weight_mode"": ""balanced"", ""colsample_bytree"": 0.5, ""learning_rate"": 0.12, ""max_depth"": 4, ""min_child_weight"": 1, ""n_estimators"": 800, ""reg_lambda"": 5.0, ""subsample"": 0.7}",False,False,rebuilt,,,,,,
cd49ebb4138905c0,lgbm,top120,False,0.8140077821011673,0.0,0.794603672479587,0.5734542419716595,39.57,"{""class_weight_mode"": ""none"", ""colsample_bytree"": 0.6037801169142936, ""learning_rate"": 0.01936775461060454, ""min_child_samples"": 21, ""n_estimators"": 700, ""num_leaves"": 85, ""reg_alpha"": 0.6370163942792162, ""reg_lambda"": 0.0018510501224235259, ""subsample"": 0.773710433949689, ""subsample_freq"": 1}",False,False,rebuilt,,,,,,
176c9525d57fc4dd,lgbm,full,False,0.8140077821011673,0.0,0.8035090928494973,0.6444941324867051,119.0,"{""class_weight_mode"": ""balanced"", ""colsample_bytree"": 0.5059899250545342, ""learning_rate"": 0.10574213344488122, ""min_child_samples"": 38, ""n_estimators"": 1500, ""num_leaves"": 75, ""reg_alpha"": 0.030466630105065406, ""reg_lambda"": 2.8039465290795618, ""subsample"": 0.951008049542319, ""subsample_freq"": 1}",False,False,rebuilt,,,,,,
8af3bffa7929a2ee,lgbm,top120,False,0.8140077821011673,0.0,0.7923571703068358,0.6573127180363386,31.02,"{""class_weight_mode"": ""none"", ""colsample_bytree"": 0.32474184645959525, ""learning_rate"": 0.03173854390089347, ""min_child_samples"": 20, ""n_estimators"": 1200, ""num_leaves"": 72, ""reg_alpha"": 0.059923285199778166, ""reg_lambda"": 0.002059149778157886, ""subsample"": 0.7852149817005192, ""subsample_freq"": 1}",False,False,rebuilt,,,,,,
726fba25937c7f50,lgbm,full,False,0.8140077821011673,0.0,0.8016131022758188,0.5802335779441028,132.56,"{""class_weight_mode"": ""balanced"", ""colsample_bytree"": 0.5497669660468288, ""learning_rate"": 0.05933175262713305, ""min_child_samples"": 38, ""n_estimators"": 1300, ""num_leaves"": 74, ""reg_alpha"": 0.19090461460531544, ""reg_lambda"": 12.338981030027265, ""subsample"": 0.8632864963837953, ""subsample_freq"": 1}",False,False,rebuilt,,,,,,
3cd7aaaeb481f7b3,xgb,full,False,0.8140077821011673,0.0,0.8026129453537987,0.5714445486966839,50.74,"{""class_weight_mode"": ""balanced"", ""colsample_bytree"": 0.5, ""learning_rate"": 0.06, ""max_depth"": 6, ""min_child_weight"": 3, ""n_estimators"": 400, ""reg_lambda"": 5.0, ""subsample"": 0.9}",False,False,rebuilt,,,,,,
904da5fa2463c737,xgb,full,False,0.8140077821011673,0.0,0.8034483435815474,0.5750192491652559,37.64,"{""class_weight_mode"": ""balanced"", ""colsample_bytree"": 0.8, ""learning_rate"": 0.06, ""max_depth"": 3, ""min_child_weight"": 3, ""n_estimators"": 400, ""reg_lambda"": 1.0, ""subsample"": 0.9}",False,False,rebuilt,,,,,,
93e925946f0cd717,lgbm,full,False,0.8140077821011673,0.0,0.7999287709802918,0.583836539134773,77.45,"{""class_weight_mode"": ""balanced"", ""colsample_bytree"": 0.3734186956374224, ""learning_rate"": 0.08171334610770072, ""min_child_samples"": 28, ""n_estimators"": 1300, ""num_leaves"": 90, ""reg_alpha"": 0.3066109137086394, ""reg_lambda"": 5.9579953521474245, ""subsample"": 0.8391149012014375, ""subsample_freq"": 1}",False,False,rebuilt,,,,,,
0a1c21356f7e614c,lgbm,full,False,0.8140077821011673,0.0,0.8016742573946504,0.904180931539482,66.87,"{""class_weight_mode"": ""balanced"", ""colsample_bytree"": 0.8, ""learning_rate"": 0.12, ""min_child_samples"": 20, ""n_estimators"": 800, ""num_leaves"": 31, ""reg_lambda"": 0.0, ""subsample"": 0.8, ""subsample_freq"": 1}",False,False,rebuilt,,,,,,
0912f855dcbfe8a6,lgbm,top120,False,0.8140077821011673,0.0,0.7975034682295525,0.6308726349470116,54.28,"{""class_weight_mode"": ""none"", ""colsample_bytree"": 0.6199714936003798, ""learning_rate"": 0.016411831729152993, ""min_child_samples"": 27, ""n_estimators"": 700, ""num_leaves"": 41, ""reg_alpha"": 0.09311130517442798, ""reg_lambda"": 0.01028222368363648, ""subsample"": 0.9137142881753155, ""subsample_freq"": 1}",False,False,rebuilt,,,,,,
08fab20f65d18fad,lgbm,full,False,0.8140077821011673,0.0,0.7965638700584747,0.8246766256238065,83.74,"{""class_weight_mode"": ""balanced"", ""colsample_bytree"": 0.8, ""learning_rate"": 0.03, ""min_child_samples"": 5, ""n_estimators"": 400, ""num_leaves"": 15, ""reg_lambda"": 0.0, ""subsample"": 0.8, ""subsample_freq"": 1}",False,False,rebuilt,,,,,,
31f45639aa2fec26,lgbm,full,False,0.8140077821011673,0.0,0.8028954686644066,0.5868525037803808,58.5,"{""class_weight_mode"": ""balanced"", ""colsample_bytree"": 0.8, ""learning_rate"": 0.06, ""min_child_samples"": 20, ""n_estimators"": 400, ""num_leaves"": 31, ""reg_lambda"": 5.0, ""subsample"": 0.8, ""subsample_freq"": 1}",False,False,rebuilt,,,,,,
67e591720faa8588,xgb,full,False,0.8140077821011673,0.0,0.8034719229994882,0.6176125900571628,41.44,"{""class_weight_mode"": ""balanced"", ""colsample_bytree"": 0.5, ""learning_rate"": 0.12, ""max_depth"": 4, ""min_child_weight"": 1, ""n_estimators"": 400, ""reg_lambda"": 1.0, ""subsample"": 0.7}",False,False,rebuilt,,,,,,
4801031b27e2aa9e,lgbm,full,False,0.8140077821011673,0.0,0.7937198075012588,0.5846880235617347,57.53,"{""class_weight_mode"": ""none"", ""colsample_bytree"": 0.8, ""learning_rate"": 0.06, ""min_child_samples"": 10, ""n_estimators"": 400, ""num_leaves"": 31, ""reg_lambda"": 5.0, ""subsample"": 0.8, ""subsample_freq"": 1}",False,False,rebuilt,,,,,,
d3d4abf1b10518a2,xgb,full,False,0.8140077821011673,0.0,0.803466787491977,0.5976693013769201,31.37,"{""class_weight_mode"": ""balanced"", ""colsample_bytree"": 0.5, ""learning_rate"": 0.12, ""max_depth"": 4, ""min_child_weight"": 3, ""n_estimators"": 400, ""reg_lambda"": 5.0, ""subsample"": 0.7}",False,False,rebuilt,,,,,,
566d3b53c6139cd2,xgb,full,False,0.8140077821011673,0.0,0.7977485396143595,0.6159429676642144,47.81,"{""class_weight_mode"": ""balanced"", ""colsample_bytree"": 0.8, ""learning_rate"": 0.12, ""max_depth"": 4, ""min_child_weight"": 1, ""n_estimators"": 400, ""reg_lambda"": 1.0, ""subsample"": 0.7}",False,False,rebuilt,,,,,,
888b55b5e7435042,xgb,full,False,0.8140077821011673,0.006225680933852118,0.7969755149207929,0.5750693703780653,161.22,"{""class_weight_mode"": ""none"", ""colsample_bytree"": 0.5, ""learning_rate"": 0.12, ""max_depth"": 3, ""min_child_weight"": 1, ""n_estimators"": 400, ""reg_lambda"": 1.0, ""subsample"": 0.9}",,,finalists,0.8090791180285345,0.002042544195593199,0.7940152235491501,0.5767421597583464,,/work/oof/xgb_888b55b5e7435042.npz
5bff98e37a2f9a98,lgbm,full,False,0.8140077821011673,0.0,0.8015200027392014,0.8651196241151531,96.88,"{""class_weight_mode"": ""balanced"", ""colsample_bytree"": 0.8, ""learning_rate"": 0.06, ""min_child_samples"": 10, ""n_estimators"": 800, ""num_leaves"": 31, ""reg_lambda"": 0.0, ""subsample"": 0.8, ""subsample_freq"": 1}",False,False,rebuilt,,,,,,
ffb2d290ba2dc1bd,xgb,full,False,0.8140077821011673,0.0,0.7956668050855822,0.6276701343887883,56.54,"{""class_weight_mode"": ""none"", ""colsample_bytree"": 0.5, ""learning_rate"": 0.12, ""max_depth"": 8, ""min_child_weight"": 1, ""n_estimators"": 800, ""reg_lambda"": 1.0, ""subsample"": 0.9}",False,False,rebuilt,,,,,,
8cb4d0a9983ccedc,xgb,full,False,0.8140077821011673,0.0,0.8018133255700743,0.5932157442229443,31.74,"{""class_weight_mode"": ""balanced"", ""colsample_bytree"": 0.8, ""learning_rate"": 0.12, ""max_depth"": 3, ""min_child_weight"": 3, ""n_estimators"": 400, ""reg_lambda"": 1.0, ""subsample"": 0.9}",False,False,rebuilt,,,,,,
771a63472fe43772,lgbm,full,False,0.8140077821011673,0.0,0.8014046847853707,0.5856489153294893,152.25,"{""class_weight_mode"": ""balanced"", ""colsample_bytree"": 0.8, ""learning_rate"": 0.03, ""min_child_samples"": 10, ""n_estimators"": 800, ""num_leaves"": 31, ""reg_lambda"": 5.0, ""subsample"": 0.8, ""subsample_freq"": 1}",False,False,rebuilt,,,,,,
1966cd32f92b5c91,lgbm,full,False,0.8140077821011673,0.0,0.8002513720256953,0.5792676700466539,47.96,"{""class_weight_mode"": ""balanced"", ""colsample_bytree"": 0.5, ""learning_rate"": 0.06, ""min_child_samples"": 20, ""n_estimators"": 400, ""num_leaves"": 63, ""reg_lambda"": 5.0, ""subsample"": 0.8, ""subsample_freq"": 1}",False,False,rebuilt,,,,,,
d6bff82a8752b8ce,xgb,full,False,0.8140077821011673,0.0,0.8011602925249562,0.5922812180169666,174.74,"{""class_weight_mode"": ""balanced"", ""colsample_bytree"": 0.8, ""learning_rate"": 0.06, ""max_depth"": 4, ""min_child_weight"": 1, ""n_estimators"": 800, ""reg_lambda"": 5.0, ""subsample"": 0.7}",False,False,rebuilt,,,,,,
527bdb24e078d5b4,xgb,full,False,0.8140077821011673,0.0,0.8021780069111634,0.5644655661396009,60.44,"{""class_weight_mode"": ""balanced"", ""colsample_bytree"": 0.5, ""learning_rate"": 0.03, ""max_depth"": 3, ""min_child_weight"": 3, ""n_estimators"": 800, ""reg_lambda"": 5.0, ""subsample"": 0.9}",False,False,rebuilt,,,,,,
43544fb2a6dec711,lgbm,full,False,0.8140077821011673,0.0,0.7946086295454294,0.8835585961170903,39.93,"{""class_weight_mode"": ""balanced"", ""colsample_bytree"": 0.8, ""learning_rate"": 0.12, ""min_child_samples"": 5, ""n_estimators"": 400, ""num_leaves"": 31, ""reg_lambda"": 0.0, ""subsample"": 0.8, ""subsample_freq"": 1}",False,False,rebuilt,,,,,,
c025d459ecea65f1,xgb,full,False,0.8140077821011673,0.0,0.802596351569458,0.6161868482191454,81.91,"{""class_weight_mode"": ""balanced"", ""colsample_bytree"": 0.8, ""learning_rate"": 0.12, ""max_depth"": 3, ""min_child_weight"": 1, ""n_estimators"": 800, ""reg_lambda"": 5.0, ""subsample"": 0.9}",False,False,rebuilt,,,,,,
27478cc1844ff63a,xgb,full,False,0.8140077821011673,0.0,0.7958043823472991,0.5805375837639134,36.87,"{""class_weight_mode"": ""none"", ""colsample_bytree"": 0.5, ""learning_rate"": 0.12, ""max_depth"": 3, ""min_child_weight"": 1, ""n_estimators"": 400, ""reg_lambda"": 5.0, ""subsample"": 0.9}",False,False,rebuilt,,,,,,
050631806148cdcb,xgb,full,False,0.8140077821011673,0.0,0.7993591917152936,0.6129139671641475,65.34,"{""class_weight_mode"": ""balanced"", ""colsample_bytree"": 0.8, ""learning_rate"": 0.12, ""max_depth"": 3, ""min_child_weight"": 1, ""n_estimators"": 800, ""reg_lambda"": 5.0, ""subsample"": 0.7}",False,False,rebuilt,,,,,,
8e9ffb5b03ca1398,lgbm,full,False,0.8140077821011673,0.0,0.7995952836227754,0.5911838993233993,180.85,"{""class_weight_mode"": ""balanced"", ""colsample_bytree"": 0.8, ""learning_rate"": 0.03, ""min_child_samples"": 5, ""n_estimators"": 800, ""num_leaves"": 63, ""reg_lambda"": 5.0, ""subsample"": 0.8, ""subsample_freq"": 1}",False,False,rebuilt,,,,,,
5f19d74c4ba775c0,lgbm,full,False,0.8140077821011673,0.0,0.7954553965043383,0.915773975377798,23.11,"{""class_weight_mode"": ""none"", ""colsample_bytree"": 0.5, ""learning_rate"": 0.12, ""min_child_samples"": 5, ""n_estimators"": 400, ""num_leaves"": 15, ""reg_lambda"": 0.0, ""subsample"": 0.8, ""subsample_freq"": 1}",False,False,rebuilt,,,,,,
4f8d499f18b75db1,lgbm,full,False,0.8140077821011673,0.0,0.7969574035229889,0.876400149351217,49.1,"{""class_weight_mode"": ""none"", ""colsample_bytree"": 0.5, ""learning_rate"": 0.06, ""min_child_samples"": 10, ""n_estimators"": 400, ""num_leaves"": 31, ""reg_lambda"": 0.0, ""subsample"": 0.8, ""subsample_freq"": 1}",False,False,rebuilt,,,,,,
affd9b09e2d2748e,lgbm,full,False,0.8140077821011673,0.0,0.799874000344133,0.5972576118656597,90.1,"{""class_weight_mode"": ""balanced"", ""colsample_bytree"": 0.5, ""learning_rate"": 0.06, ""min_child_samples"": 20, ""n_estimators"": 800, ""num_leaves"": 63, ""reg_lambda"": 5.0, ""subsample"": 0.8, ""subsample_freq"": 1}",False,False,rebuilt,,,,,,
b0c11da66b4bb85e,lgbm,full,False,0.8140077821011673,0.0,0.7928732626195278,0.9146065876421344,82.92,"{""class_weight_mode"": ""none"", ""colsample_bytree"": 0.8, ""learning_rate"": 0.12, ""min_child_samples"": 5, ""n_estimators"": 800, ""num_leaves"": 63, ""reg_lambda"": 0.0, ""subsample"": 0.8, ""subsample_freq"": 1}",False,False,rebuilt,,,,,,
d8b3c88f4a3704f0,xgb,full,False,0.8140077821011673,0.0,0.8030771032495505,0.5867480255610796,113.86,"{""class_weight_mode"": ""balanced"", ""colsample_bytree"": 0.6872304277266001, ""gamma"": 0.0022979334113325646, ""learning_rate"": 0.03853608717190027, ""max_depth"": 8, ""min_child_weight"": 2.458529950390222, ""n_estimators"": 1000, ""reg_alpha"": 0.23404549725564472, ""reg_lambda"": 0.9057943446315834, ""subsample"": 0.6466406320313774}",False,False,rebuilt,,,,,,
b283dd516f0ff4cb,lgbm,full,False,0.8140077821011673,0.0,0.8003314538454447,0.5861875809423893,150.79,"{""class_weight_mode"": ""balanced"", ""colsample_bytree"": 0.8, ""learning_rate"": 0.03, ""min_child_samples"": 10, ""n_estimators"": 800, ""num_leaves"": 15, ""reg_lambda"": 5.0, ""subsample"": 0.8, ""subsample_freq"": 1}",False,False,rebuilt,,,,,,
987dc2b6c7609a57,lgbm,top120,False,0.8140077821011673,0.0,0.7985637729377013,0.6082570009528856,46.73,"{""class_weight_mode"": ""none"", ""colsample_bytree"": 0.5714608778044521, ""learning_rate"": 0.02450953404086842, ""min_child_samples"": 38, ""n_estimators"": 600, ""num_leaves"": 15, ""reg_alpha"": 0.05141496893224935, ""reg_lambda"": 0.003074944222521939, ""subsample"": 0.5036557792801991, ""subsample_freq"": 1}",False,False,rebuilt,,,,,,
7271207da450477e,lgbm,full,False,0.8140077821011673,0.0,0.799874000344133,0.5972576118656597,73.87,"{""class_weight_mode"": ""balanced"", ""colsample_bytree"": 0.5, ""learning_rate"": 0.06, ""min_child_samples"": 20, ""n_estimators"": 800, ""num_leaves"": 31, ""reg_lambda"": 5.0, ""subsample"": 0.8, ""subsample_freq"": 1}",False,False,rebuilt,,,,,,
57e427d2d38393b6,xgb,full,False,0.8140077821011673,0.0,0.8035521053033989,0.5776012948583527,60.16,"{""class_weight_mode"": ""balanced"", ""colsample_bytree"": 0.7898073963554372, ""gamma"": 0.00013153748821805977, ""learning_rate"": 0.1426716451014904, ""max_depth"": 6, ""min_child_weight"": 3.2287047191126947, ""n_estimators"": 300, ""reg_alpha"": 0.0977618237414439, ""reg_lambda"": 16.96919613083214, ""subsample"": 0.9082470342573915}",False,False,rebuilt,,,,,,
2f70db734f116fb9,lgbm,full,False,0.8140077821011673,0.0,0.7968716471847944,0.580880597038452,127.56,"{""class_weight_mode"": ""none"", ""colsample_bytree"": 0.8, ""learning_rate"": 0.03, ""min_child_samples"": 20, ""n_estimators"": 800, ""num_leaves"": 31, ""reg_lambda"": 5.0, ""subsample"": 0.8, ""subsample_freq"": 1}",False,False,rebuilt,,,,,,
46a73f4f1f93d016,lgbm,top120,False,0.8140077821011673,0.0,0.7927164098258099,0.608907979885587,96.8,"{""class_weight_mode"": ""none"", ""colsample_bytree"": 0.4721660641544573, ""learning_rate"": 0.011030588782362188, ""min_child_samples"": 12, ""n_estimators"": 1300, ""num_leaves"": 37, ""reg_alpha"": 0.18781082644119232, ""reg_lambda"": 0.006178102270184863, ""subsample"": 0.7858067853130276, ""subsample_freq"": 1}",False,False,rebuilt,,,,,,
c0893240685feeab,xgb,full,False,0.8140077821011673,0.0,0.8011860838025731,0.5938876233074865,44.16,"{""class_weight_mode"": ""balanced"", ""colsample_bytree"": 0.5, ""learning_rate"": 0.12, ""max_depth"": 3, ""min_child_weight"": 1, ""n_estimators"": 400, ""reg_lambda"": 5.0, ""subsample"": 0.7}",False,False,rebuilt,,,,,,
c108a044a619513a,xgb,full,False,0.8140077821011673,0.0,0.8028508786025885,0.5758586909670435,70.82,"{""class_weight_mode"": ""balanced"", ""colsample_bytree"": 0.8, ""learning_rate"": 0.06, ""max_depth"": 4, ""min_child_weight"": 3, ""n_estimators"": 400, ""reg_lambda"": 5.0, ""subsample"": 0.9}",False,False,rebuilt,,,,,,
58607e82050e60bb,xgb,full,False,0.8140077821011673,0.0,0.8033881168168355,0.5748239144513083,108.24,"{""class_weight_mode"": ""balanced"", ""colsample_bytree"": 0.5309231281721031, ""gamma"": 0.003776871112926711, ""learning_rate"": 0.017596816854256465, ""max_depth"": 6, ""min_child_weight"": 4.942577120217767, ""n_estimators"": 1200, ""reg_alpha"": 0.14830823978136126, ""reg_lambda"": 0.11488485340438101, ""subsample"": 0.8031666309584139}",False,False,rebuilt,,,,,,
2be71c29d3ab0a5f,lgbm,full,False,0.8140077821011673,0.0,0.796366983225432,0.7728672403956324,89.74,"{""class_weight_mode"": ""none"", ""colsample_bytree"": 0.8, ""learning_rate"": 0.03, ""min_child_samples"": 20, ""n_estimators"": 400, ""num_leaves"": 15, ""reg_lambda"": 0.0, ""subsample"": 0.8, ""subsample_freq"": 1}",False,False,rebuilt,,,,,,
4871dbeb6cbc6fbc,xgb,full,False,0.8140077821011673,0.0,0.8015765023403324,0.5720193777065704,63.32,"{""class_weight_mode"": ""balanced"", ""colsample_bytree"": 0.5, ""learning_rate"": 0.03, ""max_depth"": 6, ""min_child_weight"": 3, ""n_estimators"": 400, ""reg_lambda"": 1.0, ""subsample"": 0.7}",False,False,rebuilt,,,,,,
0f560e8af44d2246,lgbm,top120,False,0.8140077821011673,0.0,0.7992869275436006,0.5925810257832924,61.35,"{""class_weight_mode"": ""balanced"", ""colsample_bytree"": 0.5298671136672513, ""learning_rate"": 0.015379529121363693, ""min_child_samples"": 37, ""n_estimators"": 1500, ""num_leaves"": 41, ""reg_alpha"": 0.24482709630672303, ""reg_lambda"": 0.013651597434842235, ""subsample"": 0.787744649002749, ""subsample_freq"": 1}",False,False,rebuilt,,,,,,
c8530585ccbacae7,xgb,top120,False,0.8140077821011673,0.0,0.7938699903626353,0.5942358210144749,39.45,"{""class_weight_mode"": ""none"", ""colsample_bytree"": 0.7683842580607984, ""gamma"": 0.022526121348426586, ""learning_rate"": 0.16325942846683905, ""max_depth"": 8, ""min_child_weight"": 3.9307291420343047, ""n_estimators"": 600, ""reg_alpha"": 0.4197057205889954, ""reg_lambda"": 8.914206217324278, ""subsample"": 0.6321869779856562}",False,False,rebuilt,,,,,,
d7bf2c311469d250,lgbm,full,False,0.8140077821011673,0.0,0.7978199651268371,0.7835949281814636,154.58,"{""class_weight_mode"": ""none"", ""colsample_bytree"": 0.8, ""learning_rate"": 0.03, ""min_child_samples"": 20, ""n_estimators"": 400, ""num_leaves"": 63, ""reg_lambda"": 0.0, ""subsample"": 0.8, ""subsample_freq"": 1}",False,False,rebuilt,,,,,,
170de794ae65228a,xgb,full,False,0.8140077821011673,0.0,0.7995775324043545,0.5788446527904982,86.18,"{""class_weight_mode"": ""balanced"", ""colsample_bytree"": 0.5, ""learning_rate"": 0.06, ""max_depth"": 3, ""min_child_weight"": 1, ""n_estimators"": 800, ""reg_lambda"": 5.0, ""subsample"": 0.9}",False,False,rebuilt,,,,,,
e60d782399087b19,lgbm,full,False,0.8140077821011673,0.0,0.7968716471847944,0.580880597038452,120.9,"{""class_weight_mode"": ""none"", ""colsample_bytree"": 0.8, ""learning_rate"": 0.03, ""min_child_samples"": 20, ""n_estimators"": 800, ""num_leaves"": 63, ""reg_lambda"": 5.0, ""subsample"": 0.8, ""subsample_freq"": 1}",False,False,rebuilt,,,,,,
e67da598d0f5a682,lgbm,top120,False,0.8140077821011673,0.0,0.7987502260017734,0.5941661507602193,41.01,"{""class_weight_mode"": ""none"", ""colsample_bytree"": 0.8883585781844897, ""learning_rate"": 0.022425645327184655, ""min_child_samples"": 30, ""n_estimators"": 400, ""num_leaves"": 91, ""reg_alpha"": 0.029984729909704442, ""reg_lambda"": 0.01944412018275246, ""subsample"": 0.5716119935317882, ""subsample_freq"": 1}",False,False,rebuilt,,,,,,
ed8ac3c42f425df1,xgb,full,False,0.8140077821011673,0.0,0.7994695530348801,0.5890921164696112,123.96,"{""class_weight_mode"": ""balanced"", ""colsample_bytree"": 0.5, ""learning_rate"": 0.06, ""max_depth"": 8, ""min_child_weight"": 1, ""n_estimators"": 800, ""reg_lambda"": 5.0, ""subsample"": 0.7}",False,False,rebuilt,,,,,,
ed0410f4d7d236ae,lgbm,full,False,0.8140077821011673,0.0,0.7977383890433017,0.6095227655211223,42.6,"{""class_weight_mode"": ""none"", ""colsample_bytree"": 0.8, ""learning_rate"": 0.12, ""min_child_samples"": 20, ""n_estimators"": 400, ""num_leaves"": 15, ""reg_lambda"": 5.0, ""subsample"": 0.8, ""subsample_freq"": 1}",False,False,rebuilt,,,,,,
37e1b1f06384439a,lgbm,full,False,0.8140077821011673,0.0,0.7962247708116708,0.8661376867953975,235.66,"{""class_weight_mode"": ""none"", ""colsample_bytree"": 0.8, ""learning_rate"": 0.03, ""min_child_samples"": 5, ""n_estimators"": 800, ""num_leaves"": 63, ""reg_lambda"": 0.0, ""subsample"": 0.8, ""subsample_freq"": 1}",False,False,rebuilt,,,,,,
da2288f1aa848719,xgb,full,False,0.8140077821011673,0.0,0.8005740763357281,0.5771987607906354,124.59,"{""class_weight_mode"": ""balanced"", ""colsample_bytree"": 0.619352649186206, ""gamma"": 0.005818994810823898, ""learning_rate"": 0.026203441294380167, ""max_depth"": 8, ""min_child_weight"": 5.240738466745508, ""n_estimators"": 1000, ""reg_alpha"": 0.00127398427787567, ""reg_lambda"": 0.22191752859042715, ""subsample"": 0.9485452556394055}",False,False,rebuilt,,,,,,
0691ebbe5df63711,xgb,full,False,0.8140077821011673,0.0,0.7981038168853083,0.6331858617476542,51.86,"{""class_weight_mode"": ""none"", ""colsample_bytree"": 0.8, ""learning_rate"": 0.12, ""max_depth"": 3, ""min_child_weight"": 1, ""n_estimators"": 800, ""reg_lambda"": 1.0, ""subsample"": 0.9}",False,False,rebuilt,,,,,,
2ed0f9858f3c03e1,hgb,full,False,0.8140077821011673,0.0,0.7970659390440014,0.9575075665798658,56.75,"{""l2_regularization"": 0.0, ""learning_rate"": 0.1, ""max_iter"": 400, ""max_leaf_nodes"": 15, ""min_samples_leaf"": 20}",False,False,rebuilt,,,,,,
08686ce2599cbe4b,xgb,full,False,0.8140077821011673,0.0,0.8044284860735665,0.5943944147593294,75.38,"{""class_weight_mode"": ""balanced"", ""colsample_bytree"": 0.772323271192712, ""gamma"": 0.00030041981021536047, ""learning_rate"": 0.040774509135941786, ""max_depth"": 5, ""min_child_weight"": 1.5513451656755393, ""n_estimators"": 500, ""reg_alpha"": 0.044177950042257504, ""reg_lambda"": 0.4371107401174016, ""subsample"": 0.5058547976625776}",False,False,rebuilt,,,,,,
a1bc62f8f0b1850a,xgb,full,False,0.8140077821011673,0.0,0.7977594064647459,0.6414701076800876,68.68,"{""class_weight_mode"": ""none"", ""colsample_bytree"": 0.9180595441584003, ""gamma"": 0.00010783288309989713, ""learning_rate"": 0.19881917781413236, ""max_depth"": 5, ""min_child_weight"": 0.5702376975438946, ""n_estimators"": 600, ""reg_alpha"": 0.01386020023958024, ""reg_lambda"": 1.0435535535570841, ""subsample"": 0.6751082646949378}",False,False,rebuilt,,,,,,
a26906e38e2d5215,lgbm,full,False,0.8140077821011673,0.0,0.8028954686644066,0.5868525037803808,45.79,"{""class_weight_mode"": ""balanced"", ""colsample_bytree"": 0.8, ""learning_rate"": 0.06, ""min_child_samples"": 20, ""n_estimators"": 400, ""num_leaves"": 63, ""reg_lambda"": 5.0, ""subsample"": 0.8, ""subsample_freq"": 1}",False,False,rebuilt,,,,,,
f0db2c5e0132fa18,lgbm,full,False,0.8140077821011673,0.0,0.8001141308185385,0.8449885731694308,46.98,"{""class_weight_mode"": ""balanced"", ""colsample_bytree"": 0.5, ""learning_rate"": 0.06, ""min_child_samples"": 20, ""n_estimators"": 400, ""num_leaves"": 15, ""reg_lambda"": 0.0, ""subsample"": 0.8, ""subsample_freq"": 1}",False,False,rebuilt,,,,,,
d1357992b6c88f97,lgbm,full,False,0.8140077821011673,0.0,0.8002513720256953,0.5792676700466539,64.7,"{""class_weight_mode"": ""balanced"", ""colsample_bytree"": 0.5, ""learning_rate"": 0.06, ""min_child_samples"": 20, ""n_estimators"": 400, ""num_leaves"": 31, ""reg_lambda"": 5.0, ""subsample"": 0.8, ""subsample_freq"": 1}",False,False,rebuilt,,,,,,
fb40776e505280a4,xgb,full,False,0.8140077821011673,0.0,0.8010531764930742,0.5733912106556216,137.33,"{""class_weight_mode"": ""balanced"", ""colsample_bytree"": 0.5, ""learning_rate"": 0.03, ""max_depth"": 4, ""min_child_weight"": 1, ""n_estimators"": 800, ""reg_lambda"": 5.0, ""subsample"": 0.7}",False,False,rebuilt,,,,,,
f8a4e5a29d8d70ff,xgb,full,False,0.8140077821011673,0.0,0.8020231552398107,0.5919140005259909,45.21,"{""class_weight_mode"": ""balanced"", ""colsample_bytree"": 0.8, ""learning_rate"": 0.12, ""max_depth"": 3, ""min_child_weight"": 1, ""n_estimators"": 400, ""reg_lambda"": 5.0, ""subsample"": 0.9}",False,False,rebuilt,,,,,,
dae85ec726300cf4,lgbm,top120,False,0.8132295719844358,0.0,0.7936023714512592,0.6843683089439402,111.58,"{""class_weight_mode"": ""none"", ""colsample_bytree"": 0.3396185278269536, ""learning_rate"": 0.011043762328548362, ""min_child_samples"": 26, ""n_estimators"": 1400, ""num_leaves"": 87, ""reg_alpha"": 0.007942924134020942, ""reg_lambda"": 0.003261247382019098, ""subsample"": 0.609012336517279, ""subsample_freq"": 1}",False,False,rebuilt,,,,,,
806d68ae159e4865,xgb,full,False,0.8132295719844358,0.0,0.8022371524341327,0.5749468971495469,164.98,"{""class_weight_mode"": ""balanced"", ""colsample_bytree"": 0.8, ""learning_rate"": 0.03, ""max_depth"": 8, ""min_child_weight"": 3, ""n_estimators"": 800, ""reg_lambda"": 5.0, ""subsample"": 0.9}",False,False,rebuilt,,,,,,
3b778851023068e9,xgb,full,False,0.8132295719844358,0.0,0.797508040761311,0.574001417416958,69.11,"{""class_weight_mode"": ""none"", ""colsample_bytree"": 0.8, ""learning_rate"": 0.06, ""max_depth"": 6, ""min_child_weight"": 3, ""n_estimators"": 400, ""reg_lambda"": 1.0, ""subsample"": 0.9}",False,False,rebuilt,,,,,,
73b5c8caf3c8618a,xgb,full,False,0.8132295719844358,0.0,0.7953179397220206,0.5829648247241869,66.41,"{""class_weight_mode"": ""none"", ""colsample_bytree"": 0.5, ""learning_rate"": 0.06, ""max_depth"": 3, ""min_child_weight"": 1, ""n_estimators"": 800, ""reg_lambda"": 5.0, ""subsample"": 0.7}",False,False,rebuilt,,,,,,
1be045710fcdc5f1,lgbm,full,False,0.8132295719844358,0.0,0.7924265672138427,0.5917639958768275,69.56,"{""class_weight_mode"": ""none"", ""colsample_bytree"": 0.8, ""learning_rate"": 0.06, ""min_child_samples"": 5, ""n_estimators"": 400, ""num_leaves"": 63, ""reg_lambda"": 5.0, ""subsample"": 0.8, ""subsample_freq"": 1}",False,False,rebuilt,,,,,,
ae372ea5eb0879e5,lgbm,full,False,0.8132295719844358,0.0,0.7985083633818761,0.914132388375633,38.84,"{""class_weight_mode"": ""balanced"", ""colsample_bytree"": 0.5, ""learning_rate"": 0.12, ""min_child_samples"": 5, ""n_estimators"": 800, ""num_leaves"": 15, ""reg_lambda"": 0.0, ""subsample"": 0.8, ""subsample_freq"": 1}",False,False,rebuilt,,,,,,
3b6e73695eac8886,xgb,full,False,0.8132295719844358,0.0,0.8017259063893839,0.6174150908046304,56.65,"{""class_weight_mode"": ""balanced"", ""colsample_bytree"": 0.5, ""learning_rate"": 0.12, ""max_depth"": 3, ""min_child_weight"": 1, ""n_estimators"": 800, ""reg_lambda"": 5.0, ""subsample"": 0.9}",False,False,rebuilt,,,,,,
20549d1ed8c12f90,lgbm,full,False,0.8132295719844358,0.0,0.7940558616713186,0.6035541473963998,220.67,"{""class_weight_mode"": ""none"", ""colsample_bytree"": 0.8, ""learning_rate"": 0.06, ""min_child_samples"": 10, ""n_estimators"": 800, ""num_leaves"": 31, ""reg_lambda"": 5.0, ""subsample"": 0.8, ""subsample_freq"": 1}",False,False,rebuilt,,,,,,
5f7857661dc911cf,xgb,full,False,0.8132295719844358,0.0,0.7963868095239892,0.5949774940561066,72.87,"{""class_weight_mode"": ""none"", ""colsample_bytree"": 0.8, ""learning_rate"": 0.06, ""max_depth"": 8, ""min_child_weight"": 3, ""n_estimators"": 800, ""reg_lambda"": 1.0, ""subsample"": 0.7}",False,False,rebuilt,,,,,,
0efa7c07ee0138aa,lgbm,full,False,0.8132295719844358,0.0,0.7909625316841841,0.6092915535568046,101.26,"{""class_weight_mode"": ""none"", ""colsample_bytree"": 0.5, ""learning_rate"": 0.06, ""min_child_samples"": 5, ""n_estimators"": 800, ""num_leaves"": 31, ""reg_lambda"": 5.0, ""subsample"": 0.8, ""subsample_freq"": 1}",False,False,rebuilt,,,,,,
17d8b297e2202564,xgb,full,False,0.8132295719844358,0.0,0.7959945935029443,0.6154600471405531,76.59,"{""class_weight_mode"": ""none"", ""colsample_bytree"": 0.8, ""learning_rate"": 0.12, ""max_depth"": 3, ""min_child_weight"": 1, ""n_estimators"": 800, ""reg_lambda"": 5.0, ""subsample"": 0.7}",False,False,rebuilt,,,,,,
a73b73a98db955fe,lgbm,full,False,0.8132295719844358,0.0,0.7930519003480436,0.5761896843588338,62.28,"{""class_weight_mode"": ""none"", ""colsample_bytree"": 0.8, ""learning_rate"": 0.03, ""min_child_samples"": 10, ""n_estimators"": 400, ""num_leaves"": 63, ""reg_lambda"": 5.0, ""subsample"": 0.8, ""subsample_freq"": 1}",False,False,rebuilt,,,,,,
5140657c19149892,lgbm,full,False,0.8132295719844358,0.0,0.8004032909683672,0.8672736484912177,65.42,"{""class_weight_mode"": ""balanced"", ""colsample_bytree"": 0.5, ""learning_rate"": 0.06, ""min_child_samples"": 10, ""n_estimators"": 800, ""num_leaves"": 31, ""reg_lambda"": 0.0, ""subsample"": 0.8, ""subsample_freq"": 1}",False,False,rebuilt,,,,,,
4c1f8006459f1c47,lgbm,full,False,0.8132295719844358,0.0,0.8014113842140214,0.6310413670745026,110.0,"{""class_weight_mode"": ""balanced"", ""colsample_bytree"": 0.8, ""learning_rate"": 0.12, ""min_child_samples"": 10, ""n_estimators"": 800, ""num_leaves"": 31, ""reg_lambda"": 5.0, ""subsample"": 0.8, ""subsample_freq"": 1}",False,False,rebuilt,,,,,,
dce6fc59c44f55f0,lgbm,full,False,0.8132295719844358,0.0,0.7969540079717059,0.5984714745009574,62.73,"{""class_weight_mode"": ""none"", ""colsample_bytree"": 0.5, ""learning_rate"": 0.06, ""min_child_samples"": 20, ""n_estimators"": 800, ""num_leaves"": 63, ""reg_lambda"": 5.0, ""subsample"": 0.8, ""subsample_freq"": 1}",False,False,rebuilt,,,,,,
6a5a795a04d098a9,xgb,full,False,0.8132295719844358,0.0,0.7965552403965812,0.6048208394868316,53.53,"{""class_weight_mode"": ""none"", ""colsample_bytree"": 0.8, ""learning_rate"": 0.12, ""max_depth"": 8, ""min_child_weight"": 3, ""n_estimators"": 800, ""reg_lambda"": 1.0, ""subsample"": 0.9}",False,False,rebuilt,,,,,,
43958ad49d29c025,xgb,full,False,0.8132295719844358,0.0,0.7987375078978209,0.6045909910872352,51.9,"{""class_weight_mode"": ""none"", ""colsample_bytree"": 0.8258590533297134, ""gamma"": 0.06966237093101962, ""learning_rate"": 0.08323313906382075, ""max_depth"": 4, ""min_child_weight"": 6.518582546524436, ""n_estimators"": 1000, ""reg_alpha"": 0.05433152047064209, ""reg_lambda"": 0.18849217540107485, ""subsample"": 0.8597528113818274}",False,False,rebuilt,,,,,,
1711631eda555fb2,xgb,full,False,0.8132295719844358,0.0,0.799559581972896,0.5889877166245135,130.28,"{""class_weight_mode"": ""balanced"", ""colsample_bytree"": 0.5, ""learning_rate"": 0.06, ""max_depth"": 6, ""min_child_weight"": 1, ""n_estimators"": 800, ""reg_lambda"": 5.0, ""subsample"": 0.9}",False,False,rebuilt,,,,,,
1bdf1786a0ac8316,xgb,full,False,0.8132295719844358,0.0,0.7973112258433777,0.585784596087875,94.29,"{""class_weight_mode"": ""balanced"", ""colsample_bytree"": 0.5, ""learning_rate"": 0.03, ""max_depth"": 6, ""min_child_weight"": 1, ""n_estimators"": 800, ""reg_lambda"": 1.0, ""subsample"": 0.7}",False,False,rebuilt,,,,,,
13c92224553cba8b,xgb,full,False,0.8132295719844358,0.0,0.7997226467708278,0.6390076572802684,63.59,"{""class_weight_mode"": ""balanced"", ""colsample_bytree"": 0.8, ""learning_rate"": 0.12, ""max_depth"": 6, ""min_child_weight"": 1, ""n_estimators"": 800, ""reg_lambda"": 1.0, ""subsample"": 0.7}",False,False,rebuilt,,,,,,
06fbab058d1638d8,lgbm,full,False,0.8132295719844358,0.0,0.7996312279542251,0.8848005825986551,41.18,"{""class_weight_mode"": ""balanced"", ""colsample_bytree"": 0.8, ""learning_rate"": 0.12, ""min_child_samples"": 10, ""n_estimators"": 400, ""num_leaves"": 31, ""reg_lambda"": 0.0, ""subsample"": 0.8, ""subsample_freq"": 1}",False,False,rebuilt,,,,,,
d13904b6fafcd11a,lgbm,full,False,0.8132295719844358,0.0,0.8015126401439396,0.5762238971248137,46.17,"{""class_weight_mode"": ""balanced"", ""colsample_bytree"": 0.8, ""learning_rate"": 0.03, ""min_child_samples"": 20, ""n_estimators"": 400, ""num_leaves"": 63, ""reg_lambda"": 5.0, ""subsample"": 0.8, ""subsample_freq"": 1}",False,False,rebuilt,,,,,,
0715aff045b37d02,lgbm,full,False,0.8132295719844358,0.0,0.8012591124668079,0.8772297765949337,103.12,"{""class_weight_mode"": ""balanced"", ""colsample_bytree"": 0.8, ""learning_rate"": 0.06, ""min_child_samples"": 20, ""n_estimators"": 800, ""num_leaves"": 31, ""reg_lambda"": 0.0, ""subsample"": 0.8, ""subsample_freq"": 1}",False,False,rebuilt,,,,,,
314522065731bc22,xgb,full,False,0.8132295719844358,0.0,0.7993759400977882,0.6205052195043878,47.74,"{""class_weight_mode"": ""balanced"", ""colsample_bytree"": 0.8, ""learning_rate"": 0.12, ""max_depth"": 3, ""min_child_weight"": 3, ""n_estimators"": 800, ""reg_lambda"": 1.0, ""subsample"": 0.7}",False,False,rebuilt,,,,,,
cf866f30df52bc20,lgbm,full,False,0.8132295719844358,0.0,0.8011062568384443,0.8646011278213462,135.39,"{""class_weight_mode"": ""balanced"", ""colsample_bytree"": 0.8, ""learning_rate"": 0.06, ""min_child_samples"": 10, ""n_estimators"": 800, ""num_leaves"": 63, ""reg_lambda"": 0.0, ""subsample"": 0.8, ""subsample_freq"": 1}",False,False,rebuilt,,,,,,
a12e3b5d2fad78e2,lgbm,full,False,0.8132295719844358,0.0,0.7949228599162452,0.8485072754884848,100.08,"{""class_weight_mode"": ""none"", ""colsample_bytree"": 0.5, ""learning_rate"": 0.03, ""min_child_samples"": 10, ""n_estimators"": 800, ""num_leaves"": 31, ""reg_lambda"": 0.0, ""subsample"": 0.8, ""subsample_freq"": 1}",False,False,rebuilt,,,,,,
942c1dd8b11ab61b,xgb,full,False,0.8132295719844358,0.0,0.8004714583214355,0.5927167289725617,62.13,"{""class_weight_mode"": ""balanced"", ""colsample_bytree"": 0.5, ""learning_rate"": 0.06, ""max_depth"": 3, ""min_child_weight"": 3, ""n_estimators"": 800, ""reg_lambda"": 1.0, ""subsample"": 0.9}",False,False,rebuilt,,,,,,
88fe226a6c95a2ea,lgbm,full,False,0.8132295719844358,0.0,0.7945644367596912,0.625849830816735,91.02,"{""class_weight_mode"": ""none"", ""colsample_bytree"": 0.5, ""learning_rate"": 0.12, ""min_child_samples"": 20, ""n_estimators"": 800, ""num_leaves"": 31, ""reg_lambda"": 5.0, ""subsample"": 0.8, ""subsample_freq"": 1}",False,False,rebuilt,,,,,,
364b68c0b477b25d,xgb,full,False,0.8132295719844358,0.0,0.801582020532817,0.5755951193792707,71.19,"{""class_weight_mode"": ""balanced"", ""colsample_bytree"": 0.5, ""learning_rate"": 0.03, ""max_depth"": 3, ""min_child_weight"": 3, ""n_estimators"": 800, ""reg_lambda"": 5.0, ""subsample"": 0.7}",False,False,rebuilt,,,,,,
cd679cbed8a339e3,lgbm,full,False,0.8132295719844358,0.0,0.7934754699317378,0.6052542062351715,87.34,"{""class_weight_mode"": ""none"", ""colsample_bytree"": 0.5, ""learning_rate"": 0.06, ""min_child_samples"": 10, ""n_estimators"": 800, ""num_leaves"": 31, ""reg_lambda"": 5.0, ""subsample"": 0.8, ""subsample_freq"": 1}",False,False,rebuilt,,,,,,
44beb691dd927f28,xgb,full,False,0.8132295719844358,0.0,0.8014970749709356,0.5808710432067905,53.09,"{""class_weight_mode"": ""balanced"", ""colsample_bytree"": 0.5, ""learning_rate"": 0.06, ""max_depth"": 6, ""min_child_weight"": 3, ""n_estimators"": 400, ""reg_lambda"": 1.0, ""subsample"": 0.9}",False,False,rebuilt,,,,,,
7a095484c5934243,xgb,full,False,0.8132295719844358,0.0,0.7993260893747344,0.5753980493089296,79.03,"{""class_weight_mode"": ""balanced"", ""colsample_bytree"": 0.5, ""learning_rate"": 0.03, ""max_depth"": 8, ""min_child_weight"": 3, ""n_estimators"": 800, ""reg_lambda"": 1.0, ""subsample"": 0.7}",False,False,rebuilt,,,,,,
c99e9dcefa05aa57,lgbm,full,False,0.8132295719844358,0.0,0.7969797580752762,0.8707202552970044,111.86,"{""class_weight_mode"": ""balanced"", ""colsample_bytree"": 0.8, ""learning_rate"": 0.06, ""min_child_samples"": 5, ""n_estimators"": 400, ""num_leaves"": 63, ""reg_lambda"": 0.0, ""subsample"": 0.8, ""subsample_freq"": 1}",False,False,rebuilt,,,,,,
99a6d3ecaad8e8f3,xgb,full,False,0.8132295719844358,0.0,0.8021520968222136,0.5815000371380044,51.88,"{""class_weight_mode"": ""balanced"", ""colsample_bytree"": 0.5, ""learning_rate"": 0.06, ""max_depth"": 6, ""min_child_weight"": 3, ""n_estimators"": 400, ""reg_lambda"": 1.0, ""subsample"": 0.7}",False,False,rebuilt,,,,,,
9d2d34c48ef1eb26,xgb,full,False,0.8132295719844358,0.0,0.8011365751363607,0.5834628879864975,38.25,"{""class_weight_mode"": ""balanced"", ""colsample_bytree"": 0.5, ""learning_rate"": 0.06, ""max_depth"": 3, ""min_child_weight"": 1, ""n_estimators"": 400, ""reg_lambda"": 1.0, ""subsample"": 0.7}",False,False,rebuilt,,,,,,
b6a06aa09d6c7899,lgbm,full,False,0.8132295719844358,0.0,0.7943033948847844,0.6902616341394123,170.13,"{""class_weight_mode"": ""none"", ""colsample_bytree"": 0.45995105288089266, ""learning_rate"": 0.014972323159113461, ""min_child_samples"": 27, ""n_estimators"": 1400, ""num_leaves"": 86, ""reg_alpha"": 0.004795137514758041, ""reg_lambda"": 0.012102399910789848, ""subsample"": 0.7314567371691165, ""subsample_freq"": 1}",False,False,rebuilt,,,,,,
7e2d1cd3fb11e9b6,xgb,full,False,0.8132295719844358,0.0,0.7991484005074632,0.6127631629226937,44.3,"{""class_weight_mode"": ""balanced"", ""colsample_bytree"": 0.5, ""learning_rate"": 0.12, ""max_depth"": 8, ""min_child_weight"": 3, ""n_estimators"": 800, ""reg_lambda"": 1.0, ""subsample"": 0.9}",False,False,rebuilt,,,,,,
a924a043f4a62dfe,xgb,full,False,0.8132295719844358,0.0,0.7973541786463334,0.5968297545161225,78.77,"{""class_weight_mode"": ""none"", ""colsample_bytree"": 0.8, ""learning_rate"": 0.12, ""max_depth"": 6, ""min_child_weight"": 3, ""n_estimators"": 800, ""reg_lambda"": 5.0, ""subsample"": 0.9}",False,False,rebuilt,,,,,,
2bb45ea316f52ecd,lgbm,full,False,0.8132295719844358,0.0,0.800191696547811,0.851493755508661,167.19,"{""class_weight_mode"": ""balanced"", ""colsample_bytree"": 0.5, ""learning_rate"": 0.03, ""min_child_samples"": 10, ""n_estimators"": 800, ""num_leaves"": 63, ""reg_lambda"": 0.0, ""subsample"": 0.8, ""subsample_freq"": 1}",False,False,rebuilt,,,,,,
9cefa045f08768b9,lgbm,full,False,0.8132295719844358,0.0,0.8010887055754736,0.6219252178291449,107.18,"{""class_weight_mode"": ""balanced"", ""colsample_bytree"": 0.5, ""learning_rate"": 0.12, ""min_child_samples"": 10, ""n_estimators"": 800, ""num_leaves"": 31, ""reg_lambda"": 5.0, ""subsample"": 0.8, ""subsample_freq"": 1}",False,False,rebuilt,,,,,,
c193c09c9f2d6a82,lgbm,full,False,0.8132295719844358,0.0,0.7978230764539531,0.8456121810792504,70.01,"{""class_weight_mode"": ""balanced"", ""colsample_bytree"": 0.5, ""learning_rate"": 0.03, ""min_child_samples"": 10, ""n_estimators"": 800, ""num_leaves"": 15, ""reg_lambda"": 0.0, ""subsample"": 0.8, ""subsample_freq"": 1}",False,False,rebuilt,,,,,,
f78c79d4addb8523,xgb,full,False,0.8132295719844358,0.0,0.8004093945897154,0.5805617291185337,109.0,"{""class_weight_mode"": ""balanced"", ""colsample_bytree"": 0.8, ""learning_rate"": 0.06, ""max_depth"": 3, ""min_child_weight"": 1, ""n_estimators"": 800, ""reg_lambda"": 5.0, ""subsample"": 0.9}",False,False,rebuilt,,,,,,
49456782bed0c4fa,xgb,full,False,0.8132295719844358,0.0,0.8003960464525326,0.5858179495491507,61.45,"{""class_weight_mode"": ""balanced"", ""colsample_bytree"": 0.5, ""learning_rate"": 0.06, ""max_depth"": 3, ""min_child_weight"": 3, ""n_estimators"": 800, ""reg_lambda"": 5.0, ""subsample"": 0.7}",False,False,rebuilt,,,,,,
6e8ac9f9954c9990,xgb,full,False,0.8132295719844358,0.0,0.7963885638865509,0.5828362696644291,54.33,"{""class_weight_mode"": ""none"", ""colsample_bytree"": 0.8, ""learning_rate"": 0.12, ""max_depth"": 6, ""min_child_weight"": 3, ""n_estimators"": 400, ""reg_lambda"": 5.0, ""subsample"": 0.9}",False,False,rebuilt,,,,,,
dd6875abec547311,xgb,full,False,0.8132295719844358,0.0,0.7993117722951946,0.5903244408152037,76.8,"{""class_weight_mode"": ""balanced"", ""colsample_bytree"": 0.5, ""learning_rate"": 0.06, ""max_depth"": 8, ""min_child_weight"": 3, ""n_estimators"": 800, ""reg_lambda"": 1.0, ""subsample"": 0.9}",False,False,rebuilt,,,,,,
21a4ea49d18c190a,xgb,full,False,0.8132295719844358,0.0,0.7964203335368419,0.596366724626014,99.5,"{""class_weight_mode"": ""balanced"", ""colsample_bytree"": 0.8, ""learning_rate"": 0.06, ""max_depth"": 8, ""min_child_weight"": 3, ""n_estimators"": 800, ""reg_lambda"": 1.0, ""subsample"": 0.9}",False,False,rebuilt,,,,,,
3400e214626793a8,lgbm,top120,False,0.8132295719844358,0.0,0.797190119475771,0.5729724867778282,39.76,"{""class_weight_mode"": ""none"", ""colsample_bytree"": 0.6404190602260798, ""learning_rate"": 0.016726031004650484, ""min_child_samples"": 24, ""n_estimators"": 800, ""num_leaves"": 48, ""reg_alpha"": 1.304179744946272, ""reg_lambda"": 0.010388365155200883, ""subsample"": 0.5234557962771617, ""subsample_freq"": 1}",False,False,rebuilt,,,,,,
759ba7eb0df68c00,xgb,top120,False,0.8132295719844358,0.0,0.7961499569274265,0.5758834842055691,23.93,"{""class_weight_mode"": ""none"", ""colsample_bytree"": 0.8044944208676612, ""gamma"": 0.16937973956950703, ""learning_rate"": 0.16887621018630064, ""max_depth"": 7, ""min_child_weight"": 4.743383164788105, ""n_estimators"": 400, ""reg_alpha"": 0.0479486307951168, ""reg_lambda"": 5.8214363805941876, ""subsample"": 0.8115851343527652}",False,False,rebuilt,,,,,,
3a07bc018e96393c,lgbm,full,False,0.8132295719844358,0.0,0.7969540079717059,0.5984714745009574,92.82,"{""class_weight_mode"": ""none"", ""colsample_bytree"": 0.5, ""learning_rate"": 0.06, ""min_child_samples"": 20, ""n_estimators"": 800, ""num_leaves"": 31, ""reg_lambda"": 5.0, ""subsample"": 0.8, ""subsample_freq"": 1}",False,False,rebuilt,,,,,,
25e4c65b699eb294,xgb,full,False,0.8132295719844358,0.0,0.8013479339661457,0.5818462965804111,102.18,"{""class_weight_mode"": ""balanced"", ""colsample_bytree"": 0.5, ""learning_rate"": 0.06, ""max_depth"": 8, ""min_child_weight"": 3, ""n_estimators"": 800, ""reg_lambda"": 5.0, ""subsample"": 0.9}",False,False,rebuilt,,,,,,
8c8dea22c4b4bb51,xgb,top120,False,0.8132295719844358,0.0,0.7960104949614004,0.5863663121688276,36.02,"{""class_weight_mode"": ""none"", ""colsample_bytree"": 0.7708146718000607, ""gamma"": 0.06301721436057182, ""learning_rate"": 0.0969691538726603, ""max_depth"": 6, ""min_child_weight"": 4.794370242168987, ""n_estimators"": 700, ""reg_alpha"": 0.15031923729766639, ""reg_lambda"": 2.806553432943997, ""subsample"": 0.7726099985875889}",False,False,rebuilt,,,,,,
42b9c2b6d83e5859,lgbm,full,False,0.8132295719844358,0.0,0.7957414645796715,0.8622273758860552,81.33,"{""class_weight_mode"": ""balanced"", ""colsample_bytree"": 0.5, ""learning_rate"": 0.06, ""min_child_samples"": 5, ""n_estimators"": 800, ""num_leaves"": 63, ""reg_lambda"": 0.0, ""subsample"": 0.8, ""subsample_freq"": 1}",False,False,rebuilt,,,,,,
5252b698a8741c27,lgbm,full,False,0.8132295719844358,0.0,0.7945644367596912,0.625849830816735,89.22,"{""class_weight_mode"": ""none"", ""colsample_bytree"": 0.5, ""learning_rate"": 0.12, ""min_child_samples"": 20, ""n_estimators"": 800, ""num_leaves"": 63, ""reg_lambda"": 5.0, ""subsample"": 0.8, ""subsample_freq"": 1}",False,False,rebuilt,,,,,,
00a8b08a753506a4,lgbm,full,False,0.8132295719844358,0.0,0.7953353837957686,0.5719246900235788,68.27,"{""class_weight_mode"": ""none"", ""colsample_bytree"": 0.8, ""learning_rate"": 0.03, ""min_child_samples"": 20, ""n_estimators"": 400, ""num_leaves"": 31, ""reg_lambda"": 5.0, ""subsample"": 0.8, ""subsample_freq"": 1}",False,False,rebuilt,,,,,,
d71af689120884cc,xgb,full,False,0.8132295719844358,0.0,0.7988754787806154,0.5893779689460695,127.82,"{""class_weight_mode"": ""balanced"", ""colsample_bytree"": 0.5, ""learning_rate"": 0.06, ""max_depth"": 6, ""min_child_weight"": 1, ""n_estimators"": 800, ""reg_lambda"": 5.0, ""subsample"": 0.7}",False,False,rebuilt,,,,,,
ade5e6bf1ecb3119,lgbm,top120,False,0.8132295719844358,0.0,0.7942101135281439,0.5770173293469862,84.22,"{""class_weight_mode"": ""none"", ""colsample_bytree"": 0.9141593406333105, ""learning_rate"": 0.010516896564860032, ""min_child_samples"": 20, ""n_estimators"": 500, ""num_leaves"": 70, ""reg_alpha"": 0.044792901332477146, ""reg_lambda"": 0.0029340415758003463, ""subsample"": 0.623868424032902, ""subsample_freq"": 1}",False,False,rebuilt,,,,,,
916086fa3ff478c2,xgb,full,False,0.8132295719844358,0.0,0.7967725198148462,0.589409929444886,80.28,"{""class_weight_mode"": ""none"", ""colsample_bytree"": 0.8, ""learning_rate"": 0.06, ""max_depth"": 6, ""min_child_weight"": 3, ""n_estimators"": 800, ""reg_lambda"": 1.0, ""subsample"": 0.9}",False,False,rebuilt,,,,,,
a59bf6079770a408,lgbm,full,False,0.8132295719844358,0.0,0.8002954029508971,0.8535164483587208,98.47,"{""class_weight_mode"": ""balanced"", ""colsample_bytree"": 0.8, ""learning_rate"": 0.06, ""min_child_samples"": 20, ""n_estimators"": 400, ""num_leaves"": 63, ""reg_lambda"": 0.0, ""subsample"": 0.8, ""subsample_freq"": 1}",False,False,rebuilt,,,,,,
c75fc02af5dfed98,xgb,full,False,0.8132295719844358,0.0,0.796570692173448,0.5879552521479948,112.56,"{""class_weight_mode"": ""none"", ""colsample_bytree"": 0.5, ""learning_rate"": 0.03, ""max_depth"": 4, ""min_child_weight"": 1, ""n_estimators"": 800, ""reg_lambda"": 1.0, ""subsample"": 0.9}",False,False,rebuilt,,,,,,
ad79d02b0b446724,xgb,full,False,0.8132295719844358,0.0,0.7959992665431256,0.5800904674201802,88.06,"{""class_weight_mode"": ""none"", ""colsample_bytree"": 0.5, ""learning_rate"": 0.06, ""max_depth"": 3, ""min_child_weight"": 1, ""n_estimators"": 800, ""reg_lambda"": 5.0, ""subsample"": 0.9}",False,False,rebuilt,,,,,,
3827c0a7c328e276,xgb,full,False,0.8132295719844358,0.0,0.7945669147941168,0.5736237514594226,40.68,"{""class_weight_mode"": ""none"", ""colsample_bytree"": 0.5, ""learning_rate"": 0.06, ""max_depth"": 6, ""min_child_weight"": 3, ""n_estimators"": 400, ""reg_lambda"": 1.0, ""subsample"": 0.7}",False,False,rebuilt,,,,,,
5eccead670866b6c,xgb,full,False,0.8132295719844358,0.0,0.7989542697963141,0.5816349490195664,70.23,"{""class_weight_mode"": ""balanced"", ""colsample_bytree"": 0.8, ""learning_rate"": 0.06, ""max_depth"": 8, ""min_child_weight"": 3, ""n_estimators"": 400, ""reg_lambda"": 1.0, ""subsample"": 0.9}",False,False,rebuilt,,,,,,
e2516fda11cc9cca,lgbm,full,False,0.8132295719844358,0.0,0.7997082304432392,0.6823297979212666,144.53,"{""class_weight_mode"": ""none"", ""colsample_bytree"": 0.5457720965233964, ""learning_rate"": 0.02237963836675133, ""min_child_samples"": 16, ""n_estimators"": 1500, ""num_leaves"": 95, ""reg_alpha"": 0.010472570064863664, ""reg_lambda"": 0.018133334422022203, ""subsample"": 0.5977428867425504, ""subsample_freq"": 1}",False,False,rebuilt,,,,,,
79322392863abc06,xgb,full,False,0.8132295719844358,0.0,0.7989020198106601,0.5806261137220664,88.07,"{""class_weight_mode"": ""balanced"", ""colsample_bytree"": 0.5, ""learning_rate"": 0.06, ""max_depth"": 6, ""min_child_weight"": 1, ""n_estimators"": 400, ""reg_lambda"": 5.0, ""subsample"": 0.7}",False,False,rebuilt,,,,,,
c5cd45b1213d368b,xgb,full,False,0.8132295719844358,0.0,0.7999516788235881,0.5618895491111681,51.35,"{""class_weight_mode"": ""balanced"", ""colsample_bytree"": 0.5, ""learning_rate"": 0.06, ""max_depth"": 3, ""min_child_weight"": 1, ""n_estimators"": 400, ""reg_lambda"": 5.0, ""subsample"": 0.9}",False,False,rebuilt,,,,,,
40ffceca79b255e2,xgb,full,False,0.8132295719844358,0.0,0.797022437551593,0.6103370517223049,33.43,"{""class_weight_mode"": ""none"", ""colsample_bytree"": 0.8, ""learning_rate"": 0.12, ""max_depth"": 3, ""min_child_weight"": 1, ""n_estimators"": 400, ""reg_lambda"": 1.0, ""subsample"": 0.9}",False,False,rebuilt,,,,,,
5de60c1795d84daf,xgb,full,False,0.8132295719844358,0.0,0.7994608138596047,0.590256195257165,37.84,"{""class_weight_mode"": ""balanced"", ""colsample_bytree"": 0.5, ""learning_rate"": 0.12, ""max_depth"": 8, ""min_child_weight"": 3, ""n_estimators"": 400, ""reg_lambda"": 5.0, ""subsample"": 0.9}",False,False,rebuilt,,,,,,
e76bb057c17aeeb2,lgbm,full,False,0.8132295719844358,0.0,0.7947810288427404,0.7981691224201953,181.33,"{""class_weight_mode"": ""none"", ""colsample_bytree"": 0.5, ""learning_rate"": 0.03, ""min_child_samples"": 10, ""n_estimators"": 400, ""num_leaves"": 63, ""reg_lambda"": 0.0, ""subsample"": 0.8, ""subsample_freq"": 1}",False,False,rebuilt,,,,,,
7fe3b710a4fddb02,lgbm,full,False,0.8132295719844358,0.0,0.7975241446895901,0.6103088861046472,52.46,"{""class_weight_mode"": ""balanced"", ""colsample_bytree"": 0.8, ""learning_rate"": 0.12, ""min_child_samples"": 10, ""n_estimators"": 400, ""num_leaves"": 15, ""reg_lambda"": 5.0, ""subsample"": 0.8, ""subsample_freq"": 1}",False,False,rebuilt,,,,,,
5fd0476f24a6c394,lgbm,top120,False,0.8132295719844358,0.0,0.7988799179532193,0.5868127267061777,46.64,"{""class_weight_mode"": ""balanced"", ""colsample_bytree"": 0.3691241862613508, ""learning_rate"": 0.012164023151305835, ""min_child_samples"": 21, ""n_estimators"": 700, ""num_leaves"": 93, ""reg_alpha"": 0.1343480380300901, ""reg_lambda"": 0.006141004977752772, ""subsample"": 0.7363191815867097, ""subsample_freq"": 1}",False,False,rebuilt,,,,,,
ce5e4403cc77bd1b,xgb,full,False,0.8132295719844358,0.0,0.8021624332394881,0.5818140531745181,115.01,"{""class_weight_mode"": ""balanced"", ""colsample_bytree"": 0.8, ""learning_rate"": 0.03, ""max_depth"": 6, ""min_child_weight"": 3, ""n_estimators"": 800, ""reg_lambda"": 1.0, ""subsample"": 0.9}",False,False,rebuilt,,,,,,
660e3710eadc9308,lgbm,full,False,0.8132295719844358,0.0,0.7953353837957686,0.5719246900235788,62.9,"{""class_weight_mode"": ""none"", ""colsample_bytree"": 0.8, ""learning_rate"": 0.03, ""min_child_samples"": 20, ""n_estimators"": 400, ""num_leaves"": 63, ""reg_lambda"": 5.0, ""subsample"": 0.8, ""subsample_freq"": 1}",False,False,rebuilt,,,,,,
25fd9d720bc12475,xgb,full,False,0.8132295719844358,0.0,0.7984410540208975,0.5942454870333105,42.45,"{""class_weight_mode"": ""balanced"", ""colsample_bytree"": 0.8, ""learning_rate"": 0.12, ""max_depth"": 4, ""min_child_weight"": 3, ""n_estimators"": 400, ""reg_lambda"": 5.0, ""subsample"": 0.9}",False,False,rebuilt,,,,,,
2b3a29dba8d70eda,lgbm,full,False,0.8132295719844358,0.0,0.8013385771574038,0.6082696792788876,74.31,"{""class_weight_mode"": ""balanced"", ""colsample_bytree"": 0.8, ""learning_rate"": 0.12, ""min_child_samples"": 10, ""n_estimators"": 400, ""num_leaves"": 31, ""reg_lambda"": 5.0, ""subsample"": 0.8, ""subsample_freq"": 1}",False,False,rebuilt,,,,,,
6d546a917e9c69c3,lgbm,full,False,0.8132295719844358,0.0,0.7982295049695525,0.8873894321036672,111.02,"{""class_weight_mode"": ""none"", ""colsample_bytree"": 0.5, ""learning_rate"": 0.06, ""min_child_samples"": 5, ""n_estimators"": 800, ""num_leaves"": 63, ""reg_lambda"": 0.0, ""subsample"": 0.8, ""subsample_freq"": 1}",False,False,rebuilt,,,,,,
2b4d168d00da126f,lgbm,full,False,0.8132295719844358,0.0,0.8015126401439396,0.5762238971248137,51.87,"{""class_weight_mode"": ""balanced"", ""colsample_bytree"": 0.8, ""learning_rate"": 0.03, ""min_child_samples"": 20, ""n_estimators"": 400, ""num_leaves"": 31, ""reg_lambda"": 5.0, ""subsample"": 0.8, ""subsample_freq"": 1}",False,False,rebuilt,,,,,,
ea88de129996c2ef,xgb,full,False,0.8124513618677043,0.0,0.7974073708629217,0.6075027180946305,34.22,"{""class_weight_mode"": ""balanced"", ""colsample_bytree"": 0.8, ""learning_rate"": 0.12, ""max_depth"": 4, ""min_child_weight"": 3, ""n_estimators"": 400, ""reg_lambda"": 1.0, ""subsample"": 0.9}",False,False,rebuilt,,,,,,
3ce765ce2d597ce7,xgb,full,False,0.8124513618677043,0.0,0.7987675812024954,0.62219293764977,88.94,"{""class_weight_mode"": ""balanced"", ""colsample_bytree"": 0.8, ""learning_rate"": 0.06, ""max_depth"": 4, ""min_child_weight"": 1, ""n_estimators"": 800, ""reg_lambda"": 1.0, ""subsample"": 0.9}",False,False,rebuilt,,,,,,
6932c18429b16c63,xgb,full,False,0.8124513618677043,0.0,0.7996224366266474,0.5797179398346883,68.22,"{""class_weight_mode"": ""balanced"", ""colsample_bytree"": 0.5, ""learning_rate"": 0.06, ""max_depth"": 4, ""min_child_weight"": 1, ""n_estimators"": 400, ""reg_lambda"": 5.0, ""subsample"": 0.7}",False,False,rebuilt,,,,,,
af1ac25e5bec7209,lgbm,full,False,0.8124513618677043,0.0,0.7984339100300517,0.6037936628777839,151.83,"{""class_weight_mode"": ""balanced"", ""colsample_bytree"": 0.4305990412202251, ""learning_rate"": 0.06669254439997736, ""min_child_samples"": 36, ""n_estimators"": 1500, ""num_leaves"": 79, ""reg_alpha"": 0.09885776211256192, ""reg_lambda"": 6.901174761956772, ""subsample"": 0.9018360384495572, ""subsample_freq"": 1}",False,False,rebuilt,,,,,,
3b54fc92eb92113e,xgb,full,False,0.8124513618677043,0.0,0.7998740530676702,0.5900447883697348,93.98,"{""class_weight_mode"": ""balanced"", ""colsample_bytree"": 0.5, ""learning_rate"": 0.06, ""max_depth"": 4, ""min_child_weight"": 1, ""n_estimators"": 800, ""reg_lambda"": 5.0, ""subsample"": 0.7}",False,False,rebuilt,,,,,,
a22c49779805c836,lgbm,full,False,0.8124513618677043,0.0,0.7926835191157099,0.6053436213123907,167.25,"{""class_weight_mode"": ""none"", ""colsample_bytree"": 0.8, ""learning_rate"": 0.06, ""min_child_samples"": 10, ""n_estimators"": 800, ""num_leaves"": 63, ""reg_lambda"": 5.0, ""subsample"": 0.8, ""subsample_freq"": 1}",False,False,rebuilt,,,,,,
6897eed48ebad90e,xgb,full,False,0.8124513618677043,0.0,0.7996014893300509,0.5781525746203638,41.48,"{""class_weight_mode"": ""balanced"", ""colsample_bytree"": 0.5, ""learning_rate"": 0.03, ""max_depth"": 3, ""min_child_weight"": 3, ""n_estimators"": 400, ""reg_lambda"": 1.0, ""subsample"": 0.7}",False,False,rebuilt,,,,,,
93021caca0f56884,xgb,full,False,0.8124513618677043,0.0,0.8007012894779093,0.5628749172231194,83.62,"{""class_weight_mode"": ""balanced"", ""colsample_bytree"": 0.5, ""learning_rate"": 0.03, ""max_depth"": 3, ""min_child_weight"": 1, ""n_estimators"": 800, ""reg_lambda"": 5.0, ""subsample"": 0.9}",False,False,rebuilt,,,,,,
5834b74cbb8a5c82,lgbm,full,False,0.8124513618677043,0.0,0.8003033118834078,0.8760151551904045,101.39,"{""class_weight_mode"": ""balanced"", ""colsample_bytree"": 0.5, ""learning_rate"": 0.06, ""min_child_samples"": 10, ""n_estimators"": 800, ""num_leaves"": 63, ""reg_lambda"": 0.0, ""subsample"": 0.8, ""subsample_freq"": 1}",False,False,rebuilt,,,,,,
43134b15ea131ead,lgbm,full,False,0.8124513618677043,0.0,0.7996704471800206,0.8975378621127301,52.36,"{""class_weight_mode"": ""balanced"", ""colsample_bytree"": 0.8, ""learning_rate"": 0.12, ""min_child_samples"": 20, ""n_estimators"": 400, ""num_leaves"": 31, ""reg_lambda"": 0.0, ""subsample"": 0.8, ""subsample_freq"": 1}",False,False,rebuilt,,,,,,
b27ab3449ccec7f3,hgb,full,False,0.8124513618677043,0.0023346303501945442,0.7910943990314001,0.8352696258311633,435.63,"{""l2_regularization"": 0.0, ""learning_rate"": 0.1, ""max_iter"": 400, ""max_leaf_nodes"": 31, ""min_samples_leaf"": 20}",,,finalists,0.8101167315175098,0.005502776507288288,0.7939354803485811,0.7846764735823436,,/work/oof/hgb_b27ab3449ccec7f3.npz
9228fefb720b0273,lgbm,full,False,0.8124513618677043,0.0,0.795650862853686,0.8477062302456582,69.9,"{""class_weight_mode"": ""balanced"", ""colsample_bytree"": 0.5, ""learning_rate"": 0.06, ""min_child_samples"": 20, ""n_estimators"": 400, ""num_leaves"": 31, ""reg_lambda"": 0.0, ""subsample"": 0.8, ""subsample_freq"": 1}",False,False,rebuilt,,,,,,
4f7d39f770b617fe,xgb,full,False,0.8124513618677043,0.0,0.800808704526599,0.5794542269808761,111.73,"{""class_weight_mode"": ""balanced"", ""colsample_bytree"": 0.5, ""learning_rate"": 0.03, ""max_depth"": 4, ""min_child_weight"": 3, ""n_estimators"": 800, ""reg_lambda"": 5.0, ""subsample"": 0.7}",False,False,rebuilt,,,,,,
7a77d1db194407d8,xgb,full,False,0.8124513618677043,0.0,0.7974449482192114,0.5747824455510657,57.98,"{""class_weight_mode"": ""none"", ""colsample_bytree"": 0.5, ""learning_rate"": 0.06, ""max_depth"": 8, ""min_child_weight"": 3, ""n_estimators"": 400, ""reg_lambda"": 5.0, ""subsample"": 0.7}",False,False,rebuilt,,,,,,
17943b5bb9b95092,lgbm,full,False,0.8124513618677043,0.0,0.7982120026867306,0.8790708343771201,66.42,"{""class_weight_mode"": ""balanced"", ""colsample_bytree"": 0.8, ""learning_rate"": 0.06, ""min_child_samples"": 10, ""n_estimators"": 800, ""num_leaves"": 15, ""reg_lambda"": 0.0, ""subsample"": 0.8, ""subsample_freq"": 1}",False,False,rebuilt,,,,,,
8375892464969061,lgbm,full,False,0.8124513618677043,0.0,0.7988541569712664,0.5801491226672326,84.86,"{""class_weight_mode"": ""balanced"", ""colsample_bytree"": 0.5, ""learning_rate"": 0.03, ""min_child_samples"": 20, ""n_estimators"": 800, ""num_leaves"": 31, ""reg_lambda"": 5.0, ""subsample"": 0.8, ""subsample_freq"": 1}",False,False,rebuilt,,,,,,
9fd225c50b091b81,lgbm,top120,False,0.8124513618677043,0.0,0.7966772768812761,0.5639357139114435,81.77,"{""class_weight_mode"": ""balanced"", ""colsample_bytree"": 0.4607231201067494, ""learning_rate"": 0.011012428836993323, ""min_child_samples"": 37, ""n_estimators"": 1300, ""num_leaves"": 41, ""reg_alpha"": 0.6255395974869871, ""reg_lambda"": 0.0024231958333633384, ""subsample"": 0.7474112533120835, ""subsample_freq"": 1}",False,False,rebuilt,,,,,,
95a81bf9fcfe7fa7,lgbm,top120,False,0.8124513618677043,0.011673151750972721,0.7986731370332618,0.586317827256412,404.94,"{""class_weight_mode"": ""balanced"", ""colsample_bytree"": 0.5222750703363713, ""learning_rate"": 0.01102081558944577, ""min_child_samples"": 36, ""n_estimators"": 1500, ""num_leaves"": 28, ""reg_alpha"": 0.12327903012511254, ""reg_lambda"": 0.0020353846066288378, ""subsample"": 0.6437489188813378, ""subsample_freq"": 1}",,,finalists,0.80337224383917,0.004769072972983183,0.79067148840209,0.5922965216574023,,/work/oof/lgbm_95a81bf9fcfe7fa7.npz
52d7d72177126a6b,xgb,full,False,0.8124513618677043,0.0,0.8015857907335466,0.5820991980808756,90.45,"{""class_weight_mode"": ""balanced"", ""colsample_bytree"": 0.8, ""learning_rate"": 0.06, ""max_depth"": 3, ""min_child_weight"": 3, ""n_estimators"": 800, ""reg_lambda"": 5.0, ""subsample"": 0.9}",False,False,rebuilt,,,,,,
085994250164054d,lgbm,full,False,0.8124513618677043,0.0,0.7897174621100589,0.906309067662928,42.62,"{""class_weight_mode"": ""none"", ""colsample_bytree"": 0.5, ""learning_rate"": 0.12, ""min_child_samples"": 20, ""n_estimators"": 800, ""num_leaves"": 63, ""reg_lambda"": 0.0, ""subsample"": 0.8, ""subsample_freq"": 1}",False,False,rebuilt,,,,,,
4933d8889b1b9c11,xgb,full,False,0.8124513618677043,0.0,0.7983583175808925,0.6045604642509071,61.53,"{""class_weight_mode"": ""none"", ""colsample_bytree"": 0.5, ""learning_rate"": 0.06, ""max_depth"": 3, ""min_child_weight"": 1, ""n_estimators"": 800, ""reg_lambda"": 1.0, ""subsample"": 0.9}",False,False,rebuilt,,,,,,
7fec19c64ebdf1d3,xgb,full,False,0.8124513618677043,0.0,0.7965490642178894,0.6353287827058051,82.88,"{""class_weight_mode"": ""none"", ""colsample_bytree"": 0.8, ""learning_rate"": 0.12, ""max_depth"": 6, ""min_child_weight"": 1, ""n_estimators"": 800, ""reg_lambda"": 1.0, ""subsample"": 0.9}",False,False,rebuilt,,,,,,
57db8e813e14257f,lgbm,full,False,0.8124513618677043,0.0,0.7979206897172287,0.915716993247477,78.98,"{""class_weight_mode"": ""none"", ""colsample_bytree"": 0.8, ""learning_rate"": 0.12, ""min_child_samples"": 10, ""n_estimators"": 800, ""num_leaves"": 63, ""reg_lambda"": 0.0, ""subsample"": 0.8, ""subsample_freq"": 1}",False,False,rebuilt,,,,,,
cee417e678f42d61,lgbm,full,False,0.8124513618677043,0.0,0.7971051110022257,0.8569685271430056,221.52,"{""class_weight_mode"": ""none"", ""colsample_bytree"": 0.8, ""learning_rate"": 0.03, ""min_child_samples"": 10, ""n_estimators"": 800, ""num_leaves"": 63, ""reg_lambda"": 0.0, ""subsample"": 0.8, ""subsample_freq"": 1}",False,False,rebuilt,,,,,,
4f6cbb918844d8c5,lgbm,full,False,0.8124513618677043,0.0,0.7972658345315448,0.8731854823215546,39.42,"{""class_weight_mode"": ""balanced"", ""colsample_bytree"": 0.5, ""learning_rate"": 0.12, ""min_child_samples"": 20, ""n_estimators"": 400, ""num_leaves"": 63, ""reg_lambda"": 0.0, ""subsample"": 0.8, ""subsample_freq"": 1}",False,False,rebuilt,,,,,,
2462e9c833269ccc,xgb,full,False,0.8124513618677043,0.0,0.7990061134188704,0.5971674054945215,79.19,"{""class_weight_mode"": ""balanced"", ""colsample_bytree"": 0.5, ""learning_rate"": 0.06, ""max_depth"": 6, ""min_child_weight"": 3, ""n_estimators"": 800, ""reg_lambda"": 1.0, ""subsample"": 0.9}",False,False,rebuilt,,,,,,
c29ae281e687bcea,lgbm,full,False,0.8124513618677043,0.0,0.7951953802896754,0.8254857015546606,121.89,"{""class_weight_mode"": ""none"", ""colsample_bytree"": 0.8, ""learning_rate"": 0.03, ""min_child_samples"": 5, ""n_estimators"": 400, ""num_leaves"": 31, ""reg_lambda"": 0.0, ""subsample"": 0.8, ""subsample_freq"": 1}",False,False,rebuilt,,,,,,
154b28ec854fd9fd,xgb,full,False,0.8124513618677043,0.0,0.7987135236840314,0.5882126389942295,82.1,"{""class_weight_mode"": ""balanced"", ""colsample_bytree"": 0.5, ""learning_rate"": 0.06, ""max_depth"": 4, ""min_child_weight"": 3, ""n_estimators"": 800, ""reg_lambda"": 5.0, ""subsample"": 0.7}",False,False,rebuilt,,,,,,
c2a13a1888807340,lgbm,full,False,0.8124513618677043,0.0,0.7963143140971594,0.8640102662234252,87.78,"{""class_weight_mode"": ""balanced"", ""colsample_bytree"": 0.5, ""learning_rate"": 0.06, ""min_child_samples"": 20, ""n_estimators"": 800, ""num_leaves"": 63, ""reg_lambda"": 0.0, ""subsample"": 0.8, ""subsample_freq"": 1}",False,False,rebuilt,,,,,,
d987649b557bb979,xgb,full,False,0.8124513618677043,0.0,0.7999609428723643,0.5835969019134487,59.4,"{""class_weight_mode"": ""balanced"", ""colsample_bytree"": 0.5, ""learning_rate"": 0.06, ""max_depth"": 4, ""min_child_weight"": 1, ""n_estimators"": 400, ""reg_lambda"": 1.0, ""subsample"": 0.7}",False,False,rebuilt,,,,,,
1c0160d9ab08176f,xgb,full,False,0.8124513618677043,0.0,0.7948849161656136,0.6164269144158798,73.24,"{""class_weight_mode"": ""none"", ""colsample_bytree"": 0.8, ""learning_rate"": 0.12, ""max_depth"": 3, ""min_child_weight"": 1, ""n_estimators"": 800, ""reg_lambda"": 5.0, ""subsample"": 0.9}",False,False,rebuilt,,,,,,
f4fe320b3c72ca02,lgbm,full,False,0.8124513618677043,0.0,0.8000410380545994,0.8826263976317454,90.76,"{""class_weight_mode"": ""none"", ""colsample_bytree"": 0.8, ""learning_rate"": 0.06, ""min_child_samples"": 10, ""n_estimators"": 800, ""num_leaves"": 31, ""reg_lambda"": 0.0, ""subsample"": 0.8, ""subsample_freq"": 1}",False,False,rebuilt,,,,,,
5f8e1b8fb80b269f,xgb,full,False,0.8124513618677043,0.0,0.7990128080862016,0.6196443984310619,88.29,"{""class_weight_mode"": ""balanced"", ""colsample_bytree"": 0.8, ""learning_rate"": 0.12, ""max_depth"": 6, ""min_child_weight"": 1, ""n_estimators"": 800, ""reg_lambda"": 5.0, ""subsample"": 0.9}",False,False,rebuilt,,,,,,
e88e8774557bee17,lgbm,full,False,0.8124513618677043,0.0,0.801147316472477,0.5772410491822194,109.55,"{""class_weight_mode"": ""balanced"", ""colsample_bytree"": 0.7862672572160955, ""learning_rate"": 0.015891565197120313, ""min_child_samples"": 22, ""n_estimators"": 1000, ""num_leaves"": 90, ""reg_alpha"": 0.6810525732879538, ""reg_lambda"": 0.0010430602613087164, ""subsample"": 0.6827516332844886, ""subsample_freq"": 1}",False,False,rebuilt,,,,,,
267f75e873676b7d,xgb,full,False,0.8124513618677043,0.0,0.8018135943256862,0.575747491553868,59.83,"{""class_weight_mode"": ""balanced"", ""colsample_bytree"": 0.8, ""learning_rate"": 0.03, ""max_depth"": 3, ""min_child_weight"": 3, ""n_estimators"": 400, ""reg_lambda"": 1.0, ""subsample"": 0.7}",False,False,rebuilt,,,,,,
6485ef03d85b4dc0,xgb,full,False,0.8124513618677043,0.0,0.7999284127585512,0.5789342023144171,79.84,"{""class_weight_mode"": ""balanced"", ""colsample_bytree"": 0.8, ""learning_rate"": 0.06, ""max_depth"": 8, ""min_child_weight"": 3, ""n_estimators"": 400, ""reg_lambda"": 5.0, ""subsample"": 0.9}",False,False,rebuilt,,,,,,
fd68c2457c623c4e,xgb,full,False,0.8124513618677043,0.0,0.7936557665898404,0.5777324719392648,72.25,"{""class_weight_mode"": ""none"", ""colsample_bytree"": 0.5, ""learning_rate"": 0.12, ""max_depth"": 6, ""min_child_weight"": 3, ""n_estimators"": 400, ""reg_lambda"": 5.0, ""subsample"": 0.9}",False,False,rebuilt,,,,,,
db5219c065f56a92,xgb,full,False,0.8124513618677043,0.0,0.7974359284203791,0.5896520611941705,53.29,"{""class_weight_mode"": ""balanced"", ""colsample_bytree"": 0.8, ""learning_rate"": 0.12, ""max_depth"": 8, ""min_child_weight"": 3, ""n_estimators"": 400, ""reg_lambda"": 5.0, ""subsample"": 0.9}",False,False,rebuilt,,,,,,
3126eef1d74a95d8,xgb,full,False,0.8124513618677043,0.0,0.79710493750796,0.6131855297072528,57.9,"{""class_weight_mode"": ""none"", ""colsample_bytree"": 0.5, ""learning_rate"": 0.12, ""max_depth"": 8, ""min_child_weight"": 3, ""n_estimators"": 800, ""reg_lambda"": 1.0, ""subsample"": 0.9}",False,False,rebuilt,,,,,,
e89f4eddd4f78153,lgbm,full,False,0.8124513618677043,0.0,0.7988541569712664,0.5801491226672326,101.8,"{""class_weight_mode"": ""balanced"", ""colsample_bytree"": 0.5, ""learning_rate"": 0.03, ""min_child_samples"": 20, ""n_estimators"": 800, ""num_leaves"": 63, ""reg_lambda"": 5.0, ""subsample"": 0.8, ""subsample_freq"": 1}",False,False,rebuilt,,,,,,
a78db2ef3f5a4bff,xgb,full,False,0.8124513618677043,0.0,0.7994858201918713,0.6199364154087879,113.64,"{""class_weight_mode"": ""balanced"", ""colsample_bytree"": 0.8, ""learning_rate"": 0.12, ""max_depth"": 8, ""min_child_weight"": 1, ""n_estimators"": 800, ""reg_lambda"": 5.0, ""subsample"": 0.9}",False,False,rebuilt,,,,,,
123874f2b8486e66,xgb,full,False,0.8124513618677043,0.0,0.7976735727654225,0.5818510032071835,122.32,"{""class_weight_mode"": ""balanced"", ""colsample_bytree"": 0.5, ""learning_rate"": 0.03, ""max_depth"": 4, ""min_child_weight"": 1, ""n_estimators"": 800, ""reg_lambda"": 1.0, ""subsample"": 0.7}",False,False,rebuilt,,,,,,
ff446a71edd608c7,lgbm,full,False,0.8124513618677043,0.0,0.8010783812738488,0.6005356015981126,99.31,"{""class_weight_mode"": ""balanced"", ""colsample_bytree"": 0.5, ""learning_rate"": 0.06, ""min_child_samples"": 5, ""n_estimators"": 800, ""num_leaves"": 15, ""reg_lambda"": 5.0, ""subsample"": 0.8, ""subsample_freq"": 1}",False,False,rebuilt,,,,,,
630ae3904b1cef9d,lgbm,full,False,0.8124513618677043,0.0,0.794289478110522,0.9019709346838766,42.12,"{""class_weight_mode"": ""none"", ""colsample_bytree"": 0.5, ""learning_rate"": 0.06, ""min_child_samples"": 5, ""n_estimators"": 800, ""num_leaves"": 15, ""reg_lambda"": 0.0, ""subsample"": 0.8, ""subsample_freq"": 1}",False,False,rebuilt,,,,,,
a1736156792b268e,lgbm,full,False,0.8124513618677043,0.0,0.7890276036289459,0.9030274443264642,42.61,"{""class_weight_mode"": ""none"", ""colsample_bytree"": 0.5, ""learning_rate"": 0.12, ""min_child_samples"": 10, ""n_estimators"": 800, ""num_leaves"": 31, ""reg_lambda"": 0.0, ""subsample"": 0.8, ""subsample_freq"": 1}",False,False,rebuilt,,,,,,
aa0e6c92059ed082,xgb,full,False,0.8124513618677043,0.0,0.8037599695060098,0.5841375305604178,81.21,"{""class_weight_mode"": ""balanced"", ""colsample_bytree"": 0.7220145373760889, ""gamma"": 0.01327970382621844, ""learning_rate"": 0.04824410064676612, ""max_depth"": 7, ""min_child_weight"": 4.476513637944034, ""n_estimators"": 700, ""reg_alpha"": 0.228135905765225, ""reg_lambda"": 9.864806642845524, ""subsample"": 0.7678581667970383}",False,False,rebuilt,,,,,,
dca07b8926802774,lgbm,full,False,0.8124513618677043,0.0,0.7945116414676847,0.8033528039133202,56.64,"{""class_weight_mode"": ""balanced"", ""colsample_bytree"": 0.5, ""learning_rate"": 0.03, ""min_child_samples"": 5, ""n_estimators"": 400, ""num_leaves"": 15, ""reg_lambda"": 0.0, ""subsample"": 0.8, ""subsample_freq"": 1}",False,False,rebuilt,,,,,,
a9d1b13459e2ebea,xgb,full,False,0.8124513618677043,0.0,0.7959017182325777,0.5943832008167746,57.18,"{""class_weight_mode"": ""none"", ""colsample_bytree"": 0.5, ""learning_rate"": 0.06, ""max_depth"": 8, ""min_child_weight"": 1, ""n_estimators"": 400, ""reg_lambda"": 1.0, ""subsample"": 0.9}",False,False,rebuilt,,,,,,
da39ea6a0edc5783,lgbm,full,False,0.8124513618677043,0.0,0.8006468815895118,0.6247375967042045,111.36,"{""class_weight_mode"": ""balanced"", ""colsample_bytree"": 0.5, ""learning_rate"": 0.12, ""min_child_samples"": 10, ""n_estimators"": 800, ""num_leaves"": 63, ""reg_lambda"": 5.0, ""subsample"": 0.8, ""subsample_freq"": 1}",False,False,rebuilt,,,,,,
152bb3ef2795e527,xgb,full,False,0.8124513618677043,0.0,0.7951918650330398,0.6162011488577559,43.06,"{""class_weight_mode"": ""none"", ""colsample_bytree"": 0.8, ""learning_rate"": 0.12, ""max_depth"": 4, ""min_child_weight"": 3, ""n_estimators"": 800, ""reg_lambda"": 1.0, ""subsample"": 0.9}",False,False,rebuilt,,,,,,
6a2a907c8b20cd0c,lgbm,full,False,0.8124513618677043,0.0,0.7966700247367132,0.8563219798870526,183.02,"{""class_weight_mode"": ""balanced"", ""colsample_bytree"": 0.5, ""learning_rate"": 0.03, ""min_child_samples"": 5, ""n_estimators"": 800, ""num_leaves"": 63, ""reg_lambda"": 0.0, ""subsample"": 0.8, ""subsample_freq"": 1}",False,False,rebuilt,,,,,,
4e6b42060cf3bc99,lgbm,full,False,0.8124513618677043,0.0,0.8002423504982049,0.6108363119988329,64.66,"{""class_weight_mode"": ""balanced"", ""colsample_bytree"": 0.5, ""learning_rate"": 0.12, ""min_child_samples"": 5, ""n_estimators"": 400, ""num_leaves"": 63, ""reg_lambda"": 5.0, ""subsample"": 0.8, ""subsample_freq"": 1}",False,False,rebuilt,,,,,,
d78948f9120e118b,xgb,full,False,0.8124513618677043,0.0,0.7946950091871496,0.5870566616986508,106.84,"{""class_weight_mode"": ""none"", ""colsample_bytree"": 0.8, ""learning_rate"": 0.06, ""max_depth"": 4, ""min_child_weight"": 3, ""n_estimators"": 800, ""reg_lambda"": 5.0, ""subsample"": 0.9}",False,False,rebuilt,,,,,,
f62423ad64827a98,et,full,False,0.8124513618677043,0.0,0.8009115384947065,0.5769192448729474,22.37,"{""class_weight_mode"": ""none"", ""max_depth"": null, ""max_features"": 0.3, ""min_samples_leaf"": 1, ""n_estimators"": 600}",False,False,rebuilt,,,,,,
cef5b14ecc9f67b8,lgbm,full,False,0.8124513618677043,0.0,0.7971761260593306,0.8565930681291247,51.39,"{""class_weight_mode"": ""none"", ""colsample_bytree"": 0.5, ""learning_rate"": 0.06, ""min_child_samples"": 20, ""n_estimators"": 400, ""num_leaves"": 31, ""reg_lambda"": 0.0, ""subsample"": 0.8, ""subsample_freq"": 1}",False,False,rebuilt,,,,,,
a8a446e8aafa2f84,xgb,full,False,0.8124513618677043,0.0,0.7941311301043413,0.649013602717566,63.09,"{""class_weight_mode"": ""none"", ""colsample_bytree"": 0.9744029811977333, ""gamma"": 0.0006434804563093109, ""learning_rate"": 0.15844787257065485, ""max_depth"": 5, ""min_child_weight"": 1.12886282209828, ""n_estimators"": 1000, ""reg_alpha"": 0.003706201596230373, ""reg_lambda"": 1.2714828988177265, ""subsample"": 0.6992447428751931}",False,False,rebuilt,,,,,,
cc7d06742264e91a,lgbm,full,False,0.8124513618677043,0.0,0.7974775290246477,0.8551434223955611,98.95,"{""class_weight_mode"": ""balanced"", ""colsample_bytree"": 0.5, ""learning_rate"": 0.03, ""min_child_samples"": 5, ""n_estimators"": 800, ""num_leaves"": 31, ""reg_lambda"": 0.0, ""subsample"": 0.8, ""subsample_freq"": 1}",False,False,rebuilt,,,,,,
a7c043c5dae59c89,xgb,full,False,0.8124513618677043,0.0,0.8014364859097258,0.5755355732630936,68.82,"{""class_weight_mode"": ""balanced"", ""colsample_bytree"": 0.8, ""learning_rate"": 0.03, ""max_depth"": 3, ""min_child_weight"": 1, ""n_estimators"": 400, ""reg_lambda"": 1.0, ""subsample"": 0.7}",False,False,rebuilt,,,,,,
a07505fe7308e8a9,lgbm,full,False,0.8124513618677043,0.0,0.7997469226221686,0.5860266540907488,124.47,"{""class_weight_mode"": ""balanced"", ""colsample_bytree"": 0.8, ""learning_rate"": 0.03, ""min_child_samples"": 10, ""n_estimators"": 800, ""num_leaves"": 63, ""reg_lambda"": 5.0, ""subsample"": 0.8, ""subsample_freq"": 1}",False,False,rebuilt,,,,,,
cb8ae146c42f8c33,lgbm,full,False,0.8124513618677043,0.0,0.7979312206721538,0.8038449346308287,205.87,"{""class_weight_mode"": ""balanced"", ""colsample_bytree"": 0.5, ""learning_rate"": 0.03, ""min_child_samples"": 10, ""n_estimators"": 400, ""num_leaves"": 63, ""reg_lambda"": 0.0, ""subsample"": 0.8, ""subsample_freq"": 1}",False,False,rebuilt,,,,,,
a1d678a2f1694e01,xgb,full,False,0.8124513618677043,0.0,0.7999623924277103,0.5938420384666553,58.04,"{""class_weight_mode"": ""balanced"", ""colsample_bytree"": 0.5, ""learning_rate"": 0.06, ""max_depth"": 6, ""min_child_weight"": 3, ""n_estimators"": 800, ""reg_lambda"": 1.0, ""subsample"": 0.7}",False,False,rebuilt,,,,,,
38a0c754cd5cd3f9,lgbm,top120,True,0.8124513618677043,0.0,0.7989282401267226,0.7765544965828344,141.62,"{""class_weight_mode"": ""none"", ""colsample_bytree"": 0.42556350282610683, ""learning_rate"": 0.020338089512566743, ""min_child_samples"": 18, ""n_estimators"": 1400, ""num_leaves"": 88, ""reg_alpha"": 0.0024541262636301638, ""reg_lambda"": 0.008946659970244252, ""subsample"": 0.7760011317290714, ""subsample_freq"": 1}",False,False,rebuilt,,,,,,
715ed795926a3fe4,lgbm,full,False,0.8124513618677043,0.0,0.8002886851285094,0.5791938175318154,77.14,"{""class_weight_mode"": ""balanced"", ""colsample_bytree"": 0.8, ""learning_rate"": 0.03, ""min_child_samples"": 10, ""n_estimators"": 400, ""num_leaves"": 31, ""reg_lambda"": 5.0, ""subsample"": 0.8, ""subsample_freq"": 1}",False,False,rebuilt,,,,,,
0ed0e2583355a222,xgb,full,False,0.8124513618677043,0.0,0.7935714729435357,0.6045949016632292,68.86,"{""class_weight_mode"": ""none"", ""colsample_bytree"": 0.8, ""learning_rate"": 0.12, ""max_depth"": 4, ""min_child_weight"": 3, ""n_estimators"": 800, ""reg_lambda"": 5.0, ""subsample"": 0.9}",False,False,rebuilt,,,,,,
4555e29d3660906a,xgb,full,False,0.8124513618677043,0.0,0.7976081253465989,0.6392336004766618,49.93,"{""class_weight_mode"": ""balanced"", ""colsample_bytree"": 0.5, ""learning_rate"": 0.12, ""max_depth"": 6, ""min_child_weight"": 1, ""n_estimators"": 800, ""reg_lambda"": 1.0, ""subsample"": 0.9}",False,False,rebuilt,,,,,,
58673b737b5e773c,lgbm,full,False,0.8124513618677043,0.0,0.7976264734680691,0.861938363809528,63.62,"{""class_weight_mode"": ""balanced"", ""colsample_bytree"": 0.5, ""learning_rate"": 0.06, ""min_child_samples"": 5, ""n_estimators"": 800, ""num_leaves"": 31, ""reg_lambda"": 0.0, ""subsample"": 0.8, ""subsample_freq"": 1}",False,False,rebuilt,,,,,,
80d26237eb3b6866,xgb,full,False,0.8124513618677043,0.0,0.7967790183914596,0.6117296901528516,54.43,"{""class_weight_mode"": ""none"", ""colsample_bytree"": 0.5, ""learning_rate"": 0.12, ""max_depth"": 6, ""min_child_weight"": 3, ""n_estimators"": 800, ""reg_lambda"": 1.0, ""subsample"": 0.9}",False,False,rebuilt,,,,,,
8cbb7225c1df3fe0,xgb,full,False,0.8124513618677043,0.0,0.798907114827035,0.601400946445514,32.55,"{""class_weight_mode"": ""balanced"", ""colsample_bytree"": 0.5, ""learning_rate"": 0.12, ""max_depth"": 8, ""min_child_weight"": 3, ""n_estimators"": 400, ""reg_lambda"": 1.0, ""subsample"": 0.9}",False,False,rebuilt,,,,,,
e51b0bd292e8ec2e,xgb,full,False,0.8124513618677043,0.0,0.7969144542091171,0.6120235939503809,90.85,"{""class_weight_mode"": ""none"", ""colsample_bytree"": 0.8, ""learning_rate"": 0.06, ""max_depth"": 3, ""min_child_weight"": 1, ""n_estimators"": 800, ""reg_lambda"": 1.0, ""subsample"": 0.7}",False,False,rebuilt,,,,,,
860b84bf31622cf3,xgb,full,False,0.8124513618677043,0.0,0.8009430961654672,0.5853505964442592,63.64,"{""class_weight_mode"": ""balanced"", ""colsample_bytree"": 0.8, ""learning_rate"": 0.06, ""max_depth"": 6, ""min_child_weight"": 3, ""n_estimators"": 400, ""reg_lambda"": 5.0, ""subsample"": 0.7}",False,False,rebuilt,,,,,,
eaaffa37c6fb0eaa,xgb,full,False,0.8124513618677043,0.0,0.800536595713276,0.5726946113874547,94.25,"{""class_weight_mode"": ""balanced"", ""colsample_bytree"": 0.8, ""learning_rate"": 0.03, ""max_depth"": 6, ""min_child_weight"": 3, ""n_estimators"": 400, ""reg_lambda"": 1.0, ""subsample"": 0.7}",False,False,rebuilt,,,,,,
8f7b96965c38173b,xgb,full,False,0.8124513618677043,0.0,0.8016025814998727,0.5956150334249004,126.47,"{""class_weight_mode"": ""balanced"", ""colsample_bytree"": 0.8, ""learning_rate"": 0.06, ""max_depth"": 8, ""min_child_weight"": 1, ""n_estimators"": 800, ""reg_lambda"": 5.0, ""subsample"": 0.7}",False,False,rebuilt,,,,,,
fefcd536afd4a5ac,xgb,full,False,0.8124513618677043,0.0,0.8042233065720122,0.60521443827148,27.77,"{""class_weight_mode"": ""balanced"", ""colsample_bytree"": 0.5, ""learning_rate"": 0.12, ""max_depth"": 4, ""min_child_weight"": 3, ""n_estimators"": 400, ""reg_lambda"": 1.0, ""subsample"": 0.7}",False,False,rebuilt,,,,,,
d42517ecba0dcc95,xgb,full,False,0.8124513618677043,0.0,0.7956928054716869,0.584855932329863,84.04,"{""class_weight_mode"": ""none"", ""colsample_bytree"": 0.8, ""learning_rate"": 0.06, ""max_depth"": 6, ""min_child_weight"": 3, ""n_estimators"": 800, ""reg_lambda"": 5.0, ""subsample"": 0.7}",False,False,rebuilt,,,,,,
1951ae623f8b907a,lgbm,full,False,0.8124513618677043,0.0,0.798050450082564,0.8987591409891096,37.47,"{""class_weight_mode"": ""balanced"", ""colsample_bytree"": 0.8, ""learning_rate"": 0.12, ""min_child_samples"": 5, ""n_estimators"": 400, ""num_leaves"": 15, ""reg_lambda"": 0.0, ""subsample"": 0.8, ""subsample_freq"": 1}",False,False,rebuilt,,,,,,
cc7472d36ba5baf7,xgb,full,False,0.8124513618677043,0.0,0.7992315492236579,0.6117258072392227,75.45,"{""class_weight_mode"": ""balanced"", ""colsample_bytree"": 0.5, ""learning_rate"": 0.06, ""max_depth"": 3, ""min_child_weight"": 1, ""n_estimators"": 800, ""reg_lambda"": 1.0, ""subsample"": 0.7}",False,False,rebuilt,,,,,,
cc04c012087b5f3e,xgb,full,False,0.8124513618677043,0.0,0.7950639034388014,0.5665366559401902,107.45,"{""class_weight_mode"": ""none"", ""colsample_bytree"": 0.8, ""learning_rate"": 0.03, ""max_depth"": 8, ""min_child_weight"": 3, ""n_estimators"": 400, ""reg_lambda"": 1.0, ""subsample"": 0.9}",False,False,rebuilt,,,,,,
fe23a336c958c40d,xgb,full,False,0.8124513618677043,0.0,0.7955052432603924,0.5834890484387469,168.6,"{""class_weight_mode"": ""none"", ""colsample_bytree"": 0.6856578935548339, ""gamma"": 0.004653982581448821, ""learning_rate"": 0.027905554894526837, ""max_depth"": 9, ""min_child_weight"": 4.001932411639834, ""n_estimators"": 1300, ""reg_alpha"": 0.08667438347888266, ""reg_lambda"": 0.24169711262294416, ""subsample"": 0.9213710006221606}",False,False,rebuilt,,,,,,
a158cfd0fe3a5339,xgb,full,False,0.8124513618677043,0.0,0.7979555804009014,0.6191767053762174,54.21,"{""class_weight_mode"": ""balanced"", ""colsample_bytree"": 0.8, ""learning_rate"": 0.12, ""max_depth"": 4, ""min_child_weight"": 3, ""n_estimators"": 800, ""reg_lambda"": 1.0, ""subsample"": 0.9}",False,False,rebuilt,,,,,,
9a3365abf1359aa0,xgb,full,False,0.8124513618677043,0.0,0.8000738608182505,0.6338099149606566,61.02,"{""class_weight_mode"": ""balanced"", ""colsample_bytree"": 0.8, ""learning_rate"": 0.12, ""max_depth"": 3, ""min_child_weight"": 1, ""n_estimators"": 800, ""reg_lambda"": 1.0, ""subsample"": 0.9}",False,False,rebuilt,,,,,,
5016de6da42a0999,lgbm,top120,False,0.8124513618677043,0.0,0.7957061233416989,0.5797890613472237,21.05,"{""class_weight_mode"": ""none"", ""colsample_bytree"": 0.45501989881018756, ""learning_rate"": 0.03070444580174263, ""min_child_samples"": 32, ""n_estimators"": 300, ""num_leaves"": 30, ""reg_alpha"": 0.09223410174915121, ""reg_lambda"": 0.0010362388817405518, ""subsample"": 0.5749562789323488, ""subsample_freq"": 1}",False,False,rebuilt,,,,,,
75a090f1041494da,xgb,full,False,0.8124513618677043,0.0,0.7970542065192143,0.5797332708344571,95.75,"{""class_weight_mode"": ""none"", ""colsample_bytree"": 0.5, ""learning_rate"": 0.03, ""max_depth"": 6, ""min_child_weight"": 1, ""n_estimators"": 800, ""reg_lambda"": 1.0, ""subsample"": 0.7}",False,False,rebuilt,,,,,,
8bd50390399f0c1a,lgbm,full,False,0.8124513618677043,0.0,0.7995119093882447,0.6800993549741294,210.04,"{""class_weight_mode"": ""balanced"", ""colsample_bytree"": 0.6886405681196236, ""learning_rate"": 0.021656576046896393, ""min_child_samples"": 28, ""n_estimators"": 1500, ""num_leaves"": 85, ""reg_alpha"": 0.007845206319942895, ""reg_lambda"": 0.18968938335744068, ""subsample"": 0.9086111001006079, ""subsample_freq"": 1}",False,False,rebuilt,,,,,,
29de99501015f1bc,lgbm,full,False,0.8124513618677043,0.0,0.797090905385244,0.8695209011255973,63.93,"{""class_weight_mode"": ""balanced"", ""colsample_bytree"": 0.5, ""learning_rate"": 0.06, ""min_child_samples"": 20, ""n_estimators"": 800, ""num_leaves"": 15, ""reg_lambda"": 0.0, ""subsample"": 0.8, ""subsample_freq"": 1}",False,False,rebuilt,,,,,,
8ef2d16479c7e01c,xgb,full,False,0.8124513618677043,0.0,0.8014650417668634,0.5919832199008525,43.98,"{""class_weight_mode"": ""balanced"", ""colsample_bytree"": 0.8, ""learning_rate"": 0.12, ""max_depth"": 3, ""min_child_weight"": 3, ""n_estimators"": 400, ""reg_lambda"": 5.0, ""subsample"": 0.9}",False,False,rebuilt,,,,,,
d493d2ffad0ff7e6,xgb,full,False,0.8124513618677043,0.0,0.7959205785103157,0.5837924006154808,148.3,"{""class_weight_mode"": ""none"", ""colsample_bytree"": 0.8, ""learning_rate"": 0.06, ""max_depth"": 3, ""min_child_weight"": 1, ""n_estimators"": 800, ""reg_lambda"": 5.0, ""subsample"": 0.9}",False,False,rebuilt,,,,,,
2972762afe952554,lgbm,top120,False,0.8116731517509728,0.0,0.7955753386298312,0.568122692582542,45.38,"{""class_weight_mode"": ""balanced"", ""colsample_bytree"": 0.6997295810215658, ""learning_rate"": 0.030956248804827485, ""min_child_samples"": 37, ""n_estimators"": 500, ""num_leaves"": 79, ""reg_alpha"": 0.6700870811056707, ""reg_lambda"": 3.4153118136309013, ""subsample"": 0.9455644198944156, ""subsample_freq"": 1}",False,False,rebuilt,,,,,,
0e8c90088d18354e,lgbm,full,False,0.8116731517509728,0.0,0.8000737589682447,0.6162054129680697,134.13,"{""class_weight_mode"": ""balanced"", ""colsample_bytree"": 0.34152496351909445, ""learning_rate"": 0.1141867284520344, ""min_child_samples"": 32, ""n_estimators"": 1500, ""num_leaves"": 68, ""reg_alpha"": 0.033810504088238186, ""reg_lambda"": 10.370363618512172, ""subsample"": 0.9375922984908287, ""subsample_freq"": 1}",False,False,rebuilt,,,,,,
86670b2894999352,xgb,full,False,0.8116731517509728,0.0,0.7949189638637458,0.6033311967849369,64.14,"{""class_weight_mode"": ""balanced"", ""colsample_bytree"": 0.8, ""learning_rate"": 0.12, ""max_depth"": 8, ""min_child_weight"": 3, ""n_estimators"": 800, ""reg_lambda"": 5.0, ""subsample"": 0.9}",False,False,rebuilt,,,,,,
b915febeb2b921d7,xgb,full,False,0.8116731517509728,0.0,0.7969272391678086,0.6441635186397661,50.27,"{""class_weight_mode"": ""balanced"", ""colsample_bytree"": 0.8, ""learning_rate"": 0.12, ""max_depth"": 3, ""min_child_weight"": 1, ""n_estimators"": 800, ""reg_lambda"": 1.0, ""subsample"": 0.7}",False,False,rebuilt,,,,,,
b7b88adad1e09cb9,xgb,full,False,0.8116731517509728,0.0,0.7975556266370228,0.5655135237079562,89.67,"{""class_weight_mode"": ""balanced"", ""colsample_bytree"": 0.5, ""learning_rate"": 0.03, ""max_depth"": 8, ""min_child_weight"": 3, ""n_estimators"": 400, ""reg_lambda"": 1.0, ""subsample"": 0.9}",False,False,rebuilt,,,,,,
0efc4efe20f0e1e2,xgb,full,False,0.8116731517509728,0.0,0.8016704339082651,0.5857105388787335,83.81,"{""class_weight_mode"": ""balanced"", ""colsample_bytree"": 0.8, ""learning_rate"": 0.06, ""max_depth"": 8, ""min_child_weight"": 3, ""n_estimators"": 400, ""reg_lambda"": 5.0, ""subsample"": 0.7}",False,False,rebuilt,,,,,,
f4cd15547e8374e5,xgb,full,False,0.8116731517509728,0.0,0.799368159405066,0.5753997961124289,108.89,"{""class_weight_mode"": ""balanced"", ""colsample_bytree"": 0.5, ""learning_rate"": 0.03, ""max_depth"": 8, ""min_child_weight"": 1, ""n_estimators"": 400, ""reg_lambda"": 1.0, ""subsample"": 0.7}",False,False,rebuilt,,,,,,
09195b76b3fb6b34,xgb,full,False,0.8116731517509728,0.0,0.7933905181697363,0.5883664660885618,49.81,"{""class_weight_mode"": ""none"", ""colsample_bytree"": 0.8, ""learning_rate"": 0.12, ""max_depth"": 4, ""min_child_weight"": 3, ""n_estimators"": 400, ""reg_lambda"": 5.0, ""subsample"": 0.9}",False,False,rebuilt,,,,,,
e818836806204afa,xgb,full,False,0.8116731517509728,0.0,0.7997464747542645,0.5747064631836608,100.04,"{""class_weight_mode"": ""balanced"", ""colsample_bytree"": 0.5, ""learning_rate"": 0.03, ""max_depth"": 6, ""min_child_weight"": 1, ""n_estimators"": 400, ""reg_lambda"": 1.0, ""subsample"": 0.7}",False,False,rebuilt,,,,,,
093b5500786e1860,xgb,full,False,0.8116731517509728,0.0,0.803208589841946,0.5945133235745551,43.92,"{""class_weight_mode"": ""balanced"", ""colsample_bytree"": 0.8, ""learning_rate"": 0.12, ""max_depth"": 6, ""min_child_weight"": 3, ""n_estimators"": 400, ""reg_lambda"": 5.0, ""subsample"": 0.7}",False,False,rebuilt,,,,,,
c7fb6a8640eff328,lgbm,full,False,0.8116731517509728,0.0,0.795211889692006,0.6285399314541164,93.47,"{""class_weight_mode"": ""none"", ""colsample_bytree"": 0.8, ""learning_rate"": 0.12, ""min_child_samples"": 20, ""n_estimators"": 800, ""num_leaves"": 63, ""reg_lambda"": 5.0, ""subsample"": 0.8, ""subsample_freq"": 1}",False,False,rebuilt,,,,,,
f38b4c724ea92525,xgb,full,False,0.8116731517509728,0.0,0.7936125593582767,0.5883122904506691,135.68,"{""class_weight_mode"": ""none"", ""colsample_bytree"": 0.8, ""learning_rate"": 0.06, ""max_depth"": 4, ""min_child_weight"": 1, ""n_estimators"": 800, ""reg_lambda"": 5.0, ""subsample"": 0.9}",False,False,rebuilt,,,,,,
43039fe9ffab035a,lgbm,full,False,0.8116731517509728,0.0,0.7954419320213575,0.636243791440997,95.76,"{""class_weight_mode"": ""none"", ""colsample_bytree"": 0.5, ""learning_rate"": 0.12, ""min_child_samples"": 10, ""n_estimators"": 800, ""num_leaves"": 15, ""reg_lambda"": 5.0, ""subsample"": 0.8, ""subsample_freq"": 1}",False,False,rebuilt,,,,,,
b7b5a6d6825ef5f1,lgbm,full,False,0.8116731517509728,0.0,0.7948524411971688,0.6098593332157147,64.55,"{""class_weight_mode"": ""none"", ""colsample_bytree"": 0.5, ""learning_rate"": 0.12, ""min_child_samples"": 10, ""n_estimators"": 400, ""num_leaves"": 63, ""reg_lambda"": 5.0, ""subsample"": 0.8, ""subsample_freq"": 1}",False,False,rebuilt,,,,,,
90ec326e18ca756a,xgb,full,False,0.8116731517509728,0.0,0.7949295861880114,0.5860790432377031,91.84,"{""class_weight_mode"": ""none"", ""colsample_bytree"": 0.8, ""learning_rate"": 0.06, ""max_depth"": 4, ""min_child_weight"": 3, ""n_estimators"": 800, ""reg_lambda"": 5.0, ""subsample"": 0.7}",False,False,rebuilt,,,,,,
a1a4b6dbf9775d81,lgbm,full,False,0.8116731517509728,0.0,0.7932231645035429,0.6356417617266228,124.62,"{""class_weight_mode"": ""none"", ""colsample_bytree"": 0.5, ""learning_rate"": 0.12, ""min_child_samples"": 5, ""n_estimators"": 800, ""num_leaves"": 63, ""reg_lambda"": 5.0, ""subsample"": 0.8, ""subsample_freq"": 1}",False,False,rebuilt,,,,,,
666a6e8a0eec960d,xgb,full,False,0.8116731517509728,0.0,0.7984766875353309,0.6074967233873017,104.39,"{""class_weight_mode"": ""balanced"", ""colsample_bytree"": 0.5, ""learning_rate"": 0.06, ""max_depth"": 6, ""min_child_weight"": 1, ""n_estimators"": 800, ""reg_lambda"": 1.0, ""subsample"": 0.7}",False,False,rebuilt,,,,,,
12fe0b8182e8ab86,lgbm,full,False,0.8116731517509728,0.0,0.8007986944517789,0.6004967829367376,86.58,"{""class_weight_mode"": ""balanced"", ""colsample_bytree"": 0.5, ""learning_rate"": 0.06, ""min_child_samples"": 10, ""n_estimators"": 800, ""num_leaves"": 63, ""reg_lambda"": 5.0, ""subsample"": 0.8, ""subsample_freq"": 1}",False,False,rebuilt,,,,,,
b6f53229e9024a9f,xgb,full,False,0.8116731517509728,0.0,0.7971502479437591,0.5706952437872074,57.62,"{""class_weight_mode"": ""balanced"", ""colsample_bytree"": 0.5, ""learning_rate"": 0.03, ""max_depth"": 8, ""min_child_weight"": 3, ""n_estimators"": 400, ""reg_lambda"": 1.0, ""subsample"": 0.7}",False,False,rebuilt,,,,,,
1455e75b554241b9,xgb,full,False,0.8116731517509728,0.0,0.793570624270817,0.589398827879513,141.49,"{""class_weight_mode"": ""none"", ""colsample_bytree"": 0.8, ""learning_rate"": 0.03, ""max_depth"": 4, ""min_child_weight"": 1, ""n_estimators"": 800, ""reg_lambda"": 1.0, ""subsample"": 0.9}",False,False,rebuilt,,,,,,
d565bf2840e25d7a,lgbm,full,False,0.8116731517509728,0.0,0.7933054550772166,0.5715944781584126,60.37,"{""class_weight_mode"": ""none"", ""colsample_bytree"": 0.8, ""learning_rate"": 0.03, ""min_child_samples"": 20, ""n_estimators"": 400, ""num_leaves"": 15, ""reg_lambda"": 5.0, ""subsample"": 0.8, ""subsample_freq"": 1}",False,False,rebuilt,,,,,,
12923557bb7c6a6d,lgbm,full,False,0.8116731517509728,0.0,0.7943485232853412,0.6049625416081792,63.38,"{""class_weight_mode"": ""none"", ""colsample_bytree"": 0.8, ""learning_rate"": 0.12, ""min_child_samples"": 20, ""n_estimators"": 400, ""num_leaves"": 63, ""reg_lambda"": 5.0, ""subsample"": 0.8, ""subsample_freq"": 1}",False,False,rebuilt,,,,,,
1f996f3358eea524,xgb,full,False,0.8116731517509728,0.0,0.7992645082077998,0.6310851750131051,52.24,"{""class_weight_mode"": ""balanced"", ""colsample_bytree"": 0.5, ""learning_rate"": 0.12, ""max_depth"": 8, ""min_child_weight"": 1, ""n_estimators"": 800, ""reg_lambda"": 1.0, ""subsample"": 0.7}",False,False,rebuilt,,,,,,
7b6567a0aaebe573,xgb,full,False,0.8116731517509728,0.0,0.7980695348108853,0.5694246646803294,131.82,"{""class_weight_mode"": ""none"", ""colsample_bytree"": 0.7393835651637483, ""gamma"": 0.02068351496708646, ""learning_rate"": 0.04202723153479892, ""max_depth"": 9, ""min_child_weight"": 5.240464748282529, ""n_estimators"": 1200, ""reg_alpha"": 0.8831504341355557, ""reg_lambda"": 0.20195153687247483, ""subsample"": 0.9672213880929578}",False,False,rebuilt,,,,,,
191d80562198c29a,lgbm,full,False,0.8116731517509728,0.0,0.7923317350655112,0.5729786002953834,99.16,"{""class_weight_mode"": ""none"", ""colsample_bytree"": 0.5, ""learning_rate"": 0.03, ""min_child_samples"": 20, ""n_estimators"": 800, ""num_leaves"": 15, ""reg_lambda"": 5.0, ""subsample"": 0.8, ""subsample_freq"": 1}",False,False,rebuilt,,,,,,
85c2732231b8c4a6,lgbm,full,False,0.8116731517509728,0.0,0.7943485232853412,0.6049625416081792,54.55,"{""class_weight_mode"": ""none"", ""colsample_bytree"": 0.8, ""learning_rate"": 0.12, ""min_child_samples"": 20, ""n_estimators"": 400, ""num_leaves"": 31, ""reg_lambda"": 5.0, ""subsample"": 0.8, ""subsample_freq"": 1}",False,False,rebuilt,,,,,,
5fdb0edc35b3bf9e,xgb,full,False,0.8116731517509728,0.0,0.7939372690502635,0.578408206961451,43.32,"{""class_weight_mode"": ""none"", ""colsample_bytree"": 0.5, ""learning_rate"": 0.06, ""max_depth"": 8, ""min_child_weight"": 3, ""n_estimators"": 400, ""reg_lambda"": 1.0, ""subsample"": 0.7}",False,False,rebuilt,,,,,,
b63a1d09bce86746,xgb,full,False,0.8116731517509728,0.0,0.7981940326279782,0.5774541618955904,157.04,"{""class_weight_mode"": ""balanced"", ""colsample_bytree"": 0.5808012756796327, ""gamma"": 0.06979228693664913, ""learning_rate"": 0.018610507844444454, ""max_depth"": 8, ""min_child_weight"": 3.316655780166673, ""n_estimators"": 1000, ""reg_alpha"": 0.010462883830225667, ""reg_lambda"": 0.1168598401879977, ""subsample"": 0.9658674614993316}",False,False,rebuilt,,,,,,
8b402c3fb46738fa,et,full,False,0.8116731517509728,0.0,0.8008430704116662,0.5780889671118458,44.67,"{""class_weight_mode"": ""none"", ""max_depth"": null, ""max_features"": 0.3, ""min_samples_leaf"": 1, ""n_estimators"": 1200}",False,False,rebuilt,,,,,,
6d9ccd0ef8f36a0d,xgb,full,False,0.8116731517509728,0.0,0.7974352532646163,0.5972363891640925,142.38,"{""class_weight_mode"": ""balanced"", ""colsample_bytree"": 0.8, ""learning_rate"": 0.06, ""max_depth"": 6, ""min_child_weight"": 1, ""n_estimators"": 800, ""reg_lambda"": 5.0, ""subsample"": 0.9}",False,False,rebuilt,,,,,,
2dbda1413a297243,lgbm,full,False,0.8116731517509728,0.0,0.7964412670438153,0.8043606870585234,129.43,"{""class_weight_mode"": ""none"", ""colsample_bytree"": 0.8, ""learning_rate"": 0.03, ""min_child_samples"": 10, ""n_estimators"": 400, ""num_leaves"": 31, ""reg_lambda"": 0.0, ""subsample"": 0.8, ""subsample_freq"": 1}",False,False,rebuilt,,,,,,
34983261776f9f5a,xgb,full,False,0.8116731517509728,0.0,0.7989021387730604,0.5727568930102527,72.65,"{""class_weight_mode"": ""balanced"", ""colsample_bytree"": 0.8, ""learning_rate"": 0.03, ""max_depth"": 8, ""min_child_weight"": 3, ""n_estimators"": 400, ""reg_lambda"": 1.0, ""subsample"": 0.7}",False,False,rebuilt,,,,,,
e0cb0601ac3ccb27,xgb,full,False,0.8116731517509728,0.0,0.7951922913828202,0.5831180617011396,91.18,"{""class_weight_mode"": ""none"", ""colsample_bytree"": 0.5, ""learning_rate"": 0.06, ""max_depth"": 8, ""min_child_weight"": 3, ""n_estimators"": 800, ""reg_lambda"": 5.0, ""subsample"": 0.7}",False,False,rebuilt,,,,,,
6b164eca79e9f920,xgb,full,False,0.8116731517509728,0.0,0.7961948271834641,0.5689373989154839,202.03,"{""class_weight_mode"": ""none"", ""colsample_bytree"": 0.8657121038558308, ""gamma"": 0.006915393736530431, ""learning_rate"": 0.012270955298638742, ""max_depth"": 8, ""min_child_weight"": 4.047949553653847, ""n_estimators"": 1300, ""reg_alpha"": 0.037902654165582084, ""reg_lambda"": 0.13796001612527212, ""subsample"": 0.9682502982174866}",False,False,rebuilt,,,,,,
71dd8aa4ef7ae06d,xgb,full,False,0.8116731517509728,0.0,0.7943532729638656,0.5718216333342434,138.76,"{""class_weight_mode"": ""none"", ""colsample_bytree"": 0.5, ""learning_rate"": 0.03, ""max_depth"": 6, ""min_child_weight"": 3, ""n_estimators"": 800, ""reg_lambda"": 5.0, ""subsample"": 0.7}",False,False,rebuilt,,,,,,
7179df8cd3afeb7c,xgb,full,False,0.8116731517509728,0.0,0.80056663992777,0.5736349565960386,38.04,"{""class_weight_mode"": ""balanced"", ""colsample_bytree"": 0.5, ""learning_rate"": 0.06, ""max_depth"": 3, ""min_child_weight"": 3, ""n_estimators"": 400, ""reg_lambda"": 1.0, ""subsample"": 0.9}",False,False,rebuilt,,,,,,
0d1066ef90dd3053,lgbm,full,False,0.8116731517509728,0.0,0.7968605976475438,0.6098842937701447,167.74,"{""class_weight_mode"": ""none"", ""colsample_bytree"": 0.669032176475753, ""learning_rate"": 0.014147959546678518, ""min_child_samples"": 30, ""n_estimators"": 900, ""num_leaves"": 26, ""reg_alpha"": 0.010036937757827382, ""reg_lambda"": 0.06397540990272754, ""subsample"": 0.58840223054527, ""subsample_freq"": 1}",False,False,rebuilt,,,,,,
9e3885891ee4051f,lgbm,full,False,0.8116731517509728,0.0,0.7940491618256293,0.5802196238777342,110.94,"{""class_weight_mode"": ""none"", ""colsample_bytree"": 0.8, ""learning_rate"": 0.03, ""min_child_samples"": 20, ""n_estimators"": 800, ""num_leaves"": 15, ""reg_lambda"": 5.0, ""subsample"": 0.8, ""subsample_freq"": 1}",False,False,rebuilt,,,,,,
c00b44af07dc6182,lgbm,full,False,0.8116731517509728,0.0,0.7996111443837839,0.6081727935950166,61.46,"{""class_weight_mode"": ""balanced"", ""colsample_bytree"": 0.8, ""learning_rate"": 0.12, ""min_child_samples"": 10, ""n_estimators"": 400, ""num_leaves"": 63, ""reg_lambda"": 5.0, ""subsample"": 0.8, ""subsample_freq"": 1}",False,False,rebuilt,,,,,,
593b12ed22a58819,lgbm,full,False,0.8116731517509728,0.0,0.7924627854119483,0.6092535692611661,180.91,"{""class_weight_mode"": ""none"", ""colsample_bytree"": 0.8, ""learning_rate"": 0.06, ""min_child_samples"": 5, ""n_estimators"": 800, ""num_leaves"": 63, ""reg_lambda"": 5.0, ""subsample"": 0.8, ""subsample_freq"": 1}",False,False,rebuilt,,,,,,
c2c6f8b3706d98fb,xgb,full,False,0.8116731517509728,0.0,0.797911808242117,0.6247226785272892,69.87,"{""class_weight_mode"": ""balanced"", ""colsample_bytree"": 0.5, ""learning_rate"": 0.12, ""max_depth"": 6, ""min_child_weight"": 3, ""n_estimators"": 800, ""reg_lambda"": 1.0, ""subsample"": 0.9}",False,False,rebuilt,,,,,,
feee22bdea427b01,xgb,full,False,0.8116731517509728,0.0,0.797994032165171,0.5981016515095211,64.8,"{""class_weight_mode"": ""balanced"", ""colsample_bytree"": 0.5, ""learning_rate"": 0.12, ""max_depth"": 8, ""min_child_weight"": 1, ""n_estimators"": 400, ""reg_lambda"": 5.0, ""subsample"": 0.9}",False,False,rebuilt,,,,,,
4078701ffccb8625,xgb,full,False,0.8116731517509728,0.0,0.7994867356813051,0.5615487571800647,70.14,"{""class_weight_mode"": ""balanced"", ""colsample_bytree"": 0.8, ""learning_rate"": 0.06, ""max_depth"": 3, ""min_child_weight"": 1, ""n_estimators"": 400, ""reg_lambda"": 5.0, ""subsample"": 0.9}",False,False,rebuilt,,,,,,
0cd2eaba995d2e0f,lgbm,full,False,0.8116731517509728,0.0,0.8003808887893775,0.6005443427800583,174.12,"{""class_weight_mode"": ""balanced"", ""colsample_bytree"": 0.5, ""learning_rate"": 0.06, ""min_child_samples"": 10, ""n_estimators"": 800, ""num_leaves"": 31, ""reg_lambda"": 5.0, ""subsample"": 0.8, ""subsample_freq"": 1}",False,False,rebuilt,,,,,,
3e6f69ba169e7d42,xgb,full,False,0.8116731517509728,0.0,0.7962513990755156,0.580396454187847,96.51,"{""class_weight_mode"": ""none"", ""colsample_bytree"": 0.8, ""learning_rate"": 0.06, ""max_depth"": 8, ""min_child_weight"": 3, ""n_estimators"": 800, ""reg_lambda"": 5.0, ""subsample"": 0.9}",False,False,rebuilt,,,,,,
dda6052c2409102e,xgb,full,False,0.8116731517509728,0.0,0.7977940149234353,0.5761250748246951,113.51,"{""class_weight_mode"": ""balanced"", ""colsample_bytree"": 0.5, ""learning_rate"": 0.03, ""max_depth"": 8, ""min_child_weight"": 3, ""n_estimators"": 800, ""reg_lambda"": 1.0, ""subsample"": 0.9}",False,False,rebuilt,,,,,,
e44d17f035dd8a5c,xgb,full,False,0.8116731517509728,0.0,0.794113976289023,0.5821085633456086,137.37,"{""class_weight_mode"": ""none"", ""colsample_bytree"": 0.5, ""learning_rate"": 0.06, ""max_depth"": 8, ""min_child_weight"": 1, ""n_estimators"": 800, ""reg_lambda"": 5.0, ""subsample"": 0.7}",False,False,rebuilt,,,,,,
28dc2d14b47c1dd4,lgbm,full,False,0.8116731517509728,0.0,0.7941993994177016,0.8881566522050984,61.93,"{""class_weight_mode"": ""none"", ""colsample_bytree"": 0.5, ""learning_rate"": 0.12, ""min_child_samples"": 20, ""n_estimators"": 800, ""num_leaves"": 31, ""reg_lambda"": 0.0, ""subsample"": 0.8, ""subsample_freq"": 1}",False,False,rebuilt,,,,,,
6b5f16e3cb810eb2,xgb,full,False,0.8116731517509728,0.0,0.7955990441493944,0.5983048270210076,46.24,"{""class_weight_mode"": ""none"", ""colsample_bytree"": 0.8, ""learning_rate"": 0.12, ""max_depth"": 3, ""min_child_weight"": 3, ""n_estimators"": 400, ""reg_lambda"": 5.0, ""subsample"": 0.7}",False,False,rebuilt,,,,,,
058ce8a3b5b28ed2,lgbm,full,False,0.8116731517509728,0.0,0.7997223063961766,0.8482013628231917,49.05,"{""class_weight_mode"": ""balanced"", ""colsample_bytree"": 0.5, ""learning_rate"": 0.06, ""min_child_samples"": 10, ""n_estimators"": 400, ""num_leaves"": 31, ""reg_lambda"": 0.0, ""subsample"": 0.8, ""subsample_freq"": 1}",False,False,rebuilt,,,,,,
041b2899431cd528,xgb,full,False,0.8116731517509728,0.0,0.8002123456873212,0.5780585300657685,32.95,"{""class_weight_mode"": ""balanced"", ""colsample_bytree"": 0.5, ""learning_rate"": 0.06, ""max_depth"": 3, ""min_child_weight"": 3, ""n_estimators"": 400, ""reg_lambda"": 5.0, ""subsample"": 0.7}",False,False,rebuilt,,,,,,
dba9cc797ae945ea,xgb,full,False,0.8116731517509728,0.0,0.7997405430169575,0.5969206810795213,54.43,"{""class_weight_mode"": ""balanced"", ""colsample_bytree"": 0.8, ""learning_rate"": 0.06, ""max_depth"": 3, ""min_child_weight"": 3, ""n_estimators"": 800, ""reg_lambda"": 1.0, ""subsample"": 0.7}",False,False,rebuilt,,,,,,
dbbb429b6317054d,xgb,full,False,0.8116731517509728,0.0,0.7990197048837853,0.5796479212938939,187.8,"{""class_weight_mode"": ""balanced"", ""colsample_bytree"": 0.6402076894084013, ""gamma"": 0.18169162752826606, ""learning_rate"": 0.013599578274455536, ""max_depth"": 9, ""min_child_weight"": 2.296094052745394, ""n_estimators"": 1000, ""reg_alpha"": 0.005334007804171958, ""reg_lambda"": 2.1096703279636584, ""subsample"": 0.6025514698967086}",False,False,rebuilt,,,,,,
5ce4155d52c8ece4,xgb,full,False,0.8116731517509728,0.0,0.7960416050129384,0.5872646119359501,111.52,"{""class_weight_mode"": ""balanced"", ""colsample_bytree"": 0.5, ""learning_rate"": 0.06, ""max_depth"": 4, ""min_child_weight"": 1, ""n_estimators"": 800, ""reg_lambda"": 5.0, ""subsample"": 0.9}",False,False,rebuilt,,,,,,
3595e20c3e4d68df,lgbm,full,False,0.8116731517509728,0.0,0.8001552994223344,0.5871294373380611,137.98,"{""class_weight_mode"": ""balanced"", ""colsample_bytree"": 0.5, ""learning_rate"": 0.03, ""min_child_samples"": 5, ""n_estimators"": 800, ""num_leaves"": 31, ""reg_lambda"": 5.0, ""subsample"": 0.8, ""subsample_freq"": 1}",False,False,rebuilt,,,,,,
4314a9d9cf6524ea,xgb,full,False,0.8116731517509728,0.0,0.8003394384916553,0.5794207534369453,36.45,"{""class_weight_mode"": ""balanced"", ""colsample_bytree"": 0.8, ""learning_rate"": 0.06, ""max_depth"": 3, ""min_child_weight"": 3, ""n_estimators"": 400, ""reg_lambda"": 1.0, ""subsample"": 0.7}",False,False,rebuilt,,,,,,
2567245cd8b0e46c,lgbm,top120,False,0.8116731517509728,0.0,0.7959143756543379,0.5935871569928334,76.3,"{""class_weight_mode"": ""balanced"", ""colsample_bytree"": 0.5987518440735643, ""learning_rate"": 0.010055138542156596, ""min_child_samples"": 13, ""n_estimators"": 800, ""num_leaves"": 93, ""reg_alpha"": 0.14799974389657575, ""reg_lambda"": 0.0015772282643139936, ""subsample"": 0.6861090942429278, ""subsample_freq"": 1}",False,False,rebuilt,,,,,,
c83e02fcf22543c9,xgb,full,False,0.8116731517509728,0.0,0.7996338531861937,0.6060140644952768,50.59,"{""class_weight_mode"": ""balanced"", ""colsample_bytree"": 0.8345998596475683, ""gamma"": 0.00014438050413263545, ""learning_rate"": 0.14080272754734185, ""max_depth"": 6, ""min_child_weight"": 2.837502362270121, ""n_estimators"": 500, ""reg_alpha"": 0.019654206442686277, ""reg_lambda"": 4.531271745764196, ""subsample"": 0.8917689474739502}",False,False,rebuilt,,,,,,
31b4488039f0bdee,lgbm,full,False,0.8116731517509728,0.0,0.7939177595923937,0.8798351626222134,37.34,"{""class_weight_mode"": ""none"", ""colsample_bytree"": 0.5, ""learning_rate"": 0.12, ""min_child_samples"": 20, ""n_estimators"": 400, ""num_leaves"": 31, ""reg_lambda"": 0.0, ""subsample"": 0.8, ""subsample_freq"": 1}",False,False,rebuilt,,,,,,
98861a2343d7311b,lgbm,full,False,0.8116731517509728,0.0,0.7933100604615124,0.8804518957847504,49.11,"{""class_weight_mode"": ""none"", ""colsample_bytree"": 0.5, ""learning_rate"": 0.06, ""min_child_samples"": 5, ""n_estimators"": 400, ""num_leaves"": 15, ""reg_lambda"": 0.0, ""subsample"": 0.8, ""subsample_freq"": 1}",False,False,rebuilt,,,,,,
c8c96b233a01433a,xgb,full,False,0.8116731517509728,0.0,0.7952123525055648,0.571938110792438,64.28,"{""class_weight_mode"": ""none"", ""colsample_bytree"": 0.8, ""learning_rate"": 0.06, ""max_depth"": 3, ""min_child_weight"": 1, ""n_estimators"": 400, ""reg_lambda"": 1.0, ""subsample"": 0.9}",False,False,rebuilt,,,,,,
25a4553d0a4c0607,lgbm,top120,False,0.8116731517509728,0.0,0.7914722158507568,0.5697320254542801,41.61,"{""class_weight_mode"": ""none"", ""colsample_bytree"": 0.812866683315755, ""learning_rate"": 0.025468856082756567, ""min_child_samples"": 20, ""n_estimators"": 600, ""num_leaves"": 16, ""reg_alpha"": 1.115093017726948, ""reg_lambda"": 0.0020861394479496885, ""subsample"": 0.7802120319848713, ""subsample_freq"": 1}",False,False,rebuilt,,,,,,
a1d8d7e02d67c8e8,xgb,full,False,0.8116731517509728,0.0,0.7947835605775967,0.582363716038816,163.57,"{""class_weight_mode"": ""none"", ""colsample_bytree"": 0.7983299193848415, ""gamma"": 0.011760663822665938, ""learning_rate"": 0.039808163587875846, ""max_depth"": 9, ""min_child_weight"": 3.7700281136444187, ""n_estimators"": 1200, ""reg_alpha"": 0.14448651450748418, ""reg_lambda"": 0.13923867418891384, ""subsample"": 0.9193314653851092}",False,False,rebuilt,,,,,,
7645946227cb1813,lgbm,full,False,0.8116731517509728,0.0,0.7905303517004638,0.8882878429433151,59.19,"{""class_weight_mode"": ""balanced"", ""colsample_bytree"": 0.8, ""learning_rate"": 0.12, ""min_child_samples"": 5, ""n_estimators"": 800, ""num_leaves"": 31, ""reg_lambda"": 0.0, ""subsample"": 0.8, ""subsample_freq"": 1}",False,False,rebuilt,,,,,,
72dbfb46cc3e49b7,lgbm,full,False,0.8116731517509728,0.0,0.7912354668344955,0.602169799997453,36.24,"{""class_weight_mode"": ""none"", ""colsample_bytree"": 0.5, ""learning_rate"": 0.12, ""min_child_samples"": 20, ""n_estimators"": 400, ""num_leaves"": 63, ""reg_lambda"": 5.0, ""subsample"": 0.8, ""subsample_freq"": 1}",False,False,rebuilt,,,,,,
20bf52bdc5ef1348,lgbm,full,False,0.8116731517509728,0.0,0.7951225249096888,0.5656416087786619,89.08,"{""class_weight_mode"": ""none"", ""colsample_bytree"": 0.6980236995150386, ""learning_rate"": 0.010570179028418713, ""min_child_samples"": 24, ""n_estimators"": 700, ""num_leaves"": 72, ""reg_alpha"": 0.26979555937642, ""reg_lambda"": 0.0012360950591353286, ""subsample"": 0.5577895552577647, ""subsample_freq"": 1}",False,False,rebuilt,,,,,,
6ff38a4f3677fe7c,xgb,full,False,0.8116731517509728,0.0,0.7963381117316092,0.5947975471948969,56.57,"{""class_weight_mode"": ""none"", ""colsample_bytree"": 0.5, ""learning_rate"": 0.12, ""max_depth"": 8, ""min_child_weight"": 3, ""n_estimators"": 800, ""reg_lambda"": 5.0, ""subsample"": 0.9}",False,False,rebuilt,,,,,,
705b091b422357cd,xgb,full,False,0.8116731517509728,0.0,0.7962511296702612,0.6212202844912308,100.52,"{""class_weight_mode"": ""balanced"", ""colsample_bytree"": 0.8, ""learning_rate"": 0.06, ""max_depth"": 8, ""min_child_weight"": 1, ""n_estimators"": 800, ""reg_lambda"": 1.0, ""subsample"": 0.9}",False,False,rebuilt,,,,,,
0f709486e2f1112e,lgbm,full,False,0.8116731517509728,0.0,0.7995787568024283,0.586475265370564,136.04,"{""class_weight_mode"": ""balanced"", ""colsample_bytree"": 0.8, ""learning_rate"": 0.03, ""min_child_samples"": 5, ""n_estimators"": 800, ""num_leaves"": 15, ""reg_lambda"": 5.0, ""subsample"": 0.8, ""subsample_freq"": 1}",False,False,rebuilt,,,,,,
7dd228e2a457440d,lgbm,full,False,0.8116731517509728,0.0,0.7917983370863377,0.909803770629017,67.54,"{""class_weight_mode"": ""none"", ""colsample_bytree"": 0.8, ""learning_rate"": 0.12, ""min_child_samples"": 5, ""n_estimators"": 400, ""num_leaves"": 63, ""reg_lambda"": 0.0, ""subsample"": 0.8, ""subsample_freq"": 1}",False,False,rebuilt,,,,,,
c8d1fa0ea0e4f279,lgbm,full,False,0.8116731517509728,0.0,0.7912354668344955,0.602169799997453,46.8,"{""class_weight_mode"": ""none"", ""colsample_bytree"": 0.5, ""learning_rate"": 0.12, ""min_child_samples"": 20, ""n_estimators"": 400, ""num_leaves"": 31, ""reg_lambda"": 5.0, ""subsample"": 0.8, ""subsample_freq"": 1}",False,False,rebuilt,,,,,,
3674c33dce3387b9,lgbm,full,False,0.8116731517509728,0.0,0.7937889686288472,0.6313485686118275,113.53,"{""class_weight_mode"": ""none"", ""colsample_bytree"": 0.5, ""learning_rate"": 0.12, ""min_child_samples"": 10, ""n_estimators"": 800, ""num_leaves"": 63, ""reg_lambda"": 5.0, ""subsample"": 0.8, ""subsample_freq"": 1}",False,False,rebuilt,,,,,,
c0973533505438a4,xgb,full,False,0.8116731517509728,0.0,0.7947100059299144,0.6157855221631728,38.62,"{""class_weight_mode"": ""none"", ""colsample_bytree"": 0.5, ""learning_rate"": 0.12, ""max_depth"": 4, ""min_child_weight"": 3, ""n_estimators"": 800, ""reg_lambda"": 1.0, ""subsample"": 0.9}",False,False,rebuilt,,,,,,
50d2ad1c2f4b6469,xgb,full,False,0.8116731517509728,0.0,0.801325069832045,0.5787673024584716,159.72,"{""class_weight_mode"": ""balanced"", ""colsample_bytree"": 0.8, ""learning_rate"": 0.03, ""max_depth"": 6, ""min_child_weight"": 3, ""n_estimators"": 800, ""reg_lambda"": 5.0, ""subsample"": 0.7}",False,False,rebuilt,,,,,,
23ce5949a398ad30,xgb,full,False,0.8116731517509728,0.0,0.799102767892714,0.5800131319485757,67.55,"{""class_weight_mode"": ""balanced"", ""colsample_bytree"": 0.8, ""learning_rate"": 0.06, ""max_depth"": 6, ""min_child_weight"": 3, ""n_estimators"": 400, ""reg_lambda"": 5.0, ""subsample"": 0.9}",False,False,rebuilt,,,,,,
856d63284d279aad,xgb,full,False,0.8116731517509728,0.0,0.7919561502673729,0.6145074859077523,47.66,"{""class_weight_mode"": ""none"", ""colsample_bytree"": 0.5, ""learning_rate"": 0.12, ""max_depth"": 8, ""min_child_weight"": 1, ""n_estimators"": 400, ""reg_lambda"": 1.0, ""subsample"": 0.9}",False,False,rebuilt,,,,,,
48300db525370f86,xgb,full,False,0.8116731517509728,0.0,0.7974498042158875,0.5743045894014325,51.3,"{""class_weight_mode"": ""none"", ""colsample_bytree"": 0.5, ""learning_rate"": 0.06, ""max_depth"": 8, ""min_child_weight"": 3, ""n_estimators"": 400, ""reg_lambda"": 1.0, ""subsample"": 0.9}",False,False,rebuilt,,,,,,
0dc5594352a08b8f,lgbm,full,False,0.8116731517509728,0.0,0.7984031880104313,0.6158975362477437,100.95,"{""class_weight_mode"": ""balanced"", ""colsample_bytree"": 0.31856363972690144, ""learning_rate"": 0.10113668987899663, ""min_child_samples"": 34, ""n_estimators"": 1500, ""num_leaves"": 93, ""reg_alpha"": 0.041581426815784396, ""reg_lambda"": 6.197857846044827, ""subsample"": 0.8356130740201377, ""subsample_freq"": 1}",False,False,rebuilt,,,,,,
ea12a08da2ef306c,xgb,full,False,0.8116731517509728,0.0,0.7974949028573082,0.58371812120673,89.25,"{""class_weight_mode"": ""balanced"", ""colsample_bytree"": 0.5, ""learning_rate"": 0.06, ""max_depth"": 4, ""min_child_weight"": 3, ""n_estimators"": 800, ""reg_lambda"": 5.0, ""subsample"": 0.9}",False,False,rebuilt,,,,,,
fec2163251d0d092,xgb,full,False,0.8116731517509728,0.0,0.7919630568372731,0.5888110238974195,58.08,"{""class_weight_mode"": ""none"", ""colsample_bytree"": 0.5, ""learning_rate"": 0.06, ""max_depth"": 8, ""min_child_weight"": 1, ""n_estimators"": 400, ""reg_lambda"": 1.0, ""subsample"": 0.7}",False,False,rebuilt,,,,,,
0690ea757764ff77,lgbm,full,False,0.8116731517509728,0.0,0.7971551653257297,0.8954756135509877,69.13,"{""class_weight_mode"": ""balanced"", ""colsample_bytree"": 0.8, ""learning_rate"": 0.12, ""min_child_samples"": 10, ""n_estimators"": 800, ""num_leaves"": 63, ""reg_lambda"": 0.0, ""subsample"": 0.8, ""subsample_freq"": 1}",False,False,rebuilt,,,,,,
0377f62206b95de1,lgbm,full,False,0.8116731517509728,0.0,0.795211889692006,0.6285399314541164,87.94,"{""class_weight_mode"": ""none"", ""colsample_bytree"": 0.8, ""learning_rate"": 0.12, ""min_child_samples"": 20, ""n_estimators"": 800, ""num_leaves"": 31, ""reg_lambda"": 5.0, ""subsample"": 0.8, ""subsample_freq"": 1}",False,False,rebuilt,,,,,,
43bad75a306e5da1,xgb,full,False,0.8116731517509728,0.0,0.7989499821667051,0.5772866725209049,96.43,"{""class_weight_mode"": ""balanced"", ""colsample_bytree"": 0.8, ""learning_rate"": 0.03, ""max_depth"": 8, ""min_child_weight"": 3, ""n_estimators"": 800, ""reg_lambda"": 1.0, ""subsample"": 0.7}",False,False,rebuilt,,,,,,
0176868d11269080,xgb,full,False,0.8116731517509728,0.0,0.7973258456805337,0.6086645681580658,210.86,"{""class_weight_mode"": ""balanced"", ""colsample_bytree"": 0.8, ""learning_rate"": 0.03, ""max_depth"": 8, ""min_child_weight"": 1, ""n_estimators"": 800, ""reg_lambda"": 1.0, ""subsample"": 0.9}",False,False,rebuilt,,,,,,
016de95950ebc3ab,xgb,full,False,0.8116731517509728,0.0,0.8021533529940186,0.5701679569445771,78.68,"{""class_weight_mode"": ""balanced"", ""colsample_bytree"": 0.5, ""learning_rate"": 0.03, ""max_depth"": 3, ""min_child_weight"": 3, ""n_estimators"": 800, ""reg_lambda"": 1.0, ""subsample"": 0.9}",False,False,rebuilt,,,,,,
c334da033b07d839,xgb,full,False,0.8116731517509728,0.010116731517509692,0.7956014860684061,0.6080558197442233,403.97,"{""class_weight_mode"": ""balanced"", ""colsample_bytree"": 0.8, ""learning_rate"": 0.12, ""max_depth"": 6, ""min_child_weight"": 1, ""n_estimators"": 800, ""reg_lambda"": 1.0, ""subsample"": 0.9}",,,finalists,0.8059662775616084,0.0032606498287876757,0.7935371101419463,0.5922736258892148,,/work/oof/xgb_c334da033b07d839.npz
e9bc2676fc5e92e6,lgbm,full,False,0.8116731517509728,0.0,0.8006434199307921,0.5883014993151165,118.43,"{""class_weight_mode"": ""balanced"", ""colsample_bytree"": 0.5, ""learning_rate"": 0.03, ""min_child_samples"": 5, ""n_estimators"": 800, ""num_leaves"": 63, ""reg_lambda"": 5.0, ""subsample"": 0.8, ""subsample_freq"": 1}",False,False,rebuilt,,,,,,
b2364a6f4e4783df,xgb,full,False,0.8116731517509728,0.0,0.8029301642536393,0.5903285121547192,78.94,"{""class_weight_mode"": ""balanced"", ""colsample_bytree"": 0.8, ""learning_rate"": 0.03, ""max_depth"": 4, ""min_child_weight"": 3, ""n_estimators"": 400, ""reg_lambda"": 5.0, ""subsample"": 0.7}",False,False,rebuilt,,,,,,
1a0e7adfaa858038,xgb,full,False,0.8116731517509728,0.0,0.7945242870819824,0.5912331192403507,112.39,"{""class_weight_mode"": ""none"", ""colsample_bytree"": 0.9015916818906478, ""gamma"": 0.0023546792000461755, ""learning_rate"": 0.054463464513710716, ""max_depth"": 6, ""min_child_weight"": 5.561928902769254, ""n_estimators"": 900, ""reg_alpha"": 0.05235580982002817, ""reg_lambda"": 1.9881013104801235, ""subsample"": 0.8695664920314686}",False,False,rebuilt,,,,,,
19132517d9520c9b,xgb,full,False,0.8116731517509728,0.0,0.7985267681410387,0.590468407762314,112.43,"{""class_weight_mode"": ""balanced"", ""colsample_bytree"": 0.5, ""learning_rate"": 0.06, ""max_depth"": 8, ""min_child_weight"": 1, ""n_estimators"": 800, ""reg_lambda"": 5.0, ""subsample"": 0.9}",False,False,rebuilt,,,,,,
e3338c81fb3f6c2e,lgbm,top120,False,0.8116731517509728,0.0,0.7942913183549599,0.5830434424181807,21.53,"{""class_weight_mode"": ""none"", ""colsample_bytree"": 0.3588979754965342, ""learning_rate"": 0.14260214124298468, ""min_child_samples"": 32, ""n_estimators"": 1200, ""num_leaves"": 87, ""reg_alpha"": 2.107293320793032, ""reg_lambda"": 0.004956441075880344, ""subsample"": 0.8210158230771438, ""subsample_freq"": 1}",False,False,rebuilt,,,,,,
acb9db3c38cdf4d2,xgb,full,False,0.8116731517509728,0.0,0.7969773897746306,0.6371118882774989,52.38,"{""class_weight_mode"": ""balanced"", ""colsample_bytree"": 0.8, ""learning_rate"": 0.12, ""max_depth"": 8, ""min_child_weight"": 1, ""n_estimators"": 400, ""reg_lambda"": 1.0, ""subsample"": 0.9}",False,False,rebuilt,,,,,,
ac51881f511c016b,xgb,full,False,0.8116731517509728,0.0,0.7946185576035184,0.590317058790969,49.04,"{""class_weight_mode"": ""none"", ""colsample_bytree"": 0.8, ""learning_rate"": 0.12, ""max_depth"": 3, ""min_child_weight"": 1, ""n_estimators"": 400, ""reg_lambda"": 5.0, ""subsample"": 0.9}",False,False,rebuilt,,,,,,
cac6006b0ddbf8ea,lgbm,full,False,0.8116731517509728,0.0,0.794071625439982,0.8634017261057386,113.16,"{""class_weight_mode"": ""none"", ""colsample_bytree"": 0.8, ""learning_rate"": 0.03, ""min_child_samples"": 5, ""n_estimators"": 800, ""num_leaves"": 31, ""reg_lambda"": 0.0, ""subsample"": 0.8, ""subsample_freq"": 1}",False,False,rebuilt,,,,,,
4f644cdad3f62507,xgb,full,False,0.8108949416342413,0.0,0.7973303387214907,0.5754965095615227,91.57,"{""class_weight_mode"": ""balanced"", ""colsample_bytree"": 0.5, ""learning_rate"": 0.06, ""max_depth"": 6, ""min_child_weight"": 1, ""n_estimators"": 400, ""reg_lambda"": 5.0, ""subsample"": 0.9}",False,False,rebuilt,,,,,,
1dabb8ca25c83921,xgb,full,False,0.8108949416342413,0.0,0.7981721045833814,0.577501089444666,168.46,"{""class_weight_mode"": ""balanced"", ""colsample_bytree"": 0.5, ""learning_rate"": 0.03, ""max_depth"": 6, ""min_child_weight"": 1, ""n_estimators"": 800, ""reg_lambda"": 5.0, ""subsample"": 0.7}",False,False,rebuilt,,,,,,
b0de72bb9f981b79,xgb,full,False,0.8108949416342413,0.0,0.7978590443032789,0.6138794265410866,37.92,"{""class_weight_mode"": ""balanced"", ""colsample_bytree"": 0.5, ""learning_rate"": 0.12, ""max_depth"": 6, ""min_child_weight"": 3, ""n_estimators"": 400, ""reg_lambda"": 1.0, ""subsample"": 0.9}",False,False,rebuilt,,,,,,
3aa7edee35d6148a,lgbm,top120,False,0.8108949416342413,0.0,0.7975068659456606,0.567642774407391,57.19,"{""class_weight_mode"": ""balanced"", ""colsample_bytree"": 0.6498335236529522, ""learning_rate"": 0.03300161434691611, ""min_child_samples"": 40, ""n_estimators"": 800, ""num_leaves"": 94, ""reg_alpha"": 0.456262910686726, ""reg_lambda"": 9.842530425395351, ""subsample"": 0.914016132995787, ""subsample_freq"": 1}",False,False,rebuilt,,,,,,
1f2a48f9f347cfe3,lgbm,full,False,0.8108949416342413,0.0,0.7930254566342981,0.5989704702324795,69.06,"{""class_weight_mode"": ""none"", ""colsample_bytree"": 0.5, ""learning_rate"": 0.06, ""min_child_samples"": 20, ""n_estimators"": 800, ""num_leaves"": 15, ""reg_lambda"": 5.0, ""subsample"": 0.8, ""subsample_freq"": 1}",False,False,rebuilt,,,,,,
623152ca3c8a2a15,lgbm,full,False,0.8108949416342413,0.0,0.7981284276477398,0.6015782766896677,123.94,"{""class_weight_mode"": ""balanced"", ""colsample_bytree"": 0.5, ""learning_rate"": 0.06, ""min_child_samples"": 5, ""n_estimators"": 800, ""num_leaves"": 63, ""reg_lambda"": 5.0, ""subsample"": 0.8, ""subsample_freq"": 1}",False,False,rebuilt,,,,,,
2a3100f8ffd4f3ec,xgb,full,False,0.8108949416342413,0.0,0.7952582979537528,0.6048742265542888,46.84,"{""class_weight_mode"": ""none"", ""colsample_bytree"": 0.8826228312548002, ""gamma"": 0.007352958992932964, ""learning_rate"": 0.1179614033618044, ""max_depth"": 6, ""min_child_weight"": 5.509593149055816, ""n_estimators"": 800, ""reg_alpha"": 0.21566973331208533, ""reg_lambda"": 0.5626801091145627, ""subsample"": 0.747727012426431}",False,False,rebuilt,,,,,,
2beea172ad483462,lgbm,full,False,0.8108949416342413,0.0,0.7955024383983293,0.8147572589834849,86.59,"{""class_weight_mode"": ""balanced"", ""colsample_bytree"": 0.5, ""learning_rate"": 0.03, ""min_child_samples"": 5, ""n_estimators"": 400, ""num_leaves"": 31, ""reg_lambda"": 0.0, ""subsample"": 0.8, ""subsample_freq"": 1}",False,False,rebuilt,,,,,,
738b9c006bb3e207,lgbm,full,False,0.8108949416342413,0.0,0.7956173607305457,0.6130692863206086,41.3,"{""class_weight_mode"": ""none"", ""colsample_bytree"": 0.5, ""learning_rate"": 0.12, ""min_child_samples"": 10, ""n_estimators"": 400, ""num_leaves"": 15, ""reg_lambda"": 5.0, ""subsample"": 0.8, ""subsample_freq"": 1}",False,False,rebuilt,,,,,,
fcaa399d44e66e80,lgbm,full,False,0.8108949416342413,0.0,0.7950987438640078,0.8462103053331179,60.05,"{""class_weight_mode"": ""balanced"", ""colsample_bytree"": 0.5, ""learning_rate"": 0.06, ""min_child_samples"": 5, ""n_estimators"": 400, ""num_leaves"": 31, ""reg_lambda"": 0.0, ""subsample"": 0.8, ""subsample_freq"": 1}",False,False,rebuilt,,,,,,
c56043e31ddfdeb5,xgb,full,False,0.8108949416342413,0.0,0.7992642307167998,0.5759871050614459,129.74,"{""class_weight_mode"": ""balanced"", ""colsample_bytree"": 0.8, ""learning_rate"": 0.03, ""max_depth"": 6, ""min_child_weight"": 1, ""n_estimators"": 400, ""reg_lambda"": 1.0, ""subsample"": 0.7}",False,False,rebuilt,,,,,,
316e40184131b5c1,lgbm,full,False,0.8108949416342413,0.0,0.796123027318097,0.6816470435011861,191.5,"{""class_weight_mode"": ""none"", ""colsample_bytree"": 0.5844310007259077, ""learning_rate"": 0.02991739682110229, ""min_child_samples"": 22, ""n_estimators"": 1400, ""num_leaves"": 87, ""reg_alpha"": 0.0035866181586759168, ""reg_lambda"": 0.10556841542172989, ""subsample"": 0.5485565222473819, ""subsample_freq"": 1}",False,False,rebuilt,,,,,,
0393d050f6063c65,xgb,full,False,0.8108949416342413,0.0,0.7928570746940166,0.6039601139325783,81.29,"{""class_weight_mode"": ""none"", ""colsample_bytree"": 0.7297893434788436, ""gamma"": 0.009632397191470356, ""learning_rate"": 0.07060572068046586, ""max_depth"": 5, ""min_child_weight"": 2.67954650465949, ""n_estimators"": 900, ""reg_alpha"": 0.019554652359100165, ""reg_lambda"": 0.26580467118062134, ""subsample"": 0.8818387386713162}",False,False,rebuilt,,,,,,
ce04948e33589b21,hgb,full,False,0.8108949416342413,0.0,0.7976070061979174,0.9488624130282004,94.24,"{""l2_regularization"": 0.0, ""learning_rate"": 0.05, ""max_iter"": 400, ""max_leaf_nodes"": 15, ""min_samples_leaf"": 20}",False,False,rebuilt,,,,,,
b12bdd5a85a7ce7a,lgbm,full,False,0.8108949416342413,0.0,0.8000376341593427,0.5722668138689061,105.12,"{""class_weight_mode"": ""balanced"", ""colsample_bytree"": 0.43502863644402856, ""learning_rate"": 0.04638504160256113, ""min_child_samples"": 36, ""n_estimators"": 1200, ""num_leaves"": 78, ""reg_alpha"": 0.21116833260804668, ""reg_lambda"": 18.87231678863523, ""subsample"": 0.8350493503495516, ""subsample_freq"": 1}",False,False,rebuilt,,,,,,
6a5028df12a5654f,xgb,full,False,0.8108949416342413,0.0,0.7997594844484727,0.5803365976863398,41.36,"{""class_weight_mode"": ""balanced"", ""colsample_bytree"": 0.5, ""learning_rate"": 0.06, ""max_depth"": 4, ""min_child_weight"": 3, ""n_estimators"": 400, ""reg_lambda"": 5.0, ""subsample"": 0.7}",False,False,rebuilt,,,,,,
6c053125c7a19dc0,xgb,full,False,0.8108949416342413,0.0,0.8001299653032511,0.6068362716969882,48.28,"{""class_weight_mode"": ""balanced"", ""colsample_bytree"": 0.8263264668614101, ""gamma"": 0.001838667950117447, ""learning_rate"": 0.09312430809005101, ""max_depth"": 5, ""min_child_weight"": 7.245394796123993, ""n_estimators"": 800, ""reg_alpha"": 0.02595590091246949, ""reg_lambda"": 0.23537703204649846, ""subsample"": 0.7823746403439525}",False,False,rebuilt,,,,,,
99c86aded603edbe,xgb,full,False,0.8108949416342413,0.0,0.7990235402729768,0.5852898588774652,83.05,"{""class_weight_mode"": ""balanced"", ""colsample_bytree"": 0.5, ""learning_rate"": 0.06, ""max_depth"": 6, ""min_child_weight"": 3, ""n_estimators"": 800, ""reg_lambda"": 5.0, ""subsample"": 0.7}",False,False,rebuilt,,,,,,
0a7fe2d0d89cae4b,lgbm,full,False,0.8108949416342413,0.0,0.7894620868641605,0.5799831578003855,66.9,"{""class_weight_mode"": ""none"", ""colsample_bytree"": 0.5, ""learning_rate"": 0.03, ""min_child_samples"": 5, ""n_estimators"": 400, ""num_leaves"": 31, ""reg_lambda"": 5.0, ""subsample"": 0.8, ""subsample_freq"": 1}",False,False,rebuilt,,,,,,
91db3a6603ea9a8b,lgbm,full,False,0.8108949416342413,0.0,0.7939327079529198,0.6155429055530054,73.5,"{""class_weight_mode"": ""none"", ""colsample_bytree"": 0.8, ""learning_rate"": 0.12, ""min_child_samples"": 10, ""n_estimators"": 400, ""num_leaves"": 31, ""reg_lambda"": 5.0, ""subsample"": 0.8, ""subsample_freq"": 1}",False,False,rebuilt,,,,,,
0cf178ea1d9b313d,xgb,full,False,0.8108949416342413,0.0,0.7908630113122956,0.5851936684966081,33.12,"{""class_weight_mode"": ""none"", ""colsample_bytree"": 0.8, ""learning_rate"": 0.12, ""max_depth"": 3, ""min_child_weight"": 3, ""n_estimators"": 400, ""reg_lambda"": 5.0, ""subsample"": 0.9}",False,False,rebuilt,,,,,,
0a7275a1f036a646,xgb,full,False,0.8108949416342413,0.0,0.8002593735319852,0.6091914488812012,94.67,"{""class_weight_mode"": ""balanced"", ""colsample_bytree"": 0.8, ""learning_rate"": 0.06, ""max_depth"": 3, ""min_child_weight"": 1, ""n_estimators"": 800, ""reg_lambda"": 1.0, ""subsample"": 0.9}",False,False,rebuilt,,,,,,
0ac35010e20d2083,xgb,full,False,0.8108949416342413,0.0,0.793740886323753,0.5719235519660592,159.73,"{""class_weight_mode"": ""none"", ""colsample_bytree"": 0.9500081863423, ""gamma"": 0.00010979333528150498, ""learning_rate"": 0.018596580269893328, ""max_depth"": 10, ""min_child_weight"": 5.296141921772415, ""n_estimators"": 1200, ""reg_alpha"": 0.5525443426859932, ""reg_lambda"": 0.11007934351536937, ""subsample"": 0.8786444006654123}",False,False,rebuilt,,,,,,
aef0cf45b6adec07,xgb,full,False,0.8108949416342413,0.0,0.7945193202854844,0.611998722631545,120.85,"{""class_weight_mode"": ""none"", ""colsample_bytree"": 0.9463245782230513, ""gamma"": 0.0004897433157258782, ""learning_rate"": 0.06554163029627967, ""max_depth"": 9, ""min_child_weight"": 6.662811475822109, ""n_estimators"": 1400, ""reg_alpha"": 0.014618016747718492, ""reg_lambda"": 0.40670080476492565, ""subsample"": 0.7267062618262307}",False,False,rebuilt,,,,,,
1f8f94babc3ab96b,xgb,full,False,0.8108949416342413,0.0,0.7956139421459595,0.5858764374164933,92.61,"{""class_weight_mode"": ""none"", ""colsample_bytree"": 0.8, ""learning_rate"": 0.06, ""max_depth"": 8, ""min_child_weight"": 3, ""n_estimators"": 800, ""reg_lambda"": 5.0, ""subsample"": 0.7}",False,False,rebuilt,,,,,,
19d41f9b620624c6,lgbm,full,False,0.8108949416342413,0.0,0.7896598187428754,0.8138304485401033,64.87,"{""class_weight_mode"": ""none"", ""colsample_bytree"": 0.5, ""learning_rate"": 0.03, ""min_child_samples"": 5, ""n_estimators"": 400, ""num_leaves"": 15, ""reg_lambda"": 0.0, ""subsample"": 0.8, ""subsample_freq"": 1}",False,False,rebuilt,,,,,,
4cab1ccc90083d85,xgb,full,False,0.8108949416342413,0.0,0.7941334882189538,0.5640643270172148,75.63,"{""class_weight_mode"": ""none"", ""colsample_bytree"": 0.5, ""learning_rate"": 0.03, ""max_depth"": 8, ""min_child_weight"": 3, ""n_estimators"": 400, ""reg_lambda"": 1.0, ""subsample"": 0.9}",False,False,rebuilt,,,,,,
b0a229a2624ec442,xgb,full,False,0.8108949416342413,0.0,0.7925519861606907,0.59039175627459,70.8,"{""class_weight_mode"": ""none"", ""colsample_bytree"": 0.5, ""learning_rate"": 0.06, ""max_depth"": 8, ""min_child_weight"": 3, ""n_estimators"": 800, ""reg_lambda"": 1.0, ""subsample"": 0.7}",False,False,rebuilt,,,,,,
c59d7da5003b2d09,lgbm,full,False,0.8108949416342413,0.0,0.7904021262629265,0.87774426173207,78.38,"{""class_weight_mode"": ""none"", ""colsample_bytree"": 0.5, ""learning_rate"": 0.06, ""min_child_samples"": 5, ""n_estimators"": 800, ""num_leaves"": 31, ""reg_lambda"": 0.0, ""subsample"": 0.8, ""subsample_freq"": 1}",False,False,rebuilt,,,,,,
954b377b9175277e,xgb,full,False,0.8108949416342413,0.0,0.7942380372888918,0.6015247209211905,122.7,"{""class_weight_mode"": ""none"", ""colsample_bytree"": 0.8, ""learning_rate"": 0.06, ""max_depth"": 6, ""min_child_weight"": 1, ""n_estimators"": 800, ""reg_lambda"": 1.0, ""subsample"": 0.7}",False,False,rebuilt,,,,,,
bc110cd6eb4b7c0b,lgbm,full,False,0.8108949416342413,0.0,0.7905251594611415,0.5764616984466363,75.21,"{""class_weight_mode"": ""none"", ""colsample_bytree"": 0.8, ""learning_rate"": 0.03, ""min_child_samples"": 10, ""n_estimators"": 400, ""num_leaves"": 31, ""reg_lambda"": 5.0, ""subsample"": 0.8, ""subsample_freq"": 1}",False,False,rebuilt,,,,,,
0789dcb1c472b11f,xgb,full,False,0.8108949416342413,0.0,0.7989640219305375,0.5901450271069464,207.6,"{""class_weight_mode"": ""balanced"", ""colsample_bytree"": 0.8, ""learning_rate"": 0.03, ""max_depth"": 8, ""min_child_weight"": 1, ""n_estimators"": 800, ""reg_lambda"": 1.0, ""subsample"": 0.7}",False,False,rebuilt,,,,,,
628d72779fc73e0c,lgbm,full,False,0.8108949416342413,0.0,0.7984564336978718,0.6321786653580239,84.58,"{""class_weight_mode"": ""balanced"", ""colsample_bytree"": 0.32582086314817293, ""learning_rate"": 0.04435424810484039, ""min_child_samples"": 14, ""n_estimators"": 1500, ""num_leaves"": 29, ""reg_alpha"": 0.07234268585962396, ""reg_lambda"": 0.4185568797351902, ""subsample"": 0.6424202471887338, ""subsample_freq"": 1}",False,False,rebuilt,,,,,,
f93f9b8af4492229,lgbm,full,False,0.8108949416342413,0.0,0.7936925144402338,0.9113590435972,70.25,"{""class_weight_mode"": ""none"", ""colsample_bytree"": 0.8, ""learning_rate"": 0.12, ""min_child_samples"": 10, ""n_estimators"": 400, ""num_leaves"": 63, ""reg_lambda"": 0.0, ""subsample"": 0.8, ""subsample_freq"": 1}",False,False,rebuilt,,,,,,
5410de090dd9e466,xgb,full,False,0.8108949416342413,0.0,0.7980962410987842,0.5909322051223987,102.12,"{""class_weight_mode"": ""balanced"", ""colsample_bytree"": 0.8, ""learning_rate"": 0.06, ""max_depth"": 6, ""min_child_weight"": 3, ""n_estimators"": 800, ""reg_lambda"": 5.0, ""subsample"": 0.9}",False,False,rebuilt,,,,,,
b887230c7a8bdf0a,xgb,full,False,0.8108949416342413,0.0,0.7937734216752566,0.6141880207243702,124.32,"{""class_weight_mode"": ""none"", ""colsample_bytree"": 0.8, ""learning_rate"": 0.06, ""max_depth"": 6, ""min_child_weight"": 1, ""n_estimators"": 800, ""reg_lambda"": 1.0, ""subsample"": 0.9}",False,False,rebuilt,,,,,,
b7fdfdab2d2d6cd9,xgb,full,False,0.8108949416342413,0.0,0.7965278882246196,0.589764995858287,59.62,"{""class_weight_mode"": ""balanced"", ""colsample_bytree"": 0.5, ""learning_rate"": 0.06, ""max_depth"": 6, ""min_child_weight"": 1, ""n_estimators"": 400, ""reg_lambda"": 1.0, ""subsample"": 0.7}",False,False,rebuilt,,,,,,
c66984229ab0f4c5,xgb,full,False,0.8108949416342413,0.0,0.7950306132659826,0.5813988892882276,239.0,"{""class_weight_mode"": ""balanced"", ""colsample_bytree"": 0.7211060545492649, ""gamma"": 0.07502597318500141, ""learning_rate"": 0.016368552608405477, ""max_depth"": 9, ""min_child_weight"": 2.1626928898549043, ""n_estimators"": 1400, ""reg_alpha"": 0.022067251567741076, ""reg_lambda"": 0.17757095830057396, ""subsample"": 0.9318781630664554}",False,False,rebuilt,,,,,,
3ce4cf7de55f9690,lgbm,full,False,0.8108949416342413,0.0,0.7982727195494748,0.811836412622436,138.37,"{""class_weight_mode"": ""balanced"", ""colsample_bytree"": 0.8, ""learning_rate"": 0.03, ""min_child_samples"": 10, ""n_estimators"": 400, ""num_leaves"": 31, ""reg_lambda"": 0.0, ""subsample"": 0.8, ""subsample_freq"": 1}",False,False,rebuilt,,,,,,
6c1e9f78a3ffd1d1,lgbm,full,False,0.8108949416342413,0.0,0.7934438856585266,0.6123198344884804,178.53,"{""class_weight_mode"": ""none"", ""colsample_bytree"": 0.8, ""learning_rate"": 0.06, ""min_child_samples"": 5, ""n_estimators"": 800, ""num_leaves"": 31, ""reg_lambda"": 5.0, ""subsample"": 0.8, ""subsample_freq"": 1}",False,False,rebuilt,,,,,,
17cff816ca75ad0b,xgb,full,False,0.8108949416342413,0.0,0.7935549370415848,0.6124196461257567,52.52,"{""class_weight_mode"": ""none"", ""colsample_bytree"": 0.9802474579046725, ""gamma"": 0.0019682788941653884, ""learning_rate"": 0.08215779086695435, ""max_depth"": 7, ""min_child_weight"": 7.208950183994564, ""n_estimators"": 700, ""reg_alpha"": 0.06907283923096205, ""reg_lambda"": 0.37962833053422157, ""subsample"": 0.681814801189647}",False,False,rebuilt,,,,,,
12ccf3829593c3b6,xgb,full,False,0.8108949416342413,0.0,0.7965289545598706,0.577159603257697,60.88,"{""class_weight_mode"": ""none"", ""colsample_bytree"": 0.8, ""learning_rate"": 0.06, ""max_depth"": 4, ""min_child_weight"": 3, ""n_estimators"": 400, ""reg_lambda"": 1.0, ""subsample"": 0.9}",False,False,rebuilt,,,,,,
d38418be620033ce,lgbm,top120,False,0.8108949416342413,0.0,0.7928912595628231,0.6431063779057812,53.55,"{""class_weight_mode"": ""none"", ""colsample_bytree"": 0.4133315473158716, ""learning_rate"": 0.02038185313177886, ""min_child_samples"": 30, ""n_estimators"": 700, ""num_leaves"": 32, ""reg_alpha"": 0.020028225977920245, ""reg_lambda"": 0.0014569407685561682, ""subsample"": 0.5257689206071103, ""subsample_freq"": 1}",False,False,rebuilt,,,,,,
0fb29ae3260e043f,xgb,full,False,0.8108949416342413,0.0,0.7937048806820475,0.5894250359339861,128.46,"{""class_weight_mode"": ""none"", ""colsample_bytree"": 0.8, ""learning_rate"": 0.06, ""max_depth"": 6, ""min_child_weight"": 1, ""n_estimators"": 800, ""reg_lambda"": 5.0, ""subsample"": 0.7}",False,False,rebuilt,,,,,,
d34ad04b0b9e05d4,lgbm,full,False,0.8108949416342413,0.0,0.796663147780905,0.8853063128173408,34.34,"{""class_weight_mode"": ""balanced"", ""colsample_bytree"": 0.8, ""learning_rate"": 0.12, ""min_child_samples"": 10, ""n_estimators"": 400, ""num_leaves"": 15, ""reg_lambda"": 0.0, ""subsample"": 0.8, ""subsample_freq"": 1}",False,False,rebuilt,,,,,,
eee31841314c9432,xgb,full,False,0.8108949416342413,0.0,0.7981556428530164,0.5827903188202302,135.83,"{""class_weight_mode"": ""balanced"", ""colsample_bytree"": 0.8, ""learning_rate"": 0.06, ""max_depth"": 6, ""min_child_weight"": 1, ""n_estimators"": 400, ""reg_lambda"": 5.0, ""subsample"": 0.9}",False,False,rebuilt,,,,,,
5cf92307223e3003,lgbm,full,False,0.8108949416342413,0.0,0.7934616656720047,0.6384745423480116,128.13,"{""class_weight_mode"": ""none"", ""colsample_bytree"": 0.8, ""learning_rate"": 0.12, ""min_child_samples"": 10, ""n_estimators"": 800, ""num_leaves"": 31, ""reg_lambda"": 5.0, ""subsample"": 0.8, ""subsample_freq"": 1}",False,False,rebuilt,,,,,,
10317f36d21087a5,lgbm,full,False,0.8108949416342413,0.0,0.8007941852178186,0.5804073450403393,101.4,"{""class_weight_mode"": ""balanced"", ""colsample_bytree"": 0.319025918729079, ""learning_rate"": 0.05704523923554007, ""min_child_samples"": 32, ""n_estimators"": 1500, ""num_leaves"": 93, ""reg_alpha"": 0.018531900341835092, ""reg_lambda"": 17.961233221402257, ""subsample"": 0.8332604574692717, ""subsample_freq"": 1}",False,False,rebuilt,,,,,,
dc9289db8ded0a20,lgbm,full,False,0.8108949416342413,0.0,0.7985527647888615,0.5838699063454144,56.41,"{""class_weight_mode"": ""balanced"", ""colsample_bytree"": 0.5, ""learning_rate"": 0.06, ""min_child_samples"": 10, ""n_estimators"": 400, ""num_leaves"": 63, ""reg_lambda"": 5.0, ""subsample"": 0.8, ""subsample_freq"": 1}",False,False,rebuilt,,,,,,
1414c8788240e3c1,lgbm,full,False,0.8108949416342413,0.0,0.7883193211281317,0.896646395948767,44.33,"{""class_weight_mode"": ""none"", ""colsample_bytree"": 0.5, ""learning_rate"": 0.12, ""min_child_samples"": 20, ""n_estimators"": 400, ""num_leaves"": 63, ""reg_lambda"": 0.0, ""subsample"": 0.8, ""subsample_freq"": 1}",False,False,rebuilt,,,,,,
7cd9b35f06286b85,xgb,full,False,0.8108949416342413,0.0,0.7947976325931723,0.5811938420118722,60.02,"{""class_weight_mode"": ""none"", ""colsample_bytree"": 0.8, ""learning_rate"": 0.06, ""max_depth"": 8, ""min_child_weight"": 3, ""n_estimators"": 400, ""reg_lambda"": 1.0, ""subsample"": 0.7}",False,False,rebuilt,,,,,,
84b546719291434f,xgb,full,False,0.8108949416342413,0.0,0.7993554197061861,0.6139748267585781,53.28,"{""class_weight_mode"": ""balanced"", ""colsample_bytree"": 0.8, ""learning_rate"": 0.12, ""max_depth"": 8, ""min_child_weight"": 3, ""n_estimators"": 800, ""reg_lambda"": 1.0, ""subsample"": 0.7}",False,False,rebuilt,,,,,,
84a127913b126b24,lgbm,full,False,0.8108949416342413,0.0,0.7890830823291901,0.8795869745146038,54.25,"{""class_weight_mode"": ""none"", ""colsample_bytree"": 0.5, ""learning_rate"": 0.12, ""min_child_samples"": 5, ""n_estimators"": 400, ""num_leaves"": 63, ""reg_lambda"": 0.0, ""subsample"": 0.8, ""subsample_freq"": 1}",False,False,rebuilt,,,,,,
aabe8ba9cbde501c,xgb,full,False,0.8108949416342413,0.0,0.7959153208082899,0.5698901679409748,44.54,"{""class_weight_mode"": ""none"", ""colsample_bytree"": 0.5, ""learning_rate"": 0.06, ""max_depth"": 3, ""min_child_weight"": 1, ""n_estimators"": 400, ""reg_lambda"": 1.0, ""subsample"": 0.9}",False,False,rebuilt,,,,,,
0e015d96bea2ca42,et,full,False,0.8108949416342413,0.0,0.7969266824073731,0.5906446841842877,40.0,"{""class_weight_mode"": ""none"", ""max_depth"": 16, ""max_features"": 0.3, ""min_samples_leaf"": 2, ""n_estimators"": 1200}",False,False,rebuilt,,,,,,
d57ed924f47a95f6,lgbm,full,False,0.8108949416342413,0.0,0.7987515650425339,0.6305120824552185,146.81,"{""class_weight_mode"": ""balanced"", ""colsample_bytree"": 0.5, ""learning_rate"": 0.12, ""min_child_samples"": 5, ""n_estimators"": 800, ""num_leaves"": 63, ""reg_lambda"": 5.0, ""subsample"": 0.8, ""subsample_freq"": 1}",False,False,rebuilt,,,,,,
8cce9de207b94e0d,xgb,full,False,0.8108949416342413,0.0,0.7939711807030324,0.5717178576958316,85.09,"{""class_weight_mode"": ""none"", ""colsample_bytree"": 0.5, ""learning_rate"": 0.03, ""max_depth"": 4, ""min_child_weight"": 3, ""n_estimators"": 800, ""reg_lambda"": 5.0, ""subsample"": 0.7}",False,False,rebuilt,,,,,,
6af585b7afaa1b97,xgb,full,False,0.8108949416342413,0.0,0.7925325930873585,0.5814034537116103,64.3,"{""class_weight_mode"": ""none"", ""colsample_bytree"": 0.5, ""learning_rate"": 0.06, ""max_depth"": 4, ""min_child_weight"": 3, ""n_estimators"": 800, ""reg_lambda"": 5.0, ""subsample"": 0.9}",False,False,rebuilt,,,,,,
9f089c8e976c21b9,lgbm,full,False,0.8108949416342413,0.0,0.7947329786507042,0.889643929473633,52.19,"{""class_weight_mode"": ""balanced"", ""colsample_bytree"": 0.8, ""learning_rate"": 0.12, ""min_child_samples"": 10, ""n_estimators"": 400, ""num_leaves"": 63, ""reg_lambda"": 0.0, ""subsample"": 0.8, ""subsample_freq"": 1}",False,False,rebuilt,,,,,,
9fab11aee0127538,lgbm,full,False,0.8108949416342413,0.0,0.7965208285441131,0.6279162332200109,84.61,"{""class_weight_mode"": ""balanced"", ""colsample_bytree"": 0.5, ""learning_rate"": 0.12, ""min_child_samples"": 10, ""n_estimators"": 800, ""num_leaves"": 15, ""reg_lambda"": 5.0, ""subsample"": 0.8, ""subsample_freq"": 1}",False,False,rebuilt,,,,,,
5bfaade64d52a099,lgbm,full,False,0.8108949416342413,0.0,0.7990073472792056,0.5938474611098777,81.09,"{""class_weight_mode"": ""balanced"", ""colsample_bytree"": 0.6025934833776273, ""learning_rate"": 0.023562220358200246, ""min_child_samples"": 37, ""n_estimators"": 1100, ""num_leaves"": 31, ""reg_alpha"": 0.21274610992792442, ""reg_lambda"": 0.0056507592707358886, ""subsample"": 0.6011704023249866, ""subsample_freq"": 1}",False,False,rebuilt,,,,,,
98843e5fb2a354e6,hgb,full,False,0.8108949416342413,0.0,0.7952562807775095,0.6776568333502564,118.16,"{""l2_regularization"": 1.0, ""learning_rate"": 0.1, ""max_iter"": 400, ""max_leaf_nodes"": 15, ""min_samples_leaf"": 20}",False,False,rebuilt,,,,,,
db966aa109e47d26,lgbm,full,False,0.8108949416342413,0.0,0.7976453690929157,0.5991054138891082,74.04,"{""class_weight_mode"": ""balanced"", ""colsample_bytree"": 0.5, ""learning_rate"": 0.06, ""min_child_samples"": 20, ""n_estimators"": 800, ""num_leaves"": 15, ""reg_lambda"": 5.0, ""subsample"": 0.8, ""subsample_freq"": 1}",False,False,rebuilt,,,,,,
d17297fa35da5969,lgbm,full,False,0.8108949416342413,0.0,0.7885428535471297,0.8963884590218405,35.6,"{""class_weight_mode"": ""none"", ""colsample_bytree"": 0.5, ""learning_rate"": 0.12, ""min_child_samples"": 10, ""n_estimators"": 400, ""num_leaves"": 31, ""reg_lambda"": 0.0, ""subsample"": 0.8, ""subsample_freq"": 1}",False,False,rebuilt,,,,,,
91d08a43c88089ef,xgb,full,False,0.8108949416342413,0.0,0.7975124993107753,0.5773505534686091,190.9,"{""class_weight_mode"": ""balanced"", ""colsample_bytree"": 0.5, ""learning_rate"": 0.03, ""max_depth"": 8, ""min_child_weight"": 1, ""n_estimators"": 800, ""reg_lambda"": 5.0, ""subsample"": 0.7}",False,False,rebuilt,,,,,,
37fd8f1b4ba02fcf,xgb,top120,False,0.8108949416342413,0.0,0.7900751169773685,0.5869314447783736,44.3,"{""class_weight_mode"": ""none"", ""colsample_bytree"": 0.8971358752558699, ""gamma"": 0.027369248729722854, ""learning_rate"": 0.12849923177974448, ""max_depth"": 6, ""min_child_weight"": 4.585213693383003, ""n_estimators"": 800, ""reg_alpha"": 0.5202914905330588, ""reg_lambda"": 0.9300535703939451, ""subsample"": 0.8404728720001405}",False,False,rebuilt,,,,,,
8afb1a0414951467,xgb,full,False,0.8108949416342413,0.0,0.7951701497396894,0.5762843907819699,107.82,"{""class_weight_mode"": ""none"", ""colsample_bytree"": 0.5, ""learning_rate"": 0.03, ""max_depth"": 8, ""min_child_weight"": 3, ""n_estimators"": 800, ""reg_lambda"": 1.0, ""subsample"": 0.9}",False,False,rebuilt,,,,,,
8b1187b689bb393e,xgb,full,False,0.8108949416342413,0.0,0.7979851356825372,0.6154744915319882,85.33,"{""class_weight_mode"": ""balanced"", ""colsample_bytree"": 0.5, ""learning_rate"": 0.06, ""max_depth"": 4, ""min_child_weight"": 1, ""n_estimators"": 800, ""reg_lambda"": 1.0, ""subsample"": 0.9}",False,False,rebuilt,,,,,,
3ab91fa60e7e08e4,xgb,full,False,0.8108949416342413,0.0,0.8001200070378122,0.5826995543814436,163.1,"{""class_weight_mode"": ""balanced"", ""colsample_bytree"": 0.8942076749596155, ""gamma"": 0.0003817985335998328, ""learning_rate"": 0.023006025325115753, ""max_depth"": 6, ""min_child_weight"": 2.0389343261337993, ""n_estimators"": 900, ""reg_alpha"": 0.7751170570066035, ""reg_lambda"": 0.12409648231952428, ""subsample"": 0.6333173816448744}",False,False,rebuilt,,,,,,
eb3ea4e0ea0f492b,xgb,full,False,0.8108949416342413,0.0,0.7978098005246445,0.5765266940027295,72.37,"{""class_weight_mode"": ""balanced"", ""colsample_bytree"": 0.5, ""learning_rate"": 0.03, ""max_depth"": 4, ""min_child_weight"": 3, ""n_estimators"": 800, ""reg_lambda"": 1.0, ""subsample"": 0.7}",False,False,rebuilt,,,,,,
a909dca758279979,lgbm,full,False,0.8108949416342413,0.0,0.7885356729825025,0.6089718543650499,121.13,"{""class_weight_mode"": ""none"", ""colsample_bytree"": 0.5, ""learning_rate"": 0.06, ""min_child_samples"": 5, ""n_estimators"": 800, ""num_leaves"": 63, ""reg_lambda"": 5.0, ""subsample"": 0.8, ""subsample_freq"": 1}",False,False,rebuilt,,,,,,
a7e0b30c54377122,lgbm,full,False,0.8108949416342413,0.0,0.7979173876342156,0.6275864485385265,101.05,"{""class_weight_mode"": ""balanced"", ""colsample_bytree"": 0.8, ""learning_rate"": 0.12, ""min_child_samples"": 20, ""n_estimators"": 800, ""num_leaves"": 15, ""reg_lambda"": 5.0, ""subsample"": 0.8, ""subsample_freq"": 1}",False,False,rebuilt,,,,,,
b31417667037aa00,xgb,full,False,0.8108949416342413,0.0,0.7944558751780717,0.5753714525309835,86.09,"{""class_weight_mode"": ""none"", ""colsample_bytree"": 0.5, ""learning_rate"": 0.03, ""max_depth"": 6, ""min_child_weight"": 3, ""n_estimators"": 800, ""reg_lambda"": 1.0, ""subsample"": 0.7}",False,False,rebuilt,,,,,,
ef1aa2717120daad,lgbm,full,False,0.8108949416342413,0.0,0.7955501055761716,0.870762588829948,110.23,"{""class_weight_mode"": ""none"", ""colsample_bytree"": 0.5, ""learning_rate"": 0.06, ""min_child_samples"": 5, ""n_estimators"": 400, ""num_leaves"": 63, ""reg_lambda"": 0.0, ""subsample"": 0.8, ""subsample_freq"": 1}",False,False,rebuilt,,,,,,
550d15005f3f895b,xgb,full,False,0.8108949416342413,0.0,0.7991690084982699,0.5819033633516618,59.22,"{""class_weight_mode"": ""balanced"", ""colsample_bytree"": 0.5, ""learning_rate"": 0.06, ""max_depth"": 4, ""min_child_weight"": 3, ""n_estimators"": 400, ""reg_lambda"": 1.0, ""subsample"": 0.7}",False,False,rebuilt,,,,,,
d72462750355f263,xgb,full,False,0.8108949416342413,0.0,0.7938155868120921,0.5903853842657985,63.48,"{""class_weight_mode"": ""none"", ""colsample_bytree"": 0.5, ""learning_rate"": 0.06, ""max_depth"": 3, ""min_child_weight"": 3, ""n_estimators"": 800, ""reg_lambda"": 1.0, ""subsample"": 0.9}",False,False,rebuilt,,,,,,
fc03ef933ff61500,xgb,full,False,0.8108949416342413,0.0,0.7939607940255288,0.5926962908003546,128.91,"{""class_weight_mode"": ""none"", ""colsample_bytree"": 0.8104782330201837, ""gamma"": 0.00016255735915013237, ""learning_rate"": 0.03267514484048158, ""max_depth"": 5, ""min_child_weight"": 1.0038339108745233, ""n_estimators"": 700, ""reg_alpha"": 0.0016723265832593883, ""reg_lambda"": 0.22565053942297952, ""subsample"": 0.6169876164127065}",False,False,rebuilt,,,,,,
544062f03cb84f26,xgb,full,False,0.8108949416342413,0.0,0.7930803385990938,0.5921052333705304,56.92,"{""class_weight_mode"": ""none"", ""colsample_bytree"": 0.5, ""learning_rate"": 0.12, ""max_depth"": 6, ""min_child_weight"": 3, ""n_estimators"": 800, ""reg_lambda"": 5.0, ""subsample"": 0.9}",False,False,rebuilt,,,,,,
39fcf6e59180d536,lgbm,full,False,0.8108949416342413,0.0,0.791260984401917,0.595097908218957,71.53,"{""class_weight_mode"": ""none"", ""colsample_bytree"": 0.8, ""learning_rate"": 0.06, ""min_child_samples"": 5, ""n_estimators"": 400, ""num_leaves"": 31, ""reg_lambda"": 5.0, ""subsample"": 0.8, ""subsample_freq"": 1}",False,False,rebuilt,,,,,,
3bfe45b51af1ac5c,lgbm,full,False,0.8108949416342413,0.0,0.7957232337065272,0.6340813176650725,116.52,"{""class_weight_mode"": ""none"", ""colsample_bytree"": 0.8, ""learning_rate"": 0.12, ""min_child_samples"": 20, ""n_estimators"": 800, ""num_leaves"": 15, ""reg_lambda"": 5.0, ""subsample"": 0.8, ""subsample_freq"": 1}",False,False,rebuilt,,,,,,
c05ffe1e9d61ba1e,xgb,full,False,0.8108949416342413,0.0,0.8010003874482112,0.5826729692983803,39.82,"{""class_weight_mode"": ""balanced"", ""colsample_bytree"": 0.782910438070183, ""gamma"": 0.00043571236514155804, ""learning_rate"": 0.07704750621422962, ""max_depth"": 8, ""min_child_weight"": 3.8494017733872963, ""n_estimators"": 300, ""reg_alpha"": 0.001865396805310334, ""reg_lambda"": 2.015019985195443, ""subsample"": 0.7409418167156214}",False,False,rebuilt,,,,,,
2792855f3e2e13ea,xgb,full,False,0.8108949416342413,0.0,0.7908188845887336,0.5940294901984798,35.68,"{""class_weight_mode"": ""none"", ""colsample_bytree"": 0.8, ""learning_rate"": 0.12, ""max_depth"": 8, ""min_child_weight"": 3, ""n_estimators"": 400, ""reg_lambda"": 1.0, ""subsample"": 0.9}",False,False,rebuilt,,,,,,
fc5223e814ca3c8a,xgb,full,False,0.8108949416342413,0.0,0.8001887204051823,0.5805783396524387,158.9,"{""class_weight_mode"": ""balanced"", ""colsample_bytree"": 0.632489942375987, ""gamma"": 0.03664508087313444, ""learning_rate"": 0.01224506096372383, ""max_depth"": 8, ""min_child_weight"": 6.458945937617041, ""n_estimators"": 900, ""reg_alpha"": 0.007644108530960156, ""reg_lambda"": 0.10143379029001215, ""subsample"": 0.9592268090992984}",False,False,rebuilt,,,,,,
74b82f738467a5ea,xgb,full,False,0.8108949416342413,0.0,0.7977184304018976,0.5775927773529955,89.42,"{""class_weight_mode"": ""balanced"", ""colsample_bytree"": 0.5, ""learning_rate"": 0.03, ""max_depth"": 3, ""min_child_weight"": 3, ""n_estimators"": 800, ""reg_lambda"": 1.0, ""subsample"": 0.7}",False,False,rebuilt,,,,,,
35a625e77b0e09f0,xgb,full,False,0.8108949416342413,0.0,0.793876192030808,0.6128256431123762,113.41,"{""class_weight_mode"": ""none"", ""colsample_bytree"": 0.8, ""learning_rate"": 0.12, ""max_depth"": 8, ""min_child_weight"": 3, ""n_estimators"": 800, ""reg_lambda"": 5.0, ""subsample"": 0.7}",False,False,rebuilt,,,,,,
23251083a5236f03,lgbm,full,False,0.8108949416342413,0.0,0.798332782681244,0.6129862725323534,60.91,"{""class_weight_mode"": ""balanced"", ""colsample_bytree"": 0.5, ""learning_rate"": 0.12, ""min_child_samples"": 5, ""n_estimators"": 400, ""num_leaves"": 31, ""reg_lambda"": 5.0, ""subsample"": 0.8, ""subsample_freq"": 1}",False,False,rebuilt,,,,,,
f7955dc55c1ca1a4,xgb,full,False,0.8108949416342413,0.0,0.7997930128524835,0.615173130325743,28.35,"{""class_weight_mode"": ""balanced"", ""colsample_bytree"": 0.5, ""learning_rate"": 0.12, ""max_depth"": 3, ""min_child_weight"": 1, ""n_estimators"": 400, ""reg_lambda"": 1.0, ""subsample"": 0.9}",False,False,rebuilt,,,,,,
3e7fac19dac87dcb,lgbm,full,False,0.8108949416342413,0.0,0.794912576692212,0.8791259995663017,50.98,"{""class_weight_mode"": ""balanced"", ""colsample_bytree"": 0.5, ""learning_rate"": 0.12, ""min_child_samples"": 20, ""n_estimators"": 800, ""num_leaves"": 63, ""reg_lambda"": 0.0, ""subsample"": 0.8, ""subsample_freq"": 1}",False,False,rebuilt,,,,,,
7164be479e90d608,xgb,full,False,0.8108949416342413,0.0,0.79618833735504,0.6191483650188692,82.74,"{""class_weight_mode"": ""balanced"", ""colsample_bytree"": 0.5, ""learning_rate"": 0.06, ""max_depth"": 6, ""min_child_weight"": 1, ""n_estimators"": 800, ""reg_lambda"": 1.0, ""subsample"": 0.9}",False,False,rebuilt,,,,,,
f7cc8e128a092e31,lgbm,top120,False,0.8108949416342413,0.014007782101167265,0.7926715569371358,0.6577473205281117,488.83,"{""class_weight_mode"": ""none"", ""colsample_bytree"": 0.5004061783719452, ""learning_rate"": 0.012837586876659665, ""min_child_samples"": 23, ""n_estimators"": 1300, ""num_leaves"": 92, ""reg_alpha"": 0.015212598948106377, ""reg_lambda"": 0.014891133349330536, ""subsample"": 0.6440943575862677, ""subsample_freq"": 1}",,,finalists,0.8025940337224385,0.0048112158212688305,0.7853292183510256,0.6549950991949984,,/work/oof/lgbm_f7cc8e128a092e31.npz
76ab35b271903670,xgb,full,False,0.8108949416342413,0.0,0.7930987194575944,0.578607872911546,40.5,"{""class_weight_mode"": ""none"", ""colsample_bytree"": 0.5, ""learning_rate"": 0.06, ""max_depth"": 4, ""min_child_weight"": 3, ""n_estimators"": 400, ""reg_lambda"": 1.0, ""subsample"": 0.7}",False,False,rebuilt,,,,,,
1a81f3aff018e2c1,xgb,full,False,0.8108949416342413,0.0,0.7991949182859874,0.6136796392642322,84.78,"{""class_weight_mode"": ""balanced"", ""colsample_bytree"": 0.5, ""learning_rate"": 0.12, ""max_depth"": 6, ""min_child_weight"": 1, ""n_estimators"": 800, ""reg_lambda"": 5.0, ""subsample"": 0.7}",False,False,rebuilt,,,,,,
65c726efce651800,xgb,full,False,0.8108949416342413,0.0,0.8010349147591255,0.5853707639673669,150.73,"{""class_weight_mode"": ""balanced"", ""colsample_bytree"": 0.9036829265814126, ""gamma"": 0.004662757910007526, ""learning_rate"": 0.021370398118096053, ""max_depth"": 6, ""min_child_weight"": 1.8561099130984013, ""n_estimators"": 500, ""reg_alpha"": 0.7621144376470727, ""reg_lambda"": 0.13875433504164672, ""subsample"": 0.6481591780042595}",False,False,rebuilt,,,,,,
4afb6c74722edce3,lgbm,full,False,0.8108949416342413,0.0,0.7922185671019967,0.8994363565384298,44.1,"{""class_weight_mode"": ""none"", ""colsample_bytree"": 0.5, ""learning_rate"": 0.12, ""min_child_samples"": 10, ""n_estimators"": 800, ""num_leaves"": 15, ""reg_lambda"": 0.0, ""subsample"": 0.8, ""subsample_freq"": 1}",False,False,rebuilt,,,,,,
62a8a1dc875f185a,lgbm,full,False,0.8108949416342413,0.0,0.795960060309705,0.9070479493557732,27.09,"{""class_weight_mode"": ""balanced"", ""colsample_bytree"": 0.5, ""learning_rate"": 0.12, ""min_child_samples"": 5, ""n_estimators"": 400, ""num_leaves"": 15, ""reg_lambda"": 0.0, ""subsample"": 0.8, ""subsample_freq"": 1}",False,False,rebuilt,,,,,,
fea01d3b7f0e6c5c,xgb,full,False,0.8108949416342413,0.0,0.7971127019054268,0.5879970737334722,60.51,"{""class_weight_mode"": ""balanced"", ""colsample_bytree"": 0.8, ""learning_rate"": 0.06, ""max_depth"": 3, ""min_child_weight"": 1, ""n_estimators"": 400, ""reg_lambda"": 1.0, ""subsample"": 0.7}",False,False,rebuilt,,,,,,
5b2c10cd1f4db997,lgbm,full,False,0.8108949416342413,0.0,0.7922363050415873,0.5792378432404058,91.17,"{""class_weight_mode"": ""none"", ""colsample_bytree"": 0.5, ""learning_rate"": 0.03, ""min_child_samples"": 10, ""n_estimators"": 800, ""num_leaves"": 15, ""reg_lambda"": 5.0, ""subsample"": 0.8, ""subsample_freq"": 1}",False,False,rebuilt,,,,,,
d8e6f9d0993988e4,et,full,False,0.8108949416342413,0.0,0.7999731616052665,0.57904829442747,22.84,"{""class_weight_mode"": ""none"", ""max_depth"": 16, ""max_features"": 0.3, ""min_samples_leaf"": 1, ""n_estimators"": 600}",False,False,rebuilt,,,,,,
0c36eaf28e765868,xgb,full,False,0.8108949416342413,0.0,0.7961499719253803,0.57976509132342,52.88,"{""class_weight_mode"": ""none"", ""colsample_bytree"": 0.767470159600052, ""gamma"": 0.5784286194410707, ""learning_rate"": 0.05183044366161987, ""max_depth"": 5, ""min_child_weight"": 6.755146139174176, ""n_estimators"": 1000, ""reg_alpha"": 0.039666501134867624, ""reg_lambda"": 0.10755340474387051, ""subsample"": 0.9122883074774091}",False,False,rebuilt,,,,,,
42b9744445568632,lgbm,full,False,0.8101167315175097,0.0,0.789834269116286,0.5880009223485495,134.66,"{""class_weight_mode"": ""none"", ""colsample_bytree"": 0.5, ""learning_rate"": 0.03, ""min_child_samples"": 5, ""n_estimators"": 800, ""num_leaves"": 63, ""reg_lambda"": 5.0, ""subsample"": 0.8, ""subsample_freq"": 1}",False,False,rebuilt,,,,,,
d6a8c812ebd29ade,xgb,full,False,0.8101167315175097,0.0,0.7985059841415743,0.6163141734004071,51.42,"{""class_weight_mode"": ""balanced"", ""colsample_bytree"": 0.8, ""learning_rate"": 0.12, ""max_depth"": 6, ""min_child_weight"": 3, ""n_estimators"": 800, ""reg_lambda"": 1.0, ""subsample"": 0.7}",False,False,rebuilt,,,,,,
c6a3f03849fb2e0d,lgbm,full,False,0.8101167315175097,0.0,0.7907466817563614,0.582531562962621,99.45,"{""class_weight_mode"": ""none"", ""colsample_bytree"": 0.5, ""learning_rate"": 0.03, ""min_child_samples"": 10, ""n_estimators"": 800, ""num_leaves"": 63, ""reg_lambda"": 5.0, ""subsample"": 0.8, ""subsample_freq"": 1}",False,False,rebuilt,,,,,,
a477df25f50714dc,lgbm,full,False,0.8101167315175097,0.0,0.7887681448696412,0.8605607270066821,67.91,"{""class_weight_mode"": ""none"", ""colsample_bytree"": 0.5, ""learning_rate"": 0.06, ""min_child_samples"": 5, ""n_estimators"": 400, ""num_leaves"": 31, ""reg_lambda"": 0.0, ""subsample"": 0.8, ""subsample_freq"": 1}",False,False,rebuilt,,,,,,
15fde28bd940d58f,lgbm,full,False,0.8101167315175097,0.0,0.7969951780108816,0.6333486186266252,167.8,"{""class_weight_mode"": ""balanced"", ""colsample_bytree"": 0.5, ""learning_rate"": 0.12, ""min_child_samples"": 5, ""n_estimators"": 800, ""num_leaves"": 31, ""reg_lambda"": 5.0, ""subsample"": 0.8, ""subsample_freq"": 1}",False,False,rebuilt,,,,,,
151f96a1699760f1,lgbm,full,False,0.8101167315175097,0.0,0.7903902180462715,0.5825814601032977,109.62,"{""class_weight_mode"": ""none"", ""colsample_bytree"": 0.5, ""learning_rate"": 0.03, ""min_child_samples"": 10, ""n_estimators"": 800, ""num_leaves"": 31, ""reg_lambda"": 5.0, ""subsample"": 0.8, ""subsample_freq"": 1}",False,False,rebuilt,,,,,,
9d569ae55ba65b6a,lgbm,full,False,0.8101167315175097,0.0,0.7968519221776517,0.6441082984914187,72.06,"{""class_weight_mode"": ""balanced"", ""colsample_bytree"": 0.4250975539519924, ""learning_rate"": 0.11808672139411722, ""min_child_samples"": 37, ""n_estimators"": 1500, ""num_leaves"": 63, ""reg_alpha"": 0.03606905734842677, ""reg_lambda"": 1.991711342747122, ""subsample"": 0.9854314771965645, ""subsample_freq"": 1}",False,False,rebuilt,,,,,,
e65c0e34d7370e7d,xgb,full,False,0.8101167315175097,0.0,0.7977931466904037,0.6245740384155943,56.84,"{""class_weight_mode"": ""balanced"", ""colsample_bytree"": 0.8, ""learning_rate"": 0.12, ""max_depth"": 6, ""min_child_weight"": 1, ""n_estimators"": 400, ""reg_lambda"": 1.0, ""subsample"": 0.7}",False,False,rebuilt,,,,,,
e78ee4da6f4d7b39,lgbm,full,False,0.8101167315175097,0.0,0.7987519199519261,0.8461587575079556,100.36,"{""class_weight_mode"": ""balanced"", ""colsample_bytree"": 0.8, ""learning_rate"": 0.06, ""min_child_samples"": 10, ""n_estimators"": 400, ""num_leaves"": 63, ""reg_lambda"": 0.0, ""subsample"": 0.8, ""subsample_freq"": 1}",False,False,rebuilt,,,,,,
90e3734741259b75,lgbm,full,False,0.8101167315175097,0.0,0.7964205288146408,0.6046124566711495,56.32,"{""class_weight_mode"": ""balanced"", ""colsample_bytree"": 0.8, ""learning_rate"": 0.12, ""min_child_samples"": 20, ""n_estimators"": 400, ""num_leaves"": 15, ""reg_lambda"": 5.0, ""subsample"": 0.8, ""subsample_freq"": 1}",False,False,rebuilt,,,,,,
e83c129f2d70aafc,xgb,full,False,0.8101167315175097,0.0,0.7917331695402059,0.6154026724567615,76.23,"{""class_weight_mode"": ""none"", ""colsample_bytree"": 0.5, ""learning_rate"": 0.06, ""max_depth"": 6, ""min_child_weight"": 1, ""n_estimators"": 800, ""reg_lambda"": 1.0, ""subsample"": 0.9}",False,False,rebuilt,,,,,,
db05d0107e28a85a,xgb,full,False,0.8101167315175097,0.0,0.7923666910281504,0.6133180295805349,68.01,"{""class_weight_mode"": ""none"", ""colsample_bytree"": 0.8, ""learning_rate"": 0.12, ""max_depth"": 8, ""min_child_weight"": 1, ""n_estimators"": 400, ""reg_lambda"": 1.0, ""subsample"": 0.9}",False,False,rebuilt,,,,,,
7aba045786552fdf,lgbm,full,False,0.8101167315175097,0.0,0.796963406473492,0.5832825090957557,79.05,"{""class_weight_mode"": ""balanced"", ""colsample_bytree"": 0.5, ""learning_rate"": 0.03, ""min_child_samples"": 5, ""n_estimators"": 400, ""num_leaves"": 63, ""reg_lambda"": 5.0, ""subsample"": 0.8, ""subsample_freq"": 1}",False,False,rebuilt,,,,,,
f45adfcb2a1afd2e,xgb,full,False,0.8101167315175097,0.0,0.7939119270769018,0.5729974045827366,162.44,"{""class_weight_mode"": ""none"", ""colsample_bytree"": 0.7726588714112166, ""gamma"": 0.0007525393140236903, ""learning_rate"": 0.018636159135965846, ""max_depth"": 9, ""min_child_weight"": 4.065278756335587, ""n_estimators"": 1200, ""reg_alpha"": 0.21022773318631288, ""reg_lambda"": 0.3453946858603603, ""subsample"": 0.8917970459746084}",False,False,rebuilt,,,,,,
ecd85c6cce17da57,xgb,full,False,0.8101167315175097,0.0,0.7932874332565049,0.604319754544997,76.9,"{""class_weight_mode"": ""none"", ""colsample_bytree"": 0.8, ""learning_rate"": 0.06, ""max_depth"": 4, ""min_child_weight"": 3, ""n_estimators"": 800, ""reg_lambda"": 1.0, ""subsample"": 0.7}",False,False,rebuilt,,,,,,
4536e259456cc584,lgbm,full,False,0.8101167315175097,0.0,0.7983126822549195,0.5796733911662587,64.03,"{""class_weight_mode"": ""balanced"", ""colsample_bytree"": 0.8, ""learning_rate"": 0.03, ""min_child_samples"": 10, ""n_estimators"": 400, ""num_leaves"": 63, ""reg_lambda"": 5.0, ""subsample"": 0.8, ""subsample_freq"": 1}",False,False,rebuilt,,,,,,
dbc664735369cbff,lgbm,full,False,0.8101167315175097,0.0,0.7907399006176319,0.8128161954859842,79.39,"{""class_weight_mode"": ""none"", ""colsample_bytree"": 0.5, ""learning_rate"": 0.03, ""min_child_samples"": 5, ""n_estimators"": 400, ""num_leaves"": 31, ""reg_lambda"": 0.0, ""subsample"": 0.8, ""subsample_freq"": 1}",False,False,rebuilt,,,,,,
fe51e5f562a9fe0f,lgbm,full,False,0.8101167315175097,0.0,0.7897289953170643,0.9075063191459692,47.24,"{""class_weight_mode"": ""none"", ""colsample_bytree"": 0.8, ""learning_rate"": 0.12, ""min_child_samples"": 5, ""n_estimators"": 800, ""num_leaves"": 31, ""reg_lambda"": 0.0, ""subsample"": 0.8, ""subsample_freq"": 1}",False,False,rebuilt,,,,,,
deb95dab7e021916,xgb,full,False,0.8101167315175097,0.0,0.793260275849561,0.5844577600415347,84.95,"{""class_weight_mode"": ""none"", ""colsample_bytree"": 0.5, ""learning_rate"": 0.06, ""max_depth"": 4, ""min_child_weight"": 1, ""n_estimators"": 800, ""reg_lambda"": 5.0, ""subsample"": 0.9}",False,False,rebuilt,,,,,,
e21ef4a7ff3a8e22,xgb,full,False,0.8101167315175097,0.0,0.7910371720363056,0.5781524953302098,102.05,"{""class_weight_mode"": ""none"", ""colsample_bytree"": 0.8, ""learning_rate"": 0.03, ""max_depth"": 8, ""min_child_weight"": 3, ""n_estimators"": 800, ""reg_lambda"": 1.0, ""subsample"": 0.9}",False,False,rebuilt,,,,,,
defa612364cf4c25,xgb,full,False,0.8101167315175097,0.0,0.7913572735395955,0.5691962982894608,108.6,"{""class_weight_mode"": ""none"", ""colsample_bytree"": 0.8, ""learning_rate"": 0.06, ""max_depth"": 4, ""min_child_weight"": 1, ""n_estimators"": 400, ""reg_lambda"": 5.0, ""subsample"": 0.9}",False,False,rebuilt,,,,,,
7c21c967303480b5,lgbm,full,False,0.8101167315175097,0.0,0.7916018450590311,0.5813006920841212,123.7,"{""class_weight_mode"": ""none"", ""colsample_bytree"": 0.7364421932798223, ""learning_rate"": 0.015530201852782968, ""min_child_samples"": 16, ""n_estimators"": 800, ""num_leaves"": 23, ""reg_alpha"": 0.23748605866598538, ""reg_lambda"": 0.022423673337852033, ""subsample"": 0.8581832589654759, ""subsample_freq"": 1}",False,False,rebuilt,,,,,,
4fffa95973b30eba,lgbm,full,False,0.8101167315175097,0.0,0.791652499183809,0.8903357319098941,22.73,"{""class_weight_mode"": ""none"", ""colsample_bytree"": 0.5, ""learning_rate"": 0.12, ""min_child_samples"": 10, ""n_estimators"": 400, ""num_leaves"": 15, ""reg_lambda"": 0.0, ""subsample"": 0.8, ""subsample_freq"": 1}",False,False,rebuilt,,,,,,
f186f59080824dde,xgb,full,False,0.8101167315175097,0.0,0.7981087245493447,0.6110187885010057,121.96,"{""class_weight_mode"": ""balanced"", ""colsample_bytree"": 0.8, ""learning_rate"": 0.06, ""max_depth"": 6, ""min_child_weight"": 1, ""n_estimators"": 800, ""reg_lambda"": 1.0, ""subsample"": 0.7}",False,False,rebuilt,,,,,,
9914fddf92daa2b1,lgbm,full,False,0.8101167315175097,0.0,0.7953841678474796,0.6117014826274088,69.69,"{""class_weight_mode"": ""balanced"", ""colsample_bytree"": 0.8, ""learning_rate"": 0.12, ""min_child_samples"": 5, ""n_estimators"": 400, ""num_leaves"": 15, ""reg_lambda"": 5.0, ""subsample"": 0.8, ""subsample_freq"": 1}",False,False,rebuilt,,,,,,
98010e7a4560e158,lgbm,full,False,0.8101167315175097,0.0,0.7976613019807606,0.6048759201763776,38.44,"{""class_weight_mode"": ""balanced"", ""colsample_bytree"": 0.5, ""learning_rate"": 0.12, ""min_child_samples"": 10, ""n_estimators"": 400, ""num_leaves"": 15, ""reg_lambda"": 5.0, ""subsample"": 0.8, ""subsample_freq"": 1}",False,False,rebuilt,,,,,,
99cf0428bacc58bb,lgbm,full,False,0.8101167315175097,0.0,0.7921819974060578,0.5719600359086744,96.88,"{""class_weight_mode"": ""none"", ""colsample_bytree"": 0.6085985744917454, ""learning_rate"": 0.01041278009305721, ""min_child_samples"": 21, ""n_estimators"": 900, ""num_leaves"": 95, ""reg_alpha"": 0.2541883752028521, ""reg_lambda"": 0.015873585448178806, ""subsample"": 0.8364634060925735, ""subsample_freq"": 1}",False,False,rebuilt,,,,,,
9eceb78dfc4fb2c2,lgbm,full,False,0.8101167315175097,0.0,0.7901270654227737,0.5848355569239536,121.39,"{""class_weight_mode"": ""none"", ""colsample_bytree"": 0.8, ""learning_rate"": 0.03, ""min_child_samples"": 10, ""n_estimators"": 800, ""num_leaves"": 63, ""reg_lambda"": 5.0, ""subsample"": 0.8, ""subsample_freq"": 1}",False,False,rebuilt,,,,,,
63104dc5e1872c3c,lgbm,full,False,0.8101167315175097,0.0,0.7918951650167501,0.6156555177718337,57.55,"{""class_weight_mode"": ""none"", ""colsample_bytree"": 0.5, ""learning_rate"": 0.12, ""min_child_samples"": 5, ""n_estimators"": 400, ""num_leaves"": 63, ""reg_lambda"": 5.0, ""subsample"": 0.8, ""subsample_freq"": 1}",False,False,rebuilt,,,,,,
f8fb9356df1d1c16,xgb,full,False,0.8101167315175097,0.0,0.7943685244080608,0.5955723573672138,61.53,"{""class_weight_mode"": ""none"", ""colsample_bytree"": 0.8318786545766481, ""gamma"": 0.00110035909565114, ""learning_rate"": 0.13962960940197525, ""max_depth"": 4, ""min_child_weight"": 3.9934322514748195, ""n_estimators"": 800, ""reg_alpha"": 0.5988614026918457, ""reg_lambda"": 0.7755822704191885, ""subsample"": 0.8743242034066865}",False,False,rebuilt,,,,,,
213b8d292d9448bb,lgbm,full,False,0.8101167315175097,0.0,0.7971079236424271,0.8931131860339908,48.3,"{""class_weight_mode"": ""balanced"", ""colsample_bytree"": 0.8, ""learning_rate"": 0.12, ""min_child_samples"": 10, ""n_estimators"": 800, ""num_leaves"": 15, ""reg_lambda"": 0.0, ""subsample"": 0.8, ""subsample_freq"": 1}",False,False,rebuilt,,,,,,
f685f0ba7bf45c53,lgbm,full,False,0.8101167315175097,0.0,0.795657011032619,0.5805307779226643,50.27,"{""class_weight_mode"": ""balanced"", ""colsample_bytree"": 0.5, ""learning_rate"": 0.06, ""min_child_samples"": 20, ""n_estimators"": 400, ""num_leaves"": 15, ""reg_lambda"": 5.0, ""subsample"": 0.8, ""subsample_freq"": 1}",False,False,rebuilt,,,,,,
19a188f7066b26a4,xgb,full,False,0.8101167315175097,0.0,0.7977909274576903,0.606458334992708,64.61,"{""class_weight_mode"": ""balanced"", ""colsample_bytree"": 0.8, ""learning_rate"": 0.12, ""max_depth"": 3, ""min_child_weight"": 3, ""n_estimators"": 800, ""reg_lambda"": 5.0, ""subsample"": 0.7}",False,False,rebuilt,,,,,,
4f6380afd844b7f3,xgb,full,False,0.8101167315175097,0.0,0.7914636474375734,0.5886523477493353,78.91,"{""class_weight_mode"": ""none"", ""colsample_bytree"": 0.8, ""learning_rate"": 0.06, ""max_depth"": 4, ""min_child_weight"": 1, ""n_estimators"": 400, ""reg_lambda"": 1.0, ""subsample"": 0.9}",False,False,rebuilt,,,,,,
927ad59656c75bf7,xgb,full,False,0.8101167315175097,0.0,0.7989241886383086,0.5953244005069729,100.55,"{""class_weight_mode"": ""balanced"", ""colsample_bytree"": 0.8, ""learning_rate"": 0.12, ""max_depth"": 4, ""min_child_weight"": 1, ""n_estimators"": 400, ""reg_lambda"": 5.0, ""subsample"": 0.7}",False,False,rebuilt,,,,,,
9027a9e738172f8f,xgb,full,False,0.8101167315175097,0.0,0.7998755064338247,0.5788525955605244,64.56,"{""class_weight_mode"": ""balanced"", ""colsample_bytree"": 0.5, ""learning_rate"": 0.06, ""max_depth"": 6, ""min_child_weight"": 3, ""n_estimators"": 400, ""reg_lambda"": 5.0, ""subsample"": 0.7}",False,False,rebuilt,,,,,,
16264ab1b04ccbd2,xgb,full,False,0.8101167315175097,0.0,0.7956084573187595,0.5915066906536474,111.77,"{""class_weight_mode"": ""none"", ""colsample_bytree"": 0.8, ""learning_rate"": 0.06, ""max_depth"": 8, ""min_child_weight"": 1, ""n_estimators"": 400, ""reg_lambda"": 1.0, ""subsample"": 0.9}",False,False,rebuilt,,,,,,
60cda01d33bdd9ab,xgb,full,False,0.8101167315175097,0.0,0.793997176011153,0.5909172414357484,165.35,"{""class_weight_mode"": ""none"", ""colsample_bytree"": 0.5, ""learning_rate"": 0.03, ""max_depth"": 8, ""min_child_weight"": 1, ""n_estimators"": 800, ""reg_lambda"": 1.0, ""subsample"": 0.9}",False,False,rebuilt,,,,,,
b1b2221fdf02695f,xgb,full,False,0.8101167315175097,0.0,0.795354630692272,0.5787915683526242,147.96,"{""class_weight_mode"": ""balanced"", ""colsample_bytree"": 0.5, ""learning_rate"": 0.03, ""max_depth"": 8, ""min_child_weight"": 1, ""n_estimators"": 800, ""reg_lambda"": 5.0, ""subsample"": 0.9}",False,False,rebuilt,,,,,,
cecd57eb44b37f99,xgb,full,False,0.8101167315175097,0.0,0.7983163424538338,0.5768319079324532,129.87,"{""class_weight_mode"": ""balanced"", ""colsample_bytree"": 0.8810904772338707, ""gamma"": 0.01145400987316072, ""learning_rate"": 0.028701947706385896, ""max_depth"": 7, ""min_child_weight"": 3.576847856555903, ""n_estimators"": 800, ""reg_alpha"": 0.13213086190441609, ""reg_lambda"": 2.1234761998462828, ""subsample"": 0.7969303402275254}",False,False,rebuilt,,,,,,
411ac0ea189ffe46,xgb,full,False,0.8101167315175097,0.0,0.7991911108552603,0.5868038125998245,75.94,"{""class_weight_mode"": ""balanced"", ""colsample_bytree"": 0.5, ""learning_rate"": 0.06, ""max_depth"": 8, ""min_child_weight"": 3, ""n_estimators"": 800, ""reg_lambda"": 5.0, ""subsample"": 0.7}",False,False,rebuilt,,,,,,
7b531b4300a76696,xgb,full,False,0.8101167315175097,0.0,0.7935650620453188,0.594474958909145,60.08,"{""class_weight_mode"": ""none"", ""colsample_bytree"": 0.8396770259681927, ""gamma"": 0.0001286259000103281, ""learning_rate"": 0.09767966657678313, ""max_depth"": 8, ""min_child_weight"": 1.9658897090912955, ""n_estimators"": 400, ""reg_alpha"": 0.03814708899459646, ""reg_lambda"": 1.5952322469109685, ""subsample"": 0.7806385987847482}",False,False,rebuilt,,,,,,
433bd1886c263faf,xgb,full,False,0.8101167315175097,0.0,0.7954247469101158,0.6063949932109023,65.27,"{""class_weight_mode"": ""none"", ""colsample_bytree"": 0.5, ""learning_rate"": 0.12, ""max_depth"": 4, ""min_child_weight"": 1, ""n_estimators"": 800, ""reg_lambda"": 5.0, ""subsample"": 0.9}",False,False,rebuilt,,,,,,
19b6da3f0dc497d0,xgb,full,False,0.8101167315175097,0.0,0.795327722924027,0.5837131069272228,75.42,"{""class_weight_mode"": ""none"", ""colsample_bytree"": 0.8, ""learning_rate"": 0.12, ""max_depth"": 6, ""min_child_weight"": 1, ""n_estimators"": 400, ""reg_lambda"": 5.0, ""subsample"": 0.9}",False,False,rebuilt,,,,,,
8cd31242f3f08481,xgb,full,False,0.8101167315175097,0.0,0.7964505095118882,0.6048783054241715,53.78,"{""class_weight_mode"": ""balanced"", ""colsample_bytree"": 0.5, ""learning_rate"": 0.12, ""max_depth"": 8, ""min_child_weight"": 3, ""n_estimators"": 800, ""reg_lambda"": 5.0, ""subsample"": 0.9}",False,False,rebuilt,,,,,,
5fb120ccfc49b245,xgb,full,False,0.8101167315175097,0.0,0.7956864061621057,0.613763507907573,101.54,"{""class_weight_mode"": ""balanced"", ""colsample_bytree"": 0.5, ""learning_rate"": 0.12, ""max_depth"": 8, ""min_child_weight"": 1, ""n_estimators"": 800, ""reg_lambda"": 5.0, ""subsample"": 0.9}",False,False,rebuilt,,,,,,
6155a624ff7b1d6a,xgb,full,False,0.8101167315175097,0.0,0.7901214351595007,0.5849494383651711,136.18,"{""class_weight_mode"": ""none"", ""colsample_bytree"": 0.5, ""learning_rate"": 0.06, ""max_depth"": 6, ""min_child_weight"": 1, ""n_estimators"": 800, ""reg_lambda"": 5.0, ""subsample"": 0.7}",False,False,rebuilt,,,,,,
7435f784f1a2d9db,xgb,full,False,0.8101167315175097,0.0,0.791127989709755,0.6360486477463247,59.55,"{""class_weight_mode"": ""none"", ""colsample_bytree"": 0.8, ""learning_rate"": 0.12, ""max_depth"": 3, ""min_child_weight"": 1, ""n_estimators"": 800, ""reg_lambda"": 1.0, ""subsample"": 0.7}",False,False,rebuilt,,,,,,
55043538218e21ca,xgb,full,False,0.8101167315175097,0.0,0.7981909649663685,0.5837099127229145,70.1,"{""class_weight_mode"": ""balanced"", ""colsample_bytree"": 0.5, ""learning_rate"": 0.03, ""max_depth"": 4, ""min_child_weight"": 1, ""n_estimators"": 400, ""reg_lambda"": 5.0, ""subsample"": 0.7}",False,False,rebuilt,,,,,,
6997ae66d27a073c,xgb,full,False,0.8101167315175097,0.0,0.7952759632128334,0.5955225821901621,85.39,"{""class_weight_mode"": ""none"", ""colsample_bytree"": 0.8664301080891536, ""gamma"": 0.00010245707012749437, ""learning_rate"": 0.07064440803396436, ""max_depth"": 5, ""min_child_weight"": 0.7936936381030911, ""n_estimators"": 500, ""reg_alpha"": 0.21051585202698891, ""reg_lambda"": 0.6634199155985024, ""subsample"": 0.7552224263632473}",False,False,rebuilt,,,,,,
242fc8280389c45a,xgb,full,False,0.8101167315175097,0.0,0.7987738537397616,0.6009118335555884,35.93,"{""class_weight_mode"": ""balanced"", ""colsample_bytree"": 0.8, ""learning_rate"": 0.12, ""max_depth"": 8, ""min_child_weight"": 3, ""n_estimators"": 400, ""reg_lambda"": 1.0, ""subsample"": 0.7}",False,False,rebuilt,,,,,,
9300a5c1fa2d5056,xgb,full,False,0.8101167315175097,0.0,0.7916901875900105,0.6152513179527063,92.09,"{""class_weight_mode"": ""none"", ""colsample_bytree"": 0.5, ""learning_rate"": 0.06, ""max_depth"": 4, ""min_child_weight"": 1, ""n_estimators"": 800, ""reg_lambda"": 1.0, ""subsample"": 0.9}",False,False,rebuilt,,,,,,
10ca2f49d6c138e6,xgb,full,False,0.8101167315175097,0.0,0.7973528453937517,0.5985432504355044,95.03,"{""class_weight_mode"": ""balanced"", ""colsample_bytree"": 0.5, ""learning_rate"": 0.12, ""max_depth"": 6, ""min_child_weight"": 1, ""n_estimators"": 400, ""reg_lambda"": 5.0, ""subsample"": 0.7}",False,False,rebuilt,,,,,,
bcaed2a70bdb834d,xgb,full,False,0.8101167315175097,0.0,0.795070835395052,0.6241389584330218,38.8,"{""class_weight_mode"": ""balanced"", ""colsample_bytree"": 0.5, ""learning_rate"": 0.12, ""max_depth"": 6, ""min_child_weight"": 1, ""n_estimators"": 400, ""reg_lambda"": 1.0, ""subsample"": 0.9}",False,False,rebuilt,,,,,,
b8c5882b0f89cb6b,xgb,full,False,0.8101167315175097,0.0,0.7922303815773227,0.5679849123547841,115.88,"{""class_weight_mode"": ""none"", ""colsample_bytree"": 0.5, ""learning_rate"": 0.03, ""max_depth"": 8, ""min_child_weight"": 1, ""n_estimators"": 400, ""reg_lambda"": 1.0, ""subsample"": 0.7}",False,False,rebuilt,,,,,,
6c2d1335bd3afe00,xgb,full,False,0.8101167315175097,0.0,0.7941149544619771,0.5728525481771435,61.27,"{""class_weight_mode"": ""none"", ""colsample_bytree"": 0.5, ""learning_rate"": 0.03, ""max_depth"": 3, ""min_child_weight"": 3, ""n_estimators"": 800, ""reg_lambda"": 1.0, ""subsample"": 0.7}",False,False,rebuilt,,,,,,
a3fdec6c031e56a3,xgb,full,False,0.8101167315175097,0.0,0.7930468239468879,0.5715429380726389,136.59,"{""class_weight_mode"": ""none"", ""colsample_bytree"": 0.8, ""learning_rate"": 0.03, ""max_depth"": 4, ""min_child_weight"": 3, ""n_estimators"": 800, ""reg_lambda"": 5.0, ""subsample"": 0.9}",False,False,rebuilt,,,,,,
bde28ff37bc6e004,xgb,full,False,0.8101167315175097,0.0,0.7985218925778199,0.5955218487053796,50.4,"{""class_weight_mode"": ""balanced"", ""colsample_bytree"": 0.5, ""learning_rate"": 0.06, ""max_depth"": 4, ""min_child_weight"": 3, ""n_estimators"": 800, ""reg_lambda"": 1.0, ""subsample"": 0.7}",False,False,rebuilt,,,,,,
a3d3d96c9ee57ffc,xgb,full,False,0.8101167315175097,0.0,0.7954949258337926,0.5958270037451489,74.66,"{""class_weight_mode"": ""none"", ""colsample_bytree"": 0.5, ""learning_rate"": 0.06, ""max_depth"": 6, ""min_child_weight"": 3, ""n_estimators"": 800, ""reg_lambda"": 1.0, ""subsample"": 0.9}",False,False,rebuilt,,,,,,
0b64b0aed0a58472,xgb,full,False,0.8101167315175097,0.0,0.7922163689246506,0.5777265915390022,29.16,"{""class_weight_mode"": ""none"", ""colsample_bytree"": 0.5, ""learning_rate"": 0.12, ""max_depth"": 3, ""min_child_weight"": 3, ""n_estimators"": 400, ""reg_lambda"": 5.0, ""subsample"": 0.9}",False,False,rebuilt,,,,,,
a39181f586e4ff46,xgb,full,False,0.8101167315175097,0.0,0.7931465244948223,0.5777453035398885,36.03,"{""class_weight_mode"": ""none"", ""colsample_bytree"": 0.5, ""learning_rate"": 0.06, ""max_depth"": 4, ""min_child_weight"": 3, ""n_estimators"": 400, ""reg_lambda"": 1.0, ""subsample"": 0.9}",False,False,rebuilt,,,,,,
5fe7cc6f75ca5427,xgb,full,False,0.8101167315175097,0.0,0.7946219650384214,0.5963258744199388,417.77,"{""class_weight_mode"": ""balanced"", ""colsample_bytree"": 0.6497807250816124, ""gamma"": 0.012139198410437375, ""learning_rate"": 0.012994790967624311, ""max_depth"": 8, ""min_child_weight"": 1.40689773838806, ""n_estimators"": 1300, ""reg_alpha"": 0.027778880764602845, ""reg_lambda"": 0.1315878315486966, ""subsample"": 0.916956863733222}",False,False,rebuilt,,,,,,
67a959cb5a2eef4e,xgb,full,False,0.8101167315175097,0.0,0.8008078347009434,0.591365780496408,27.66,"{""class_weight_mode"": ""balanced"", ""colsample_bytree"": 0.5, ""learning_rate"": 0.12, ""max_depth"": 3, ""min_child_weight"": 3, ""n_estimators"": 400, ""reg_lambda"": 5.0, ""subsample"": 0.9}",False,False,rebuilt,,,,,,
9e74f9418b9b396f,xgb,full,False,0.8101167315175097,0.0,0.790762183092294,0.5707540011021665,84.5,"{""class_weight_mode"": ""none"", ""colsample_bytree"": 0.5, ""learning_rate"": 0.06, ""max_depth"": 8, ""min_child_weight"": 1, ""n_estimators"": 400, ""reg_lambda"": 5.0, ""subsample"": 0.9}",False,False,rebuilt,,,,,,
b55a328f4eb5d50d,xgb,full,False,0.8101167315175097,0.0,0.791776045554321,0.5684097929174704,118.07,"{""class_weight_mode"": ""none"", ""colsample_bytree"": 0.5, ""learning_rate"": 0.03, ""max_depth"": 4, ""min_child_weight"": 1, ""n_estimators"": 800, ""reg_lambda"": 5.0, ""subsample"": 0.7}",False,False,rebuilt,,,,,,
9db73921268bff2e,xgb,full,False,0.8101167315175097,0.0,0.7970203046821229,0.5888519546756192,93.03,"{""class_weight_mode"": ""balanced"", ""colsample_bytree"": 0.694704242991154, ""gamma"": 0.0014524230900362517, ""learning_rate"": 0.030243132346112356, ""max_depth"": 5, ""min_child_weight"": 2.165333865835273, ""n_estimators"": 800, ""reg_alpha"": 0.0040711169479199835, ""reg_lambda"": 0.6462571199441233, ""subsample"": 0.6034300805167768}",False,False,rebuilt,,,,,,
9a7aee6ac1d03cec,xgb,full,False,0.8101167315175097,0.0,0.7975171207468764,0.5953040033746604,144.55,"{""class_weight_mode"": ""balanced"", ""colsample_bytree"": 0.8, ""learning_rate"": 0.03, ""max_depth"": 4, ""min_child_weight"": 1, ""n_estimators"": 800, ""reg_lambda"": 1.0, ""subsample"": 0.9}",False,False,rebuilt,,,,,,
1492b8a90dd6f889,xgb,full,False,0.8101167315175097,0.0,0.7971296557572372,0.5876817638847904,104.18,"{""class_weight_mode"": ""balanced"", ""colsample_bytree"": 0.8, ""learning_rate"": 0.06, ""max_depth"": 4, ""min_child_weight"": 3, ""n_estimators"": 800, ""reg_lambda"": 5.0, ""subsample"": 0.9}",False,False,rebuilt,,,,,,
07c7d1d5346a577c,xgb,full,False,0.8101167315175097,0.0,0.7946121178920429,0.5810212919315488,97.03,"{""class_weight_mode"": ""balanced"", ""colsample_bytree"": 0.5, ""learning_rate"": 0.06, ""max_depth"": 8, ""min_child_weight"": 1, ""n_estimators"": 400, ""reg_lambda"": 5.0, ""subsample"": 0.7}",False,False,rebuilt,,,,,,
95e2e49fac23fee8,xgb,full,False,0.8101167315175097,0.0,0.797911672005669,0.5745590824141087,105.52,"{""class_weight_mode"": ""balanced"", ""colsample_bytree"": 0.8, ""learning_rate"": 0.03, ""max_depth"": 3, ""min_child_weight"": 1, ""n_estimators"": 800, ""reg_lambda"": 5.0, ""subsample"": 0.7}",False,False,rebuilt,,,,,,
a9c85459b910e30a,xgb,full,False,0.8101167315175097,0.0,0.792738458196005,0.638455818831873,69.39,"{""class_weight_mode"": ""none"", ""colsample_bytree"": 0.5, ""learning_rate"": 0.12, ""max_depth"": 3, ""min_child_weight"": 1, ""n_estimators"": 800, ""reg_lambda"": 1.0, ""subsample"": 0.7}",False,False,rebuilt,,,,,,
30d934cd82968bbb,xgb,full,False,0.8101167315175097,0.0,0.7939974551130459,0.6240574994395941,65.46,"{""class_weight_mode"": ""none"", ""colsample_bytree"": 0.8, ""learning_rate"": 0.12, ""max_depth"": 8, ""min_child_weight"": 3, ""n_estimators"": 800, ""reg_lambda"": 1.0, ""subsample"": 0.7}",False,False,rebuilt,,,,,,
4da211bec32741ac,xgb,full,False,0.8101167315175097,0.0,0.7969262364027857,0.597621404588657,67.5,"{""class_weight_mode"": ""balanced"", ""colsample_bytree"": 0.5, ""learning_rate"": 0.06, ""max_depth"": 3, ""min_child_weight"": 3, ""n_estimators"": 800, ""reg_lambda"": 1.0, ""subsample"": 0.7}",False,False,rebuilt,,,,,,
88a0b386906c2f42,xgb,full,False,0.8101167315175097,0.0,0.7917306985317784,0.596993196706073,90.49,"{""class_weight_mode"": ""none"", ""colsample_bytree"": 0.8, ""learning_rate"": 0.12, ""max_depth"": 6, ""min_child_weight"": 1, ""n_estimators"": 400, ""reg_lambda"": 5.0, ""subsample"": 0.7}",False,False,rebuilt,,,,,,
4425647f2643300d,xgb,full,False,0.8101167315175097,0.0,0.793975170465771,0.5915789941904783,86.31,"{""class_weight_mode"": ""none"", ""colsample_bytree"": 0.8, ""learning_rate"": 0.06, ""max_depth"": 6, ""min_child_weight"": 3, ""n_estimators"": 800, ""reg_lambda"": 1.0, ""subsample"": 0.7}",False,False,rebuilt,,,,,,
a199f8dea271f15f,xgb,full,False,0.8101167315175097,0.0,0.7944394027237955,0.6402778455132113,63.43,"{""class_weight_mode"": ""none"", ""colsample_bytree"": 0.5, ""learning_rate"": 0.12, ""max_depth"": 4, ""min_child_weight"": 1, ""n_estimators"": 800, ""reg_lambda"": 1.0, ""subsample"": 0.7}",False,False,rebuilt,,,,,,
34239f9df0843506,xgb,full,False,0.8101167315175097,0.0,0.7934423396873873,0.5916888387665485,61.03,"{""class_weight_mode"": ""none"", ""colsample_bytree"": 0.9445174549679545, ""gamma"": 0.0001464228332300809, ""learning_rate"": 0.08878172845068588, ""max_depth"": 7, ""min_child_weight"": 2.527731975164573, ""n_estimators"": 400, ""reg_alpha"": 0.0026002836769075154, ""reg_lambda"": 1.9403611093700484, ""subsample"": 0.8929821118779787}",False,False,rebuilt,,,,,,
f61f8ef80d11704c,xgb,full,False,0.8101167315175097,0.0,0.7928752395404757,0.5842275015294248,132.56,"{""class_weight_mode"": ""none"", ""colsample_bytree"": 0.5, ""learning_rate"": 0.06, ""max_depth"": 8, ""min_child_weight"": 1, ""n_estimators"": 800, ""reg_lambda"": 5.0, ""subsample"": 0.9}",False,False,rebuilt,,,,,,
d8285ef3f7df7f66,xgb,full,False,0.8101167315175097,0.0,0.7971961409819952,0.5950351896115252,93.64,"{""class_weight_mode"": ""balanced"", ""colsample_bytree"": 0.5, ""learning_rate"": 0.03, ""max_depth"": 4, ""min_child_weight"": 1, ""n_estimators"": 800, ""reg_lambda"": 1.0, ""subsample"": 0.9}",False,False,rebuilt,,,,,,
dd1978988bae36cc,xgb,full,False,0.8101167315175097,0.0,0.7935552518493539,0.6415089336544219,51.72,"{""class_weight_mode"": ""none"", ""colsample_bytree"": 0.730072536297642, ""gamma"": 0.00010269807071176572, ""learning_rate"": 0.17195602583080474, ""max_depth"": 4, ""min_child_weight"": 0.5749379657897123, ""n_estimators"": 500, ""reg_alpha"": 0.0069584677715087175, ""reg_lambda"": 1.3346285817824513, ""subsample"": 0.7345460644032523}",False,False,rebuilt,,,,,,
ccd3a713901ee50b,lgbm,full,False,0.8101167315175097,0.0,0.793787297490029,0.8181186874235039,170.15,"{""class_weight_mode"": ""balanced"", ""colsample_bytree"": 0.5, ""learning_rate"": 0.03, ""min_child_samples"": 5, ""n_estimators"": 400, ""num_leaves"": 63, ""reg_lambda"": 0.0, ""subsample"": 0.8, ""subsample_freq"": 1}",False,False,rebuilt,,,,,,
dde5aae7cf342253,xgb,full,False,0.8101167315175097,0.0,0.7987190054535424,0.576712043822894,154.89,"{""class_weight_mode"": ""balanced"", ""colsample_bytree"": 0.8, ""learning_rate"": 0.03, ""max_depth"": 6, ""min_child_weight"": 3, ""n_estimators"": 800, ""reg_lambda"": 5.0, ""subsample"": 0.9}",False,False,rebuilt,,,,,,
f9bc85c8a889557f,xgb,full,False,0.8101167315175097,0.0,0.7954249847274608,0.637328669169041,85.47,"{""class_weight_mode"": ""balanced"", ""colsample_bytree"": 0.8, ""learning_rate"": 0.12, ""max_depth"": 8, ""min_child_weight"": 1, ""n_estimators"": 800, ""reg_lambda"": 1.0, ""subsample"": 0.7}",False,False,rebuilt,,,,,,
e9acd78395c6f683,xgb,full,False,0.8101167315175097,0.0,0.7939675419296826,0.5926558134683555,112.49,"{""class_weight_mode"": ""none"", ""colsample_bytree"": 0.5, ""learning_rate"": 0.03, ""max_depth"": 6, ""min_child_weight"": 1, ""n_estimators"": 800, ""reg_lambda"": 1.0, ""subsample"": 0.9}",False,False,rebuilt,,,,,,
f3a3bcee5bbecbdf,xgb,full,False,0.8101167315175097,0.0,0.798391103925507,0.6033628264906519,38.45,"{""class_weight_mode"": ""balanced"", ""colsample_bytree"": 0.8, ""learning_rate"": 0.12, ""max_depth"": 3, ""min_child_weight"": 3, ""n_estimators"": 400, ""reg_lambda"": 1.0, ""subsample"": 0.7}",False,False,rebuilt,,,,,,
e928faf6ae944cb4,xgb,full,False,0.8101167315175097,0.0,0.7930435915357279,0.6121409174341339,66.3,"{""class_weight_mode"": ""none"", ""colsample_bytree"": 0.8, ""learning_rate"": 0.12, ""max_depth"": 6, ""min_child_weight"": 3, ""n_estimators"": 800, ""reg_lambda"": 5.0, ""subsample"": 0.7}",False,False,rebuilt,,,,,,
b30871aaa26f8285,lgbm,full,False,0.8101167315175097,0.0,0.7900236185866165,0.8514308837169743,109.08,"{""class_weight_mode"": ""none"", ""colsample_bytree"": 0.5, ""learning_rate"": 0.03, ""min_child_samples"": 5, ""n_estimators"": 800, ""num_leaves"": 31, ""reg_lambda"": 0.0, ""subsample"": 0.8, ""subsample_freq"": 1}",False,False,rebuilt,,,,,,
ec9ac7d98073c659,xgb,top120,False,0.8101167315175097,0.0,0.7995400804312782,0.5763740043392033,91.61,"{""class_weight_mode"": ""balanced"", ""colsample_bytree"": 0.8855040683790605, ""gamma"": 0.00037287152309911046, ""learning_rate"": 0.016748553024366213, ""max_depth"": 6, ""min_child_weight"": 3.4955472563192145, ""n_estimators"": 800, ""reg_alpha"": 0.3239254998467372, ""reg_lambda"": 0.10023742276340811, ""subsample"": 0.6419109863485483}",False,False,rebuilt,,,,,,
5af3984e18134ed0,lgbm,top120,False,0.8101167315175097,0.0,0.7891063452826544,0.6248343361871483,100.25,"{""class_weight_mode"": ""none"", ""colsample_bytree"": 0.9650433769355633, ""learning_rate"": 0.1506361158426324, ""min_child_samples"": 6, ""n_estimators"": 800, ""num_leaves"": 7, ""reg_alpha"": 0.13216898277786926, ""reg_lambda"": 12.262805869490128, ""subsample"": 0.6596568187952074, ""subsample_freq"": 1}",False,False,rebuilt,,,,,,
b58f2531e906a32b,lgbm,full,False,0.8101167315175097,0.0,0.7922051924023146,0.6110420810895868,64.21,"{""class_weight_mode"": ""none"", ""colsample_bytree"": 0.5, ""learning_rate"": 0.12, ""min_child_samples"": 10, ""n_estimators"": 400, ""num_leaves"": 31, ""reg_lambda"": 5.0, ""subsample"": 0.8, ""subsample_freq"": 1}",False,False,rebuilt,,,,,,
676b314696287165,lgbm,full,False,0.8101167315175097,0.0,0.7982147646612576,0.8557686869203907,67.59,"{""class_weight_mode"": ""balanced"", ""colsample_bytree"": 0.8, ""learning_rate"": 0.06, ""min_child_samples"": 20, ""n_estimators"": 400, ""num_leaves"": 31, ""reg_lambda"": 0.0, ""subsample"": 0.8, ""subsample_freq"": 1}",False,False,rebuilt,,,,,,
edb485cd7d57cc88,xgb,full,False,0.8101167315175097,0.0,0.7991136500119376,0.5822926003455204,106.02,"{""class_weight_mode"": ""balanced"", ""colsample_bytree"": 0.5, ""learning_rate"": 0.06, ""max_depth"": 3, ""min_child_weight"": 3, ""n_estimators"": 800, ""reg_lambda"": 5.0, ""subsample"": 0.9}",False,False,rebuilt,,,,,,
ebd00f9447875941,xgb,full,False,0.8101167315175097,0.0,0.7950473054911115,0.6497116452336321,63.04,"{""class_weight_mode"": ""balanced"", ""colsample_bytree"": 0.8, ""learning_rate"": 0.12, ""max_depth"": 8, ""min_child_weight"": 1, ""n_estimators"": 800, ""reg_lambda"": 1.0, ""subsample"": 0.9}",False,False,rebuilt,,,,,,
6094cf2a9d01a70d,lgbm,full,False,0.8101167315175097,0.0,0.7961771025154574,0.848099737543299,92.27,"{""class_weight_mode"": ""balanced"", ""colsample_bytree"": 0.8, ""learning_rate"": 0.06, ""min_child_samples"": 10, ""n_estimators"": 400, ""num_leaves"": 31, ""reg_lambda"": 0.0, ""subsample"": 0.8, ""subsample_freq"": 1}",False,False,rebuilt,,,,,,
101f724a997119ef,lgbm,full,False,0.8101167315175097,0.0,0.7915299004327621,0.5862147209348502,76.3,"{""class_weight_mode"": ""none"", ""colsample_bytree"": 0.8, ""learning_rate"": 0.06, ""min_child_samples"": 10, ""n_estimators"": 400, ""num_leaves"": 63, ""reg_lambda"": 5.0, ""subsample"": 0.8, ""subsample_freq"": 1}",False,False,rebuilt,,,,,,
6f3020031b1465ec,lgbm,top120,False,0.809727626459144,0.0027237354085603,0.79183087262167,0.8942643384377678,510.86,"{""learning_rate"": 0.05, ""n_estimators"": 600, ""num_leaves"": 31}",False,False,rebuilt,0.8057068741893646,0.0074191178449157,0.7857750648634959,0.845413416384316,,
87774433b297e541,lgbm,top120,False,0.8093385214007782,0.0,0.8011926814001562,0.5799371438584934,57.58,"{""class_weight_mode"": ""balanced"", ""colsample_bytree"": 0.493689670798669, ""learning_rate"": 0.010839434677481068, ""min_child_samples"": 39, ""n_estimators"": 1200, ""num_leaves"": 22, ""reg_alpha"": 1.818508337902053, ""reg_lambda"": 0.01748677628499961, ""subsample"": 0.6487097837133246, ""subsample_freq"": 1}",False,False,rebuilt,,,,,,
89ca4c03cebecf49,xgb,top120,False,0.8093385214007782,0.0,0.791225748068098,0.5834749727846694,36.65,"{""class_weight_mode"": ""none"", ""colsample_bytree"": 0.5875608887797208, ""gamma"": 0.01724916561784329, ""learning_rate"": 0.11413769987799718, ""max_depth"": 7, ""min_child_weight"": 5.074814753142228, ""n_estimators"": 700, ""reg_alpha"": 0.18247519303872053, ""reg_lambda"": 9.89240383346803, ""subsample"": 0.832933881872525}",False,False,rebuilt,,,,,,
98f7827b1731c8eb,lgbm,full,False,0.8093385214007782,0.0,0.7921620950874704,0.6328711859716816,78.15,"{""class_weight_mode"": ""none"", ""colsample_bytree"": 0.5, ""learning_rate"": 0.12, ""min_child_samples"": 10, ""n_estimators"": 800, ""num_leaves"": 31, ""reg_lambda"": 5.0, ""subsample"": 0.8, ""subsample_freq"": 1}",False,False,rebuilt,,,,,,
bed4621725fa946c,lgbm,full,False,0.8093385214007782,0.0,0.7885001857731049,0.9036964805398014,36.76,"{""class_weight_mode"": ""none"", ""colsample_bytree"": 0.8, ""learning_rate"": 0.12, ""min_child_samples"": 5, ""n_estimators"": 400, ""num_leaves"": 31, ""reg_lambda"": 0.0, ""subsample"": 0.8, ""subsample_freq"": 1}",False,False,rebuilt,,,,,,
be3af907a941d98d,lgbm,full,False,0.8093385214007782,0.0,0.7975537683412928,0.5893812218588212,136.67,"{""class_weight_mode"": ""balanced"", ""colsample_bytree"": 0.8, ""learning_rate"": 0.03, ""min_child_samples"": 5, ""n_estimators"": 800, ""num_leaves"": 31, ""reg_lambda"": 5.0, ""subsample"": 0.8, ""subsample_freq"": 1}",False,False,rebuilt,,,,,,
ba100aa7f578b903,lgbm,full,False,0.8093385214007782,0.0,0.7899256819036856,0.597200060065952,79.46,"{""class_weight_mode"": ""none"", ""colsample_bytree"": 0.8, ""learning_rate"": 0.06, ""min_child_samples"": 5, ""n_estimators"": 400, ""num_leaves"": 15, ""reg_lambda"": 5.0, ""subsample"": 0.8, ""subsample_freq"": 1}",False,False,rebuilt,,,,,,
0d7903bf10cb3299,xgb,full,False,0.8093385214007782,0.0,0.7985284410932351,0.5713211039753184,80.51,"{""class_weight_mode"": ""balanced"", ""colsample_bytree"": 0.8, ""learning_rate"": 0.03, ""max_depth"": 6, ""min_child_weight"": 3, ""n_estimators"": 400, ""reg_lambda"": 1.0, ""subsample"": 0.9}",False,False,rebuilt,,,,,,
9d3537b93c021859,hgb,full,False,0.8093385214007782,0.0,0.7910269188452367,1.0025148158843005,61.86,"{""l2_regularization"": 0.0, ""learning_rate"": 0.1, ""max_iter"": 400, ""max_leaf_nodes"": 15, ""min_samples_leaf"": 5}",False,False,rebuilt,,,,,,
b982e1cecdb7dd01,hgb,full,False,0.8093385214007782,0.0,0.7941543402210417,0.9317636595253788,102.96,"{""l2_regularization"": 0.0, ""learning_rate"": 0.05, ""max_iter"": 400, ""max_leaf_nodes"": 31, ""min_samples_leaf"": 20}",False,False,rebuilt,,,,,,
618c002a4938abde,lgbm,full,False,0.8093385214007782,0.0,0.790932381414496,0.6041395301833749,106.86,"{""class_weight_mode"": ""none"", ""colsample_bytree"": 0.5, ""learning_rate"": 0.06, ""min_child_samples"": 10, ""n_estimators"": 800, ""num_leaves"": 15, ""reg_lambda"": 5.0, ""subsample"": 0.8, ""subsample_freq"": 1}",False,False,rebuilt,,,,,,
d5ac1f5f050c14a7,lgbm,full,False,0.8093385214007782,0.0,0.789177101762908,0.6035223283995249,88.36,"{""class_weight_mode"": ""none"", ""colsample_bytree"": 0.5, ""learning_rate"": 0.06, ""min_child_samples"": 10, ""n_estimators"": 800, ""num_leaves"": 63, ""reg_lambda"": 5.0, ""subsample"": 0.8, ""subsample_freq"": 1}",False,False,rebuilt,,,,,,
83477e99302cc727,xgb,full,False,0.8093385214007782,0.0,0.7894855681588295,0.585313667822316,77.25,"{""class_weight_mode"": ""none"", ""colsample_bytree"": 0.8, ""learning_rate"": 0.12, ""max_depth"": 4, ""min_child_weight"": 1, ""n_estimators"": 400, ""reg_lambda"": 5.0, ""subsample"": 0.9}",False,False,rebuilt,,,,,,
f81bdb466a1b73de,lgbm,full,False,0.8093385214007782,0.0,0.7985648308476297,0.5901699171489604,45.48,"{""class_weight_mode"": ""balanced"", ""colsample_bytree"": 0.7272638004445588, ""learning_rate"": 0.03712882956725524, ""min_child_samples"": 39, ""n_estimators"": 1300, ""num_leaves"": 24, ""reg_alpha"": 1.2655781708681118, ""reg_lambda"": 0.002780877467720102, ""subsample"": 0.5363125845647573, ""subsample_freq"": 1}",False,False,rebuilt,,,,,,
03164fc067edb849,xgb,full,False,0.8093385214007782,0.0,0.7936908270564212,0.5899181233948066,59.36,"{""class_weight_mode"": ""none"", ""colsample_bytree"": 0.5, ""learning_rate"": 0.06, ""max_depth"": 4, ""min_child_weight"": 1, ""n_estimators"": 400, ""reg_lambda"": 1.0, ""subsample"": 0.9}",False,False,rebuilt,,,,,,
7fbe7ae55601bc6a,xgb,full,False,0.8093385214007782,0.0,0.7981537108721393,0.5739683509504185,89.84,"{""class_weight_mode"": ""balanced"", ""colsample_bytree"": 0.8, ""learning_rate"": 0.03, ""max_depth"": 3, ""min_child_weight"": 1, ""n_estimators"": 800, ""reg_lambda"": 1.0, ""subsample"": 0.9}",False,False,rebuilt,,,,,,
0154e1df9fd63597,xgb,top120,False,0.8093385214007782,0.0,0.7902898454854167,0.5852148812280025,53.66,"{""class_weight_mode"": ""none"", ""colsample_bytree"": 0.7292458611372211, ""gamma"": 0.027394915844859667, ""learning_rate"": 0.09443272888211665, ""max_depth"": 7, ""min_child_weight"": 4.440213870614247, ""n_estimators"": 600, ""reg_alpha"": 0.03428373344055383, ""reg_lambda"": 7.87955926255956, ""subsample"": 0.7571409365215213}",False,False,rebuilt,,,,,,
1ae46c0cc901df3c,xgb,full,False,0.8093385214007782,0.0,0.7940771657125719,0.5835795002230204,160.92,"{""class_weight_mode"": ""none"", ""colsample_bytree"": 0.8, ""learning_rate"": 0.03, ""max_depth"": 8, ""min_child_weight"": 1, ""n_estimators"": 800, ""reg_lambda"": 1.0, ""subsample"": 0.7}",False,False,rebuilt,,,,,,
7bb7bf8eccc59ff9,lgbm,full,False,0.8093385214007782,0.0,0.79249834720069,0.6009705600332708,122.55,"{""class_weight_mode"": ""none"", ""colsample_bytree"": 0.8, ""learning_rate"": 0.06, ""min_child_samples"": 20, ""n_estimators"": 800, ""num_leaves"": 63, ""reg_lambda"": 5.0, ""subsample"": 0.8, ""subsample_freq"": 1}",False,False,rebuilt,,,,,,
ed446378a7b5bbee,lgbm,full,False,0.8093385214007782,0.0,0.790635922114516,0.6003376541226014,114.23,"{""class_weight_mode"": ""none"", ""colsample_bytree"": 0.8, ""learning_rate"": 0.06, ""min_child_samples"": 20, ""n_estimators"": 800, ""num_leaves"": 15, ""reg_lambda"": 5.0, ""subsample"": 0.8, ""subsample_freq"": 1}",False,False,rebuilt,,,,,,
84471c9b00ac68e0,lgbm,top120,True,0.8093385214007782,0.0,0.7974962107354984,0.7328967782022024,184.8,"{""class_weight_mode"": ""balanced"", ""colsample_bytree"": 0.3322852203402542, ""learning_rate"": 0.01075846534068966, ""min_child_samples"": 27, ""n_estimators"": 1400, ""num_leaves"": 89, ""reg_alpha"": 0.002054969284460915, ""reg_lambda"": 0.001094638547410888, ""subsample"": 0.654870508664652, ""subsample_freq"": 1}",False,False,rebuilt,,,,,,
20a4d6078e170eab,xgb,full,False,0.8093385214007782,0.0,0.7959801682650284,0.5686772065183839,54.96,"{""class_weight_mode"": ""balanced"", ""colsample_bytree"": 0.5, ""learning_rate"": 0.03, ""max_depth"": 4, ""min_child_weight"": 1, ""n_estimators"": 400, ""reg_lambda"": 1.0, ""subsample"": 0.7}",False,False,rebuilt,,,,,,
2068b9a24627c68c,xgb,full,False,0.8093385214007782,0.0,0.7990209080263145,0.5782946390982803,181.16,"{""class_weight_mode"": ""balanced"", ""colsample_bytree"": 0.8, ""learning_rate"": 0.03, ""max_depth"": 6, ""min_child_weight"": 1, ""n_estimators"": 800, ""reg_lambda"": 5.0, ""subsample"": 0.7}",False,False,rebuilt,,,,,,
716297573a176202,xgb,full,False,0.8093385214007782,0.0,0.7886485963692151,0.5883920598939542,74.1,"{""class_weight_mode"": ""none"", ""colsample_bytree"": 0.5, ""learning_rate"": 0.06, ""max_depth"": 6, ""min_child_weight"": 1, ""n_estimators"": 400, ""reg_lambda"": 1.0, ""subsample"": 0.7}",False,False,rebuilt,,,,,,
1f0ac3d708dc4dbb,xgb,top120,False,0.8093385214007782,0.0,0.7983084474047722,0.582192995175399,64.84,"{""class_weight_mode"": ""balanced"", ""colsample_bytree"": 0.7920041047857812, ""gamma"": 0.0038521405883045045, ""learning_rate"": 0.025248044424863864, ""max_depth"": 7, ""min_child_weight"": 3.118663641184917, ""n_estimators"": 500, ""reg_alpha"": 0.30337550567472893, ""reg_lambda"": 0.13614763333392224, ""subsample"": 0.5382910098920208}",False,False,rebuilt,,,,,,
b0c92f3766577514,xgb,full,False,0.8093385214007782,0.0,0.7949301750651798,0.5772894306994938,154.39,"{""class_weight_mode"": ""balanced"", ""colsample_bytree"": 0.5, ""learning_rate"": 0.03, ""max_depth"": 6, ""min_child_weight"": 1, ""n_estimators"": 800, ""reg_lambda"": 5.0, ""subsample"": 0.9}",False,False,rebuilt,,,,,,
81279ef1e35e4dd5,xgb,full,False,0.8093385214007782,0.0,0.7916997292406565,0.5799341008183233,69.27,"{""class_weight_mode"": ""none"", ""colsample_bytree"": 0.5, ""learning_rate"": 0.03, ""max_depth"": 4, ""min_child_weight"": 3, ""n_estimators"": 800, ""reg_lambda"": 1.0, ""subsample"": 0.7}",False,False,rebuilt,,,,,,
99098498d347f962,xgb,full,False,0.8093385214007782,0.0,0.7997162713957569,0.609313442906463,60.61,"{""class_weight_mode"": ""balanced"", ""colsample_bytree"": 0.5, ""learning_rate"": 0.06, ""max_depth"": 3, ""min_child_weight"": 1, ""n_estimators"": 800, ""reg_lambda"": 1.0, ""subsample"": 0.9}",False,False,rebuilt,,,,,,
40f74a61ca814356,lgbm,full,False,0.8093385214007782,0.0,0.7941761511106897,0.6331521609370934,123.52,"{""class_weight_mode"": ""balanced"", ""colsample_bytree"": 0.5, ""learning_rate"": 0.12, ""min_child_samples"": 5, ""n_estimators"": 800, ""num_leaves"": 15, ""reg_lambda"": 5.0, ""subsample"": 0.8, ""subsample_freq"": 1}",False,False,rebuilt,,,,,,
e9377f5e275a419c,xgb,full,False,0.8093385214007782,0.0,0.7978026109506662,0.5694061138096855,78.41,"{""class_weight_mode"": ""balanced"", ""colsample_bytree"": 0.5, ""learning_rate"": 0.03, ""max_depth"": 3, ""min_child_weight"": 1, ""n_estimators"": 800, ""reg_lambda"": 1.0, ""subsample"": 0.9}",False,False,rebuilt,,,,,,
33da5da4b5583aac,xgb,full,False,0.8093385214007782,0.0,0.7958545771943345,0.6150868713823551,140.63,"{""class_weight_mode"": ""balanced"", ""colsample_bytree"": 0.8, ""learning_rate"": 0.06, ""max_depth"": 8, ""min_child_weight"": 1, ""n_estimators"": 800, ""reg_lambda"": 1.0, ""subsample"": 0.7}",False,False,rebuilt,,,,,,
4a8d76d21467e362,xgb,full,False,0.8093385214007782,0.0,0.795056996085565,0.5932087301743416,53.76,"{""class_weight_mode"": ""balanced"", ""colsample_bytree"": 0.8, ""learning_rate"": 0.12, ""max_depth"": 3, ""min_child_weight"": 1, ""n_estimators"": 400, ""reg_lambda"": 5.0, ""subsample"": 0.7}",False,False,rebuilt,,,,,,
f99fa428b323dc96,lgbm,full,False,0.8093385214007782,0.0,0.7964016455459424,0.5807552597340698,50.06,"{""class_weight_mode"": ""balanced"", ""colsample_bytree"": 0.5, ""learning_rate"": 0.06, ""min_child_samples"": 10, ""n_estimators"": 400, ""num_leaves"": 15, ""reg_lambda"": 5.0, ""subsample"": 0.8, ""subsample_freq"": 1}",False,False,rebuilt,,,,,,
b7dbcc3d5b6a0130,xgb,full,False,0.8093385214007782,0.0,0.7923767486766853,0.5745740593482552,165.44,"{""class_weight_mode"": ""none"", ""colsample_bytree"": 0.9387886984054115, ""gamma"": 0.0030946163039202042, ""learning_rate"": 0.025247852735068223, ""max_depth"": 9, ""min_child_weight"": 5.130231112171943, ""n_estimators"": 1400, ""reg_alpha"": 0.32939884447359136, ""reg_lambda"": 0.6164865219759069, ""subsample"": 0.937954064559199}",False,False,rebuilt,,,,,,
57439b62c29d12d0,lgbm,full,False,0.8093385214007782,0.0,0.7894890731725352,0.5858694106761777,72.96,"{""class_weight_mode"": ""none"", ""colsample_bytree"": 0.5, ""learning_rate"": 0.06, ""min_child_samples"": 10, ""n_estimators"": 400, ""num_leaves"": 63, ""reg_lambda"": 5.0, ""subsample"": 0.8, ""subsample_freq"": 1}",False,False,rebuilt,,,,,,
6efce182013f8d53,xgb,full,False,0.8093385214007782,0.0,0.7966958975669116,0.5722848864541087,85.38,"{""class_weight_mode"": ""balanced"", ""colsample_bytree"": 0.8, ""learning_rate"": 0.03, ""max_depth"": 4, ""min_child_weight"": 1, ""n_estimators"": 400, ""reg_lambda"": 1.0, ""subsample"": 0.7}",False,False,rebuilt,,,,,,
f49245236695a39d,lgbm,full,False,0.8093385214007782,0.0,0.7902896308310303,0.5733517886424184,85.86,"{""class_weight_mode"": ""none"", ""colsample_bytree"": 0.5, ""learning_rate"": 0.03, ""min_child_samples"": 20, ""n_estimators"": 800, ""num_leaves"": 63, ""reg_lambda"": 5.0, ""subsample"": 0.8, ""subsample_freq"": 1}",False,False,rebuilt,,,,,,
f8c3036e4fe13ac6,lgbm,full,False,0.8093385214007782,0.0,0.7903079712259046,0.6094272023774965,64.53,"{""class_weight_mode"": ""none"", ""colsample_bytree"": 0.8, ""learning_rate"": 0.12, ""min_child_samples"": 10, ""n_estimators"": 400, ""num_leaves"": 15, ""reg_lambda"": 5.0, ""subsample"": 0.8, ""subsample_freq"": 1}",False,False,rebuilt,,,,,,
b3e0815a1c096d00,xgb,full,False,0.8093385214007782,0.0,0.7921581773378076,0.6095646945251326,76.28,"{""class_weight_mode"": ""none"", ""colsample_bytree"": 0.8, ""learning_rate"": 0.06, ""max_depth"": 4, ""min_child_weight"": 1, ""n_estimators"": 800, ""reg_lambda"": 1.0, ""subsample"": 0.7}",False,False,rebuilt,,,,,,
13d7098e19b78b2b,xgb,full,False,0.8093385214007782,0.0,0.7954743586742716,0.6132513174512999,68.42,"{""class_weight_mode"": ""balanced"", ""colsample_bytree"": 0.5, ""learning_rate"": 0.12, ""max_depth"": 4, ""min_child_weight"": 1, ""n_estimators"": 800, ""reg_lambda"": 5.0, ""subsample"": 0.9}",False,False,rebuilt,,,,,,
8de870effd211840,lgbm,full,False,0.8093385214007782,0.0,0.79249834720069,0.6009705600332708,118.23,"{""class_weight_mode"": ""none"", ""colsample_bytree"": 0.8, ""learning_rate"": 0.06, ""min_child_samples"": 20, ""n_estimators"": 800, ""num_leaves"": 31, ""reg_lambda"": 5.0, ""subsample"": 0.8, ""subsample_freq"": 1}",False,False,rebuilt,,,,,,
f06db08e899db433,xgb,full,False,0.8093385214007782,0.0,0.7918897462705932,0.5930450507054479,69.66,"{""class_weight_mode"": ""none"", ""colsample_bytree"": 0.8, ""learning_rate"": 0.06, ""max_depth"": 3, ""min_child_weight"": 3, ""n_estimators"": 800, ""reg_lambda"": 1.0, ""subsample"": 0.7}",False,False,rebuilt,,,,,,
8afe9bf6df2e7c24,lgbm,full,False,0.8093385214007782,0.0,0.7905407864528069,0.5744264143284243,46.6,"{""class_weight_mode"": ""none"", ""colsample_bytree"": 0.5, ""learning_rate"": 0.03, ""min_child_samples"": 10, ""n_estimators"": 400, ""num_leaves"": 63, ""reg_lambda"": 5.0, ""subsample"": 0.8, ""subsample_freq"": 1}",False,False,rebuilt,,,,,,
86b6ec59e8236fa1,lgbm,full,False,0.8093385214007782,0.0,0.7874660667207593,0.578398149877117,58.69,"{""class_weight_mode"": ""none"", ""colsample_bytree"": 0.5, ""learning_rate"": 0.03, ""min_child_samples"": 5, ""n_estimators"": 400, ""num_leaves"": 15, ""reg_lambda"": 5.0, ""subsample"": 0.8, ""subsample_freq"": 1}",False,False,rebuilt,,,,,,
e99836c9199a8ef3,lgbm,full,False,0.8093385214007782,0.0,0.7902896308310303,0.5733517886424184,79.49,"{""class_weight_mode"": ""none"", ""colsample_bytree"": 0.5, ""learning_rate"": 0.03, ""min_child_samples"": 20, ""n_estimators"": 800, ""num_leaves"": 31, ""reg_lambda"": 5.0, ""subsample"": 0.8, ""subsample_freq"": 1}",False,False,rebuilt,,,,,,
b0de8cc52634a9bf,lgbm,full,False,0.8093385214007782,0.0,0.790845067536199,0.5787234027034253,82.71,"{""class_weight_mode"": ""none"", ""colsample_bytree"": 0.5, ""learning_rate"": 0.06, ""min_child_samples"": 20, ""n_estimators"": 400, ""num_leaves"": 63, ""reg_lambda"": 5.0, ""subsample"": 0.8, ""subsample_freq"": 1}",False,False,rebuilt,,,,,,
c134d7563042be00,lgbm,full,False,0.8093385214007782,0.0,0.7889834818278161,0.5838778204542885,107.33,"{""class_weight_mode"": ""none"", ""colsample_bytree"": 0.8, ""learning_rate"": 0.03, ""min_child_samples"": 5, ""n_estimators"": 400, ""num_leaves"": 31, ""reg_lambda"": 5.0, ""subsample"": 0.8, ""subsample_freq"": 1}",False,False,rebuilt,,,,,,
b0339e0153cb91a0,lgbm,full,False,0.8093385214007782,0.0,0.790845067536199,0.5787234027034253,51.52,"{""class_weight_mode"": ""none"", ""colsample_bytree"": 0.5, ""learning_rate"": 0.06, ""min_child_samples"": 20, ""n_estimators"": 400, ""num_leaves"": 31, ""reg_lambda"": 5.0, ""subsample"": 0.8, ""subsample_freq"": 1}",False,False,rebuilt,,,,,,
d80389206435fa5f,et,full,False,0.8093385214007782,0.0,0.7951519896342614,0.5894958089414699,33.53,"{""class_weight_mode"": ""none"", ""max_depth"": null, ""max_features"": 0.3, ""min_samples_leaf"": 2, ""n_estimators"": 1200}",False,False,rebuilt,,,,,,
e0d884a2b4be0cb8,xgb,full,False,0.8093385214007782,0.0,0.7962903202310968,0.5776588159309087,109.0,"{""class_weight_mode"": ""balanced"", ""colsample_bytree"": 0.5, ""learning_rate"": 0.06, ""max_depth"": 8, ""min_child_weight"": 1, ""n_estimators"": 400, ""reg_lambda"": 5.0, ""subsample"": 0.9}",False,False,rebuilt,,,,,,
c4dc07e1fbd86449,lgbm,top120,False,0.8093385214007782,0.0,0.7897014831464317,0.5773629964571683,45.97,"{""class_weight_mode"": ""none"", ""colsample_bytree"": 0.5676825181131429, ""learning_rate"": 0.01814489860914451, ""min_child_samples"": 23, ""n_estimators"": 1400, ""num_leaves"": 94, ""reg_alpha"": 2.079305413205502, ""reg_lambda"": 0.0013840707434140888, ""subsample"": 0.7096278182609183, ""subsample_freq"": 1}",False,False,rebuilt,,,,,,
a11cb4b4e8f4cf8f,xgb,full,False,0.8093385214007782,0.0,0.7942602860768777,0.589321803400905,121.25,"{""class_weight_mode"": ""balanced"", ""colsample_bytree"": 0.4174043983684192, ""gamma"": 0.0010037939626238715, ""learning_rate"": 0.02709427055525786, ""max_depth"": 7, ""min_child_weight"": 4.938906164974324, ""n_estimators"": 1500, ""reg_alpha"": 0.0073766009497067955, ""reg_lambda"": 0.1337205712694987, ""subsample"": 0.9577024518138333}",False,False,rebuilt,,,,,,
c88ed616db7850bc,lgbm,full,False,0.8093385214007782,0.0,0.7913574421944917,0.5657514691313001,54.42,"{""class_weight_mode"": ""none"", ""colsample_bytree"": 0.5, ""learning_rate"": 0.03, ""min_child_samples"": 20, ""n_estimators"": 400, ""num_leaves"": 15, ""reg_lambda"": 5.0, ""subsample"": 0.8, ""subsample_freq"": 1}",False,False,rebuilt,,,,,,
07b36f586f8df23f,xgb,full,False,0.8093385214007782,0.0,0.792662802324924,0.5733298408429467,145.27,"{""class_weight_mode"": ""none"", ""colsample_bytree"": 0.8, ""learning_rate"": 0.03, ""max_depth"": 6, ""min_child_weight"": 3, ""n_estimators"": 800, ""reg_lambda"": 5.0, ""subsample"": 0.7}",False,False,rebuilt,,,,,,
430e38807cfa7ba6,xgb,full,False,0.8093385214007782,0.0,0.7932730827293872,0.5603237688869129,52.88,"{""class_weight_mode"": ""none"", ""colsample_bytree"": 0.5, ""learning_rate"": 0.06, ""max_depth"": 3, ""min_child_weight"": 1, ""n_estimators"": 400, ""reg_lambda"": 5.0, ""subsample"": 0.9}",False,False,rebuilt,,,,,,
680688fae81612d1,xgb,full,False,0.8093385214007782,0.0,0.790743757456003,0.5964868227272777,79.46,"{""class_weight_mode"": ""none"", ""colsample_bytree"": 0.5, ""learning_rate"": 0.06, ""max_depth"": 6, ""min_child_weight"": 1, ""n_estimators"": 400, ""reg_lambda"": 1.0, ""subsample"": 0.9}",False,False,rebuilt,,,,,,
c03c58e3682cdd9f,hgb,full,False,0.8093385214007782,0.0046692607003890885,0.7890367324935927,0.8350964687700065,284.44,"{""l2_regularization"": 0.0, ""learning_rate"": 0.1, ""max_iter"": 400, ""max_leaf_nodes"": 15, ""min_samples_leaf"": 20}",,,finalists,0.8093385214007783,0.007491325072992789,0.7915823902111653,0.7907958376218475,,/work/oof/hgb_c03c58e3682cdd9f.npz
4c969c90bd1c3ea3,xgb,full,False,0.8093385214007782,0.0,0.7980569151867203,0.6041134299229582,89.1,"{""class_weight_mode"": ""balanced"", ""colsample_bytree"": 0.8, ""learning_rate"": 0.12, ""max_depth"": 8, ""min_child_weight"": 1, ""n_estimators"": 400, ""reg_lambda"": 5.0, ""subsample"": 0.9}",False,False,rebuilt,,,,,,
d2d48ee727800b83,xgb,full,False,0.8093385214007782,0.0,0.7934011008667239,0.5878703890153539,64.64,"{""class_weight_mode"": ""none"", ""colsample_bytree"": 0.8, ""learning_rate"": 0.12, ""max_depth"": 8, ""min_child_weight"": 1, ""n_estimators"": 400, ""reg_lambda"": 5.0, ""subsample"": 0.9}",False,False,rebuilt,,,,,,
493e7985df1722a7,xgb,full,False,0.8093385214007782,0.0,0.7925340656195573,0.5845263110349285,149.07,"{""class_weight_mode"": ""none"", ""colsample_bytree"": 0.855656899828865, ""gamma"": 0.0007154909562597292, ""learning_rate"": 0.05078500432549543, ""max_depth"": 9, ""min_child_weight"": 2.134535994682287, ""n_estimators"": 1500, ""reg_alpha"": 0.43932865149258854, ""reg_lambda"": 0.23862634672673716, ""subsample"": 0.913472177180906}",False,False,rebuilt,,,,,,
16a69f8377aabe72,lgbm,full,False,0.8093385214007782,0.0,0.7875246720596787,0.6182577632435033,48.75,"{""class_weight_mode"": ""none"", ""colsample_bytree"": 0.5, ""learning_rate"": 0.12, ""min_child_samples"": 5, ""n_estimators"": 400, ""num_leaves"": 15, ""reg_lambda"": 5.0, ""subsample"": 0.8, ""subsample_freq"": 1}",False,False,rebuilt,,,,,,
1eb2e3406951f132,lgbm,full,False,0.8093385214007782,0.0,0.7891065219840676,0.5848883322190828,151.31,"{""class_weight_mode"": ""none"", ""colsample_bytree"": 0.8, ""learning_rate"": 0.03, ""min_child_samples"": 10, ""n_estimators"": 800, ""num_leaves"": 31, ""reg_lambda"": 5.0, ""subsample"": 0.8, ""subsample_freq"": 1}",False,False,rebuilt,,,,,,
082d8788000dbd8a,lgbm,full,False,0.8093385214007782,0.0,0.7889961760341999,0.5878297241833457,58.81,"{""class_weight_mode"": ""none"", ""colsample_bytree"": 0.5, ""learning_rate"": 0.06, ""min_child_samples"": 10, ""n_estimators"": 400, ""num_leaves"": 31, ""reg_lambda"": 5.0, ""subsample"": 0.8, ""subsample_freq"": 1}",False,False,rebuilt,,,,,,
fdc15bbd2c7b1d63,xgb,full,False,0.8093385214007782,0.0,0.7926303206247569,0.5739386232726573,105.98,"{""class_weight_mode"": ""none"", ""colsample_bytree"": 0.8, ""learning_rate"": 0.03, ""max_depth"": 3, ""min_child_weight"": 3, ""n_estimators"": 800, ""reg_lambda"": 5.0, ""subsample"": 0.7}",False,False,rebuilt,,,,,,
22c4bad4438a6af0,lgbm,full,False,0.8093385214007782,0.0,0.7943368087636923,0.6339227952872861,173.02,"{""class_weight_mode"": ""balanced"", ""colsample_bytree"": 0.8, ""learning_rate"": 0.12, ""min_child_samples"": 5, ""n_estimators"": 800, ""num_leaves"": 15, ""reg_lambda"": 5.0, ""subsample"": 0.8, ""subsample_freq"": 1}",False,False,rebuilt,,,,,,
57f1e7fc50d3f8b4,lgbm,full,False,0.8093385214007782,0.0,0.7944338377696093,0.9064688663038925,79.37,"{""class_weight_mode"": ""balanced"", ""colsample_bytree"": 0.8, ""learning_rate"": 0.12, ""min_child_samples"": 5, ""n_estimators"": 800, ""num_leaves"": 63, ""reg_lambda"": 0.0, ""subsample"": 0.8, ""subsample_freq"": 1}",False,False,rebuilt,,,,,,
19d23ed14681a519,xgb,full,False,0.8093385214007782,0.0,0.7934048568644814,0.6023254024622627,29.76,"{""class_weight_mode"": ""none"", ""colsample_bytree"": 0.5, ""learning_rate"": 0.12, ""max_depth"": 4, ""min_child_weight"": 3, ""n_estimators"": 400, ""reg_lambda"": 1.0, ""subsample"": 0.9}",False,False,rebuilt,,,,,,
568c3ea436800ebd,lgbm,full,False,0.8093385214007782,0.0,0.796160921728098,0.5985227192237939,87.08,"{""class_weight_mode"": ""balanced"", ""colsample_bytree"": 0.5, ""learning_rate"": 0.06, ""min_child_samples"": 10, ""n_estimators"": 800, ""num_leaves"": 15, ""reg_lambda"": 5.0, ""subsample"": 0.8, ""subsample_freq"": 1}",False,False,rebuilt,,,,,,
061a4a45e9fe5844,xgb,full,False,0.8093385214007782,0.0,0.7913594363531093,0.5812499582376115,115.81,"{""class_weight_mode"": ""none"", ""colsample_bytree"": 0.5, ""learning_rate"": 0.03, ""max_depth"": 4, ""min_child_weight"": 1, ""n_estimators"": 800, ""reg_lambda"": 1.0, ""subsample"": 0.7}",False,False,rebuilt,,,,,,
a83291da34b62eae,xgb,full,False,0.8093385214007782,0.0,0.7946344875268595,0.604893437858466,110.24,"{""class_weight_mode"": ""balanced"", ""colsample_bytree"": 0.8, ""learning_rate"": 0.06, ""max_depth"": 8, ""min_child_weight"": 1, ""n_estimators"": 400, ""reg_lambda"": 1.0, ""subsample"": 0.9}",False,False,rebuilt,,,,,,
c8d56388a4f61568,lgbm,full,False,0.8093385214007782,0.0,0.7979184833933763,0.6002983343079157,58.82,"{""class_weight_mode"": ""balanced"", ""colsample_bytree"": 0.5, ""learning_rate"": 0.12, ""min_child_samples"": 10, ""n_estimators"": 400, ""num_leaves"": 31, ""reg_lambda"": 5.0, ""subsample"": 0.8, ""subsample_freq"": 1}",False,False,rebuilt,,,,,,
9af6cb3b0790f3e8,lgbm,full,False,0.8093385214007782,0.0,0.7937512349793004,0.9008309622983172,60.2,"{""class_weight_mode"": ""balanced"", ""colsample_bytree"": 0.8, ""learning_rate"": 0.12, ""min_child_samples"": 5, ""n_estimators"": 400, ""num_leaves"": 63, ""reg_lambda"": 0.0, ""subsample"": 0.8, ""subsample_freq"": 1}",False,False,rebuilt,,,,,,
ca1f416bd5151f8f,lgbm,full,False,0.8093385214007782,0.0,0.7975902758155906,0.5827202353052763,96.82,"{""class_weight_mode"": ""balanced"", ""colsample_bytree"": 0.8, ""learning_rate"": 0.03, ""min_child_samples"": 5, ""n_estimators"": 400, ""num_leaves"": 31, ""reg_lambda"": 5.0, ""subsample"": 0.8, ""subsample_freq"": 1}",False,False,rebuilt,,,,,,
cad07b8db3a73c6d,lgbm,full,False,0.8093385214007782,0.0,0.7912684607587483,0.8522679697560986,74.48,"{""class_weight_mode"": ""none"", ""colsample_bytree"": 0.5, ""learning_rate"": 0.06, ""min_child_samples"": 10, ""n_estimators"": 400, ""num_leaves"": 63, ""reg_lambda"": 0.0, ""subsample"": 0.8, ""subsample_freq"": 1}",False,False,rebuilt,,,,,,
f34f5de340dafd5a,xgb,full,False,0.8093385214007782,0.0,0.7924147798189988,0.6019254006935726,95.88,"{""class_weight_mode"": ""none"", ""colsample_bytree"": 0.942304438767373, ""gamma"": 0.0002188763968899119, ""learning_rate"": 0.049266792565162414, ""max_depth"": 4, ""min_child_weight"": 0.5432974919017028, ""n_estimators"": 400, ""reg_alpha"": 0.10087332790508796, ""reg_lambda"": 0.4803765390298373, ""subsample"": 0.9937154302324256}",False,False,rebuilt,,,,,,
6b6d9f4af40d82e1,xgb,full,False,0.8093385214007782,0.0,0.792901316327262,0.612269734393275,79.01,"{""class_weight_mode"": ""none"", ""colsample_bytree"": 0.5, ""learning_rate"": 0.06, ""max_depth"": 8, ""min_child_weight"": 1, ""n_estimators"": 800, ""reg_lambda"": 1.0, ""subsample"": 0.9}",False,False,rebuilt,,,,,,
b92956414e748c44,xgb,full,False,0.8093385214007782,0.0,0.7916700980223937,0.5708923799799759,168.12,"{""class_weight_mode"": ""none"", ""colsample_bytree"": 0.5, ""learning_rate"": 0.03, ""max_depth"": 8, ""min_child_weight"": 1, ""n_estimators"": 400, ""reg_lambda"": 5.0, ""subsample"": 0.9}",False,False,rebuilt,,,,,,
bc9d6f4a5b69ece3,xgb,full,False,0.8093385214007782,0.0,0.8003683903236218,0.6183990060067636,41.1,"{""class_weight_mode"": ""balanced"", ""colsample_bytree"": 0.5, ""learning_rate"": 0.12, ""max_depth"": 4, ""min_child_weight"": 3, ""n_estimators"": 800, ""reg_lambda"": 1.0, ""subsample"": 0.7}",False,False,rebuilt,,,,,,
fcd2c5f75406c433,lgbm,full,False,0.8093385214007782,0.0,0.7975696349151182,0.5786094534642273,56.58,"{""class_weight_mode"": ""balanced"", ""colsample_bytree"": 0.8, ""learning_rate"": 0.03, ""min_child_samples"": 10, ""n_estimators"": 400, ""num_leaves"": 15, ""reg_lambda"": 5.0, ""subsample"": 0.8, ""subsample_freq"": 1}",False,False,rebuilt,,,,,,
155bc4cc070cdeb1,xgb,full,False,0.8093385214007782,0.0,0.7931470241283395,0.5923758643111975,48.28,"{""class_weight_mode"": ""none"", ""colsample_bytree"": 0.5, ""learning_rate"": 0.12, ""max_depth"": 8, ""min_child_weight"": 1, ""n_estimators"": 400, ""reg_lambda"": 5.0, ""subsample"": 0.7}",False,False,rebuilt,,,,,,
b8f009f99488160f,xgb,full,False,0.8093385214007782,0.0,0.7943986170329189,0.6190167719229507,43.81,"{""class_weight_mode"": ""none"", ""colsample_bytree"": 0.5, ""learning_rate"": 0.12, ""max_depth"": 8, ""min_child_weight"": 3, ""n_estimators"": 800, ""reg_lambda"": 1.0, ""subsample"": 0.7}",False,False,rebuilt,,,,,,
74d3974ace1ebb31,xgb,top120,False,0.8093385214007782,0.0,0.7891871803343642,0.582863782308348,139.99,"{""class_weight_mode"": ""none"", ""colsample_bytree"": 0.9779916887815425, ""gamma"": 0.0014679454610006392, ""learning_rate"": 0.01598358509355205, ""max_depth"": 10, ""min_child_weight"": 6.683227525702926, ""n_estimators"": 1300, ""reg_alpha"": 0.07011256821704218, ""reg_lambda"": 0.4180231041122254, ""subsample"": 0.9240917182526112}",False,False,rebuilt,,,,,,
af1af30744517995,xgb,full,False,0.8093385214007782,0.0,0.7979834616074185,0.5898859780930078,84.72,"{""class_weight_mode"": ""balanced"", ""colsample_bytree"": 0.8376791773044022, ""gamma"": 0.00018088510160115456, ""learning_rate"": 0.09094540314400609, ""max_depth"": 5, ""min_child_weight"": 4.746775497898905, ""n_estimators"": 700, ""reg_alpha"": 0.04650675919553505, ""reg_lambda"": 11.54706951578724, ""subsample"": 0.8915128506384137}",False,False,rebuilt,,,,,,
f4b458513ab96828,xgb,full,False,0.8093385214007782,0.0,0.7967087141853341,0.6029073110125426,71.6,"{""class_weight_mode"": ""balanced"", ""colsample_bytree"": 0.8, ""learning_rate"": 0.12, ""max_depth"": 6, ""min_child_weight"": 1, ""n_estimators"": 400, ""reg_lambda"": 5.0, ""subsample"": 0.9}",False,False,rebuilt,,,,,,
e72c4e7caf06a8b8,lgbm,top120,False,0.8093385214007782,0.0,0.7921762034833528,0.6109713214653251,47.56,"{""class_weight_mode"": ""balanced"", ""colsample_bytree"": 0.5038603981386294, ""learning_rate"": 0.024878734419814436, ""min_child_samples"": 22, ""n_estimators"": 500, ""num_leaves"": 23, ""reg_alpha"": 0.003280829084730048, ""reg_lambda"": 0.42815168066077464, ""subsample"": 0.7159725093210578, ""subsample_freq"": 1}",False,False,rebuilt,,,,,,
6367facd8ef59345,lgbm,full,False,0.8093385214007782,0.0,0.7913446210680285,0.9068127052808176,64.65,"{""class_weight_mode"": ""none"", ""colsample_bytree"": 0.5, ""learning_rate"": 0.12, ""min_child_samples"": 10, ""n_estimators"": 800, ""num_leaves"": 63, ""reg_lambda"": 0.0, ""subsample"": 0.8, ""subsample_freq"": 1}",False,False,rebuilt,,,,,,
ccaa6bac55e3ad5c,lgbm,full,False,0.8093385214007782,0.0,0.7878424466071174,0.5926683107651562,83.61,"{""class_weight_mode"": ""none"", ""colsample_bytree"": 0.5, ""learning_rate"": 0.06, ""min_child_samples"": 5, ""n_estimators"": 400, ""num_leaves"": 31, ""reg_lambda"": 5.0, ""subsample"": 0.8, ""subsample_freq"": 1}",False,False,rebuilt,,,,,,
c4941d2a2a5cf331,xgb,full,False,0.8093385214007782,0.0,0.7988898860395385,0.6357697600914571,42.26,"{""class_weight_mode"": ""balanced"", ""colsample_bytree"": 0.8, ""learning_rate"": 0.12, ""max_depth"": 4, ""min_child_weight"": 3, ""n_estimators"": 800, ""reg_lambda"": 1.0, ""subsample"": 0.7}",False,False,rebuilt,,,,,,
40847234d3365ab6,xgb,full,False,0.8093385214007782,0.0,0.796503578124699,0.5802428408546036,80.69,"{""class_weight_mode"": ""balanced"", ""colsample_bytree"": 0.8, ""learning_rate"": 0.06, ""max_depth"": 4, ""min_child_weight"": 1, ""n_estimators"": 400, ""reg_lambda"": 5.0, ""subsample"": 0.7}",False,False,rebuilt,,,,,,
40cce08865933eda,xgb,full,False,0.8093385214007782,0.0,0.7966818462245066,0.5984670977078962,83.98,"{""class_weight_mode"": ""balanced"", ""colsample_bytree"": 0.5, ""learning_rate"": 0.12, ""max_depth"": 4, ""min_child_weight"": 1, ""n_estimators"": 400, ""reg_lambda"": 5.0, ""subsample"": 0.7}",False,False,rebuilt,,,,,,
38a1f07c581e0c03,lgbm,full,False,0.8093385214007782,0.0,0.7926220235512035,0.7786030466055784,74.57,"{""class_weight_mode"": ""balanced"", ""colsample_bytree"": 0.5, ""learning_rate"": 0.03, ""min_child_samples"": 10, ""n_estimators"": 400, ""num_leaves"": 15, ""reg_lambda"": 0.0, ""subsample"": 0.8, ""subsample_freq"": 1}",False,False,rebuilt,,,,,,
d92a7b12ead8ca8d,xgb,full,False,0.8093385214007782,0.0,0.792641145972542,0.5828893150446006,72.01,"{""class_weight_mode"": ""none"", ""colsample_bytree"": 0.5, ""learning_rate"": 0.06, ""max_depth"": 6, ""min_child_weight"": 3, ""n_estimators"": 800, ""reg_lambda"": 5.0, ""subsample"": 0.7}",False,False,rebuilt,,,,,,
38833d56a49a934e,xgb,full,False,0.8093385214007782,0.0,0.7979895546308396,0.5900992069924643,103.14,"{""class_weight_mode"": ""balanced"", ""colsample_bytree"": 0.8, ""learning_rate"": 0.03, ""max_depth"": 6, ""min_child_weight"": 3, ""n_estimators"": 400, ""reg_lambda"": 5.0, ""subsample"": 0.7}",False,False,rebuilt,,,,,,
229b3c44d77fe6d5,xgb,full,False,0.8093385214007782,0.0,0.7973795225422836,0.6169432136426425,45.6,"{""class_weight_mode"": ""balanced"", ""colsample_bytree"": 0.5, ""learning_rate"": 0.12, ""max_depth"": 8, ""min_child_weight"": 1, ""n_estimators"": 400, ""reg_lambda"": 1.0, ""subsample"": 0.7}",False,False,rebuilt,,,,,,
2c0cbcb45d018a7e,xgb,full,False,0.8093385214007782,0.0,0.7987473557066883,0.5828447339062869,53.11,"{""class_weight_mode"": ""balanced"", ""colsample_bytree"": 0.5, ""learning_rate"": 0.06, ""max_depth"": 8, ""min_child_weight"": 3, ""n_estimators"": 400, ""reg_lambda"": 1.0, ""subsample"": 0.7}",False,False,rebuilt,,,,,,
fb37bd5c428d7573,xgb,full,False,0.8093385214007782,0.0,0.7979746433091799,0.6116384999827086,56.76,"{""class_weight_mode"": ""balanced"", ""colsample_bytree"": 0.8, ""learning_rate"": 0.12, ""max_depth"": 8, ""min_child_weight"": 3, ""n_estimators"": 800, ""reg_lambda"": 5.0, ""subsample"": 0.7}",False,False,rebuilt,,,,,,
3d27243a48d01b7d,xgb,full,False,0.8093385214007782,0.0,0.7947072330389466,0.5801374689872505,37.25,"{""class_weight_mode"": ""none"", ""colsample_bytree"": 0.5, ""learning_rate"": 0.12, ""max_depth"": 8, ""min_child_weight"": 3, ""n_estimators"": 400, ""reg_lambda"": 5.0, ""subsample"": 0.9}",False,False,rebuilt,,,,,,
4f4244902f2c3fe7,lgbm,full,False,0.8093385214007782,0.0,0.7972332199225863,0.5836900727906985,61.65,"{""class_weight_mode"": ""balanced"", ""colsample_bytree"": 0.5, ""learning_rate"": 0.06, ""min_child_samples"": 10, ""n_estimators"": 400, ""num_leaves"": 31, ""reg_lambda"": 5.0, ""subsample"": 0.8, ""subsample_freq"": 1}",False,False,rebuilt,,,,,,
2707debde18b4a35,xgb,full,False,0.8093385214007782,0.0,0.7908382822996276,0.572928804707061,270.88,"{""class_weight_mode"": ""none"", ""colsample_bytree"": 0.8, ""learning_rate"": 0.03, ""max_depth"": 8, ""min_child_weight"": 1, ""n_estimators"": 800, ""reg_lambda"": 5.0, ""subsample"": 0.9}",False,False,rebuilt,,,,,,
fb8c03e969b60fa0,xgb,full,False,0.8093385214007782,0.0,0.7982200024476147,0.5689044218534647,35.9,"{""class_weight_mode"": ""balanced"", ""colsample_bytree"": 0.5, ""learning_rate"": 0.06, ""max_depth"": 3, ""min_child_weight"": 3, ""n_estimators"": 400, ""reg_lambda"": 5.0, ""subsample"": 0.9}",False,False,rebuilt,,,,,,
504934e076e79c88,lgbm,full,False,0.8093385214007782,0.0,0.793453864507689,0.6102332715632149,79.16,"{""class_weight_mode"": ""balanced"", ""colsample_bytree"": 0.5, ""learning_rate"": 0.12, ""min_child_samples"": 5, ""n_estimators"": 400, ""num_leaves"": 15, ""reg_lambda"": 5.0, ""subsample"": 0.8, ""subsample_freq"": 1}",False,False,rebuilt,,,,,,
e90fc387733ccdee,xgb,full,False,0.8093385214007782,0.0,0.7991413616545942,0.5902619371244283,44.63,"{""class_weight_mode"": ""balanced"", ""colsample_bytree"": 0.8, ""learning_rate"": 0.06, ""max_depth"": 4, ""min_child_weight"": 3, ""n_estimators"": 400, ""reg_lambda"": 1.0, ""subsample"": 0.7}",False,False,rebuilt,,,,,,
3a6235f2c0ca0e8e,lgbm,full,False,0.8093385214007782,0.0,0.7923563266741772,0.6427664552753377,144.04,"{""class_weight_mode"": ""none"", ""colsample_bytree"": 0.8, ""learning_rate"": 0.12, ""min_child_samples"": 5, ""n_estimators"": 800, ""num_leaves"": 15, ""reg_lambda"": 5.0, ""subsample"": 0.8, ""subsample_freq"": 1}",False,False,rebuilt,,,,,,
d6ed4a9b6f962846,xgb,full,False,0.8093385214007782,0.0,0.7918757419686238,0.6142521283775575,93.71,"{""class_weight_mode"": ""none"", ""colsample_bytree"": 0.8676171264017893, ""gamma"": 0.0015938451721789865, ""learning_rate"": 0.09043650400975795, ""max_depth"": 9, ""min_child_weight"": 7.474119776296012, ""n_estimators"": 1200, ""reg_alpha"": 0.008990282179659397, ""reg_lambda"": 0.4114214863067501, ""subsample"": 0.8243321885686946}",False,False,rebuilt,,,,,,
2a9762b85e31e00b,lgbm,full,False,0.8093385214007782,0.0,0.7885663767713247,0.5932389518531802,170.13,"{""class_weight_mode"": ""none"", ""colsample_bytree"": 0.8, ""learning_rate"": 0.03, ""min_child_samples"": 5, ""n_estimators"": 800, ""num_leaves"": 63, ""reg_lambda"": 5.0, ""subsample"": 0.8, ""subsample_freq"": 1}",False,False,rebuilt,,,,,,
05f759cb78222467,lgbm,full,False,0.8093385214007782,0.0,0.7900360177460329,0.5745794896742508,51.85,"{""class_weight_mode"": ""none"", ""colsample_bytree"": 0.5, ""learning_rate"": 0.03, ""min_child_samples"": 10, ""n_estimators"": 400, ""num_leaves"": 31, ""reg_lambda"": 5.0, ""subsample"": 0.8, ""subsample_freq"": 1}",False,False,rebuilt,,,,,,
2cd870e4a39cd11d,lgbm,full,False,0.8093385214007782,0.0,0.790468599796014,0.635984014492089,130.03,"{""class_weight_mode"": ""none"", ""colsample_bytree"": 0.5, ""learning_rate"": 0.12, ""min_child_samples"": 5, ""n_estimators"": 800, ""num_leaves"": 31, ""reg_lambda"": 5.0, ""subsample"": 0.8, ""subsample_freq"": 1}",False,False,rebuilt,,,,,,
359cce8d0a15e0a6,xgb,full,False,0.8093385214007782,0.0,0.7987751297417947,0.5766135509962352,32.55,"{""class_weight_mode"": ""balanced"", ""colsample_bytree"": 0.5, ""learning_rate"": 0.06, ""max_depth"": 3, ""min_child_weight"": 1, ""n_estimators"": 400, ""reg_lambda"": 1.0, ""subsample"": 0.9}",False,False,rebuilt,,,,,,
4a3f89552ac2baba,xgb,full,False,0.8093385214007782,0.0,0.7961257903553423,0.5983751583201259,54.08,"{""class_weight_mode"": ""balanced"", ""colsample_bytree"": 0.8, ""learning_rate"": 0.12, ""max_depth"": 4, ""min_child_weight"": 1, ""n_estimators"": 400, ""reg_lambda"": 5.0, ""subsample"": 0.9}",False,False,rebuilt,,,,,,
12093254706c1e34,hgb,full,False,0.8085603112840467,0.0,0.7934435133944965,0.6724232900775848,121.93,"{""l2_regularization"": 1.0, ""learning_rate"": 0.1, ""max_iter"": 400, ""max_leaf_nodes"": 31, ""min_samples_leaf"": 20}",False,False,rebuilt,,,,,,
6a0500af7628a7c1,xgb,full,False,0.8085603112840467,0.0,0.795878508278745,0.6755764894406929,83.28,"{""class_weight_mode"": ""none"", ""colsample_bytree"": 0.9560385041033763, ""gamma"": 0.00017355659614804128, ""learning_rate"": 0.18885556214484492, ""max_depth"": 8, ""min_child_weight"": 0.715704633228861, ""n_estimators"": 900, ""reg_alpha"": 0.0016574410416826612, ""reg_lambda"": 0.20056584366361654, ""subsample"": 0.6024592013834705}",False,False,rebuilt,,,,,,
0f54d337b9ed159f,xgb,full,False,0.8085603112840467,0.0,0.7893672549364962,0.5978804232199086,38.35,"{""class_weight_mode"": ""none"", ""colsample_bytree"": 0.8, ""learning_rate"": 0.12, ""max_depth"": 6, ""min_child_weight"": 3, ""n_estimators"": 400, ""reg_lambda"": 1.0, ""subsample"": 0.9}",False,False,rebuilt,,,,,,
8c925f0cae464320,xgb,full,False,0.8085603112840467,0.0,0.7904927748690369,0.5853261325811885,181.81,"{""class_weight_mode"": ""none"", ""colsample_bytree"": 0.8, ""learning_rate"": 0.06, ""max_depth"": 6, ""min_child_weight"": 1, ""n_estimators"": 800, ""reg_lambda"": 5.0, ""subsample"": 0.9}",False,False,rebuilt,,,,,,
56349228fe0efbc2,xgb,full,False,0.8085603112840467,0.0,0.7905060223077439,0.5781034961876261,206.37,"{""class_weight_mode"": ""none"", ""colsample_bytree"": 0.9023715161387962, ""gamma"": 0.0007669469617489358, ""learning_rate"": 0.022786170400777468, ""max_depth"": 7, ""min_child_weight"": 1.1949978962806604, ""n_estimators"": 700, ""reg_alpha"": 0.003604153081820637, ""reg_lambda"": 0.5871601095666883, ""subsample"": 0.6820305586798664}",False,False,rebuilt,,,,,,
10204242814db316,lgbm,full,False,0.8085603112840467,0.0,0.7890729142180808,0.5819546523947403,55.48,"{""class_weight_mode"": ""none"", ""colsample_bytree"": 0.8, ""learning_rate"": 0.06, ""min_child_samples"": 20, ""n_estimators"": 400, ""num_leaves"": 31, ""reg_lambda"": 5.0, ""subsample"": 0.8, ""subsample_freq"": 1}",False,False,rebuilt,,,,,,
112975b4721b74fd,lgbm,full,False,0.8085603112840467,0.0,0.7888015652231516,0.6162437759347104,141.29,"{""class_weight_mode"": ""none"", ""colsample_bytree"": 0.8, ""learning_rate"": 0.06, ""min_child_samples"": 5, ""n_estimators"": 800, ""num_leaves"": 15, ""reg_lambda"": 5.0, ""subsample"": 0.8, ""subsample_freq"": 1}",False,False,rebuilt,,,,,,
49a9c2d7e79e2d02,xgb,full,False,0.8085603112840467,0.0,0.7926228445135888,0.5774474823826017,96.58,"{""class_weight_mode"": ""balanced"", ""colsample_bytree"": 0.5, ""learning_rate"": 0.03, ""max_depth"": 6, ""min_child_weight"": 1, ""n_estimators"": 400, ""reg_lambda"": 1.0, ""subsample"": 0.9}",False,False,rebuilt,,,,,,
54ec7613329ffba7,xgb,top120,False,0.8085603112840467,0.0,0.7940744305404593,0.5855784609386201,58.6,"{""class_weight_mode"": ""balanced"", ""colsample_bytree"": 0.6085054511070717, ""gamma"": 0.011733409656687852, ""learning_rate"": 0.04231279828937768, ""max_depth"": 4, ""min_child_weight"": 1.7974785316489077, ""n_estimators"": 600, ""reg_alpha"": 0.14425206052293968, ""reg_lambda"": 0.5825873565318768, ""subsample"": 0.693974914126405}",False,False,rebuilt,,,,,,
598b7e0564c557a6,xgb,full,False,0.8085603112840467,0.0,0.7959288460237084,0.5763527043851765,68.81,"{""class_weight_mode"": ""balanced"", ""colsample_bytree"": 0.8, ""learning_rate"": 0.03, ""max_depth"": 4, ""min_child_weight"": 3, ""n_estimators"": 400, ""reg_lambda"": 1.0, ""subsample"": 0.7}",False,False,rebuilt,,,,,,
2ed7614f6617b680,lgbm,full,False,0.8085603112840467,0.0,0.7964062577230127,0.5809604400796071,146.13,"{""class_weight_mode"": ""balanced"", ""colsample_bytree"": 0.5, ""learning_rate"": 0.03, ""min_child_samples"": 10, ""n_estimators"": 800, ""num_leaves"": 31, ""reg_lambda"": 5.0, ""subsample"": 0.8, ""subsample_freq"": 1}",False,False,rebuilt,,,,,,
d39d659e3e469d91,xgb,full,False,0.8085603112840467,0.0,0.7892058754459825,0.5729901843193296,88.65,"{""class_weight_mode"": ""none"", ""colsample_bytree"": 0.5, ""learning_rate"": 0.03, ""max_depth"": 6, ""min_child_weight"": 1, ""n_estimators"": 400, ""reg_lambda"": 1.0, ""subsample"": 0.9}",False,False,rebuilt,,,,,,
92c3d81b616b3ea0,et,full,False,0.8085603112840467,0.0,0.7935270036625542,0.5892472010860993,19.96,"{""class_weight_mode"": ""none"", ""max_depth"": null, ""max_features"": 0.3, ""min_samples_leaf"": 2, ""n_estimators"": 600}",False,False,rebuilt,,,,,,
bf5ff9ae2ff10ac7,lgbm,full,False,0.8085603112840467,0.0,0.795896818730489,0.8680197343360397,81.77,"{""class_weight_mode"": ""none"", ""colsample_bytree"": 0.8, ""learning_rate"": 0.06, ""min_child_samples"": 10, ""n_estimators"": 400, ""num_leaves"": 31, ""reg_lambda"": 0.0, ""subsample"": 0.8, ""subsample_freq"": 1}",False,False,rebuilt,,,,,,
d9095ae731145703,xgb,full,False,0.8085603112840467,0.0,0.7968134497170367,0.5777188355308824,89.59,"{""class_weight_mode"": ""balanced"", ""colsample_bytree"": 0.8, ""learning_rate"": 0.03, ""max_depth"": 8, ""min_child_weight"": 3, ""n_estimators"": 400, ""reg_lambda"": 5.0, ""subsample"": 0.9}",False,False,rebuilt,,,,,,
de1ba359c57d1c84,xgb,full,False,0.8085603112840467,0.0,0.7902289328554952,0.5879007044458419,62.5,"{""class_weight_mode"": ""none"", ""colsample_bytree"": 0.7741760023227393, ""gamma"": 0.015042721726221137, ""learning_rate"": 0.09717751720788792, ""max_depth"": 6, ""min_child_weight"": 6.125236064715604, ""n_estimators"": 1000, ""reg_alpha"": 0.48526543401183986, ""reg_lambda"": 1.1670896533796895, ""subsample"": 0.825641204926276}",False,False,rebuilt,,,,,,
fd9ba34c849cf02f,xgb,full,False,0.8085603112840467,0.0,0.7948924694812712,0.5789137227544344,74.1,"{""class_weight_mode"": ""none"", ""colsample_bytree"": 0.5, ""learning_rate"": 0.06, ""max_depth"": 8, ""min_child_weight"": 3, ""n_estimators"": 800, ""reg_lambda"": 5.0, ""subsample"": 0.9}",False,False,rebuilt,,,,,,
91dc9bea0398f772,lgbm,full,False,0.8085603112840467,0.0,0.7890729142180808,0.5819546523947403,67.53,"{""class_weight_mode"": ""none"", ""colsample_bytree"": 0.8, ""learning_rate"": 0.06, ""min_child_samples"": 20, ""n_estimators"": 400, ""num_leaves"": 63, ""reg_lambda"": 5.0, ""subsample"": 0.8, ""subsample_freq"": 1}",False,False,rebuilt,,,,,,
96371bcf4c5bd242,lgbm,full,False,0.8085603112840467,0.0,0.7879868896356301,0.5838030439252866,85.32,"{""class_weight_mode"": ""none"", ""colsample_bytree"": 0.8, ""learning_rate"": 0.03, ""min_child_samples"": 5, ""n_estimators"": 400, ""num_leaves"": 63, ""reg_lambda"": 5.0, ""subsample"": 0.8, ""subsample_freq"": 1}",False,False,rebuilt,,,,,,
7beb010e127334e4,xgb,full,False,0.8085603112840467,0.0,0.789629394172308,0.6099032124074587,58.57,"{""class_weight_mode"": ""none"", ""colsample_bytree"": 0.5, ""learning_rate"": 0.12, ""max_depth"": 3, ""min_child_weight"": 3, ""n_estimators"": 800, ""reg_lambda"": 5.0, ""subsample"": 0.7}",False,False,rebuilt,,,,,,
507010e2dc1e0fa8,lgbm,full,False,0.8085603112840467,0.0,0.7882848792708096,0.6407945595426525,119.97,"{""class_weight_mode"": ""none"", ""colsample_bytree"": 0.5, ""learning_rate"": 0.12, ""min_child_samples"": 5, ""n_estimators"": 800, ""num_leaves"": 15, ""reg_lambda"": 5.0, ""subsample"": 0.8, ""subsample_freq"": 1}",False,False,rebuilt,,,,,,
fad9210dd2dd8ac9,lgbm,full,False,0.8085603112840467,0.0,0.7907558812978446,0.8899058626858357,47.21,"{""class_weight_mode"": ""balanced"", ""colsample_bytree"": 0.5, ""learning_rate"": 0.06, ""min_child_samples"": 10, ""n_estimators"": 800, ""num_leaves"": 15, ""reg_lambda"": 0.0, ""subsample"": 0.8, ""subsample_freq"": 1}",False,False,rebuilt,,,,,,
1a0662a4de98a54c,xgb,full,False,0.8085603112840467,0.0,0.790783969218867,0.6393204076841853,78.22,"{""class_weight_mode"": ""none"", ""colsample_bytree"": 0.8, ""learning_rate"": 0.12, ""max_depth"": 6, ""min_child_weight"": 1, ""n_estimators"": 800, ""reg_lambda"": 1.0, ""subsample"": 0.7}",False,False,rebuilt,,,,,,
a044410932b37e13,xgb,full,False,0.8085603112840467,0.0,0.793264896082756,0.5810856423502951,161.03,"{""class_weight_mode"": ""balanced"", ""colsample_bytree"": 0.37647112000468314, ""gamma"": 0.00523321024865534, ""learning_rate"": 0.07427022534368016, ""max_depth"": 4, ""min_child_weight"": 0.8317364790242524, ""n_estimators"": 1200, ""reg_alpha"": 0.011489306252205232, ""reg_lambda"": 18.614238581617546, ""subsample"": 0.8791284934439754}",False,False,rebuilt,,,,,,
10669eaeafa789ca,xgb,full,False,0.8085603112840467,0.0,0.7919315441088511,0.5756128140579114,90.68,"{""class_weight_mode"": ""none"", ""colsample_bytree"": 0.8, ""learning_rate"": 0.06, ""max_depth"": 4, ""min_child_weight"": 3, ""n_estimators"": 400, ""reg_lambda"": 5.0, ""subsample"": 0.7}",False,False,rebuilt,,,,,,
3b6e944f10fcb049,xgb,full,False,0.8085603112840467,0.0,0.7987937780948433,0.5798378607115909,138.04,"{""class_weight_mode"": ""balanced"", ""colsample_bytree"": 0.8, ""learning_rate"": 0.03, ""max_depth"": 8, ""min_child_weight"": 3, ""n_estimators"": 800, ""reg_lambda"": 5.0, ""subsample"": 0.7}",False,False,rebuilt,,,,,,
39fc5d904019c51b,lgbm,full,False,0.8085603112840467,0.0,0.7920562341735655,0.5642613386861919,42.74,"{""class_weight_mode"": ""none"", ""colsample_bytree"": 0.6640476148244676, ""learning_rate"": 0.02171103454376615, ""min_child_samples"": 28, ""n_estimators"": 300, ""num_leaves"": 88, ""reg_alpha"": 0.0048280425192712886, ""reg_lambda"": 0.22460390897586935, ""subsample"": 0.6558555380447055, ""subsample_freq"": 1}",False,False,rebuilt,,,,,,
324e667b81cee070,xgb,full,False,0.8085603112840467,0.0,0.7922797697088947,0.5738845504247642,79.24,"{""class_weight_mode"": ""none"", ""colsample_bytree"": 0.8, ""learning_rate"": 0.03, ""max_depth"": 3, ""min_child_weight"": 3, ""n_estimators"": 800, ""reg_lambda"": 1.0, ""subsample"": 0.7}",False,False,rebuilt,,,,,,
113b896d046207ed,xgb,full,False,0.8085603112840467,0.0,0.7950610853293631,0.6073010036781645,23.76,"{""class_weight_mode"": ""balanced"", ""colsample_bytree"": 0.5, ""learning_rate"": 0.12, ""max_depth"": 4, ""min_child_weight"": 3, ""n_estimators"": 400, ""reg_lambda"": 1.0, ""subsample"": 0.9}",False,False,rebuilt,,,,,,
504d3e81f702f4ea,xgb,full,False,0.8085603112840467,0.0,0.7948967510662197,0.5732061908188756,99.8,"{""class_weight_mode"": ""balanced"", ""colsample_bytree"": 0.5, ""learning_rate"": 0.03, ""max_depth"": 8, ""min_child_weight"": 3, ""n_estimators"": 800, ""reg_lambda"": 5.0, ""subsample"": 0.9}",False,False,rebuilt,,,,,,
917d88b98fa5c49e,xgb,full,False,0.8085603112840467,0.0,0.7970158592787102,0.5916625942627973,99.54,"{""class_weight_mode"": ""balanced"", ""colsample_bytree"": 0.8, ""learning_rate"": 0.06, ""max_depth"": 4, ""min_child_weight"": 3, ""n_estimators"": 800, ""reg_lambda"": 5.0, ""subsample"": 0.7}",False,False,rebuilt,,,,,,
4ffc37477c2fe47d,xgb,full,False,0.8085603112840467,0.0,0.7968389868474604,0.579652589599528,57.17,"{""class_weight_mode"": ""balanced"", ""colsample_bytree"": 0.5, ""learning_rate"": 0.06, ""max_depth"": 8, ""min_child_weight"": 3, ""n_estimators"": 400, ""reg_lambda"": 5.0, ""subsample"": 0.7}",False,False,rebuilt,,,,,,
3a4cb4353a3f4843,xgb,full,False,0.8085603112840467,0.0,0.7924957608363457,0.575665093102774,58.67,"{""class_weight_mode"": ""none"", ""colsample_bytree"": 0.8, ""learning_rate"": 0.06, ""max_depth"": 8, ""min_child_weight"": 3, ""n_estimators"": 400, ""reg_lambda"": 5.0, ""subsample"": 0.7}",False,False,rebuilt,,,,,,
dc27c68c6d283714,xgb,full,False,0.8085603112840467,0.0,0.792139022652632,0.5663730174055278,120.32,"{""class_weight_mode"": ""none"", ""colsample_bytree"": 0.5, ""learning_rate"": 0.03, ""max_depth"": 6, ""min_child_weight"": 1, ""n_estimators"": 400, ""reg_lambda"": 5.0, ""subsample"": 0.9}",False,False,rebuilt,,,,,,
fc31ce8995e453b4,xgb,full,False,0.8085603112840467,0.0,0.7966576117473287,0.5928354796440763,36.42,"{""class_weight_mode"": ""balanced"", ""colsample_bytree"": 0.5, ""learning_rate"": 0.12, ""max_depth"": 3, ""min_child_weight"": 1, ""n_estimators"": 400, ""reg_lambda"": 5.0, ""subsample"": 0.9}",False,False,rebuilt,,,,,,
195007af91e413ef,xgb,full,False,0.8085603112840467,0.0,0.7890025012041947,0.5788563276426947,132.59,"{""class_weight_mode"": ""none"", ""colsample_bytree"": 0.8, ""learning_rate"": 0.03, ""max_depth"": 6, ""min_child_weight"": 3, ""n_estimators"": 800, ""reg_lambda"": 1.0, ""subsample"": 0.9}",False,False,rebuilt,,,,,,
a18b4aced83d510a,xgb,full,False,0.8085603112840467,0.0,0.7921766012119361,0.5729227583990311,51.15,"{""class_weight_mode"": ""none"", ""colsample_bytree"": 0.8, ""learning_rate"": 0.06, ""max_depth"": 3, ""min_child_weight"": 3, ""n_estimators"": 400, ""reg_lambda"": 5.0, ""subsample"": 0.7}",False,False,rebuilt,,,,,,
6ebdce2d1d448a1b,xgb,full,False,0.8085603112840467,0.0,0.7951788997380508,0.5715075559522901,60.38,"{""class_weight_mode"": ""balanced"", ""colsample_bytree"": 0.5, ""learning_rate"": 0.03, ""max_depth"": 4, ""min_child_weight"": 3, ""n_estimators"": 400, ""reg_lambda"": 1.0, ""subsample"": 0.7}",False,False,rebuilt,,,,,,
bfb4039aafec0b57,et,full,False,0.8085603112840467,0.0,0.798751966743951,0.578249195552223,45.61,"{""class_weight_mode"": ""none"", ""max_depth"": 16, ""max_features"": 0.3, ""min_samples_leaf"": 1, ""n_estimators"": 1200}",False,False,rebuilt,,,,,,
7231396216a8c124,xgb,full,False,0.8085603112840467,0.0,0.789834332047465,0.5707672799832598,104.91,"{""class_weight_mode"": ""none"", ""colsample_bytree"": 0.8, ""learning_rate"": 0.03, ""max_depth"": 6, ""min_child_weight"": 1, ""n_estimators"": 400, ""reg_lambda"": 1.0, ""subsample"": 0.7}",False,False,rebuilt,,,,,,
3660938a77aa8887,xgb,full,False,0.8085603112840467,0.0,0.7923084568128185,0.6038534279411474,92.49,"{""class_weight_mode"": ""none"", ""colsample_bytree"": 0.8, ""learning_rate"": 0.12, ""max_depth"": 8, ""min_child_weight"": 1, ""n_estimators"": 800, ""reg_lambda"": 5.0, ""subsample"": 0.9}",False,False,rebuilt,,,,,,
651c77ee3906f828,xgb,full,False,0.8085603112840467,0.0,0.7976430801456783,0.6398542035170557,56.89,"{""class_weight_mode"": ""balanced"", ""colsample_bytree"": 0.8, ""learning_rate"": 0.12, ""max_depth"": 4, ""min_child_weight"": 1, ""n_estimators"": 800, ""reg_lambda"": 1.0, ""subsample"": 0.9}",False,False,rebuilt,,,,,,
76ae326478325495,xgb,full,False,0.8085603112840467,0.0,0.7907432536804134,0.588290376037207,154.07,"{""class_weight_mode"": ""none"", ""colsample_bytree"": 0.8, ""learning_rate"": 0.03, ""max_depth"": 4, ""min_child_weight"": 1, ""n_estimators"": 800, ""reg_lambda"": 1.0, ""subsample"": 0.7}",False,False,rebuilt,,,,,,
44bc9f1f6f8e2392,xgb,full,False,0.8085603112840467,0.0,0.7938401339332327,0.6240935681425193,68.41,"{""class_weight_mode"": ""balanced"", ""colsample_bytree"": 0.8, ""learning_rate"": 0.12, ""max_depth"": 3, ""min_child_weight"": 1, ""n_estimators"": 400, ""reg_lambda"": 1.0, ""subsample"": 0.7}",False,False,rebuilt,,,,,,
6d74fc593f33fc88,xgb,full,False,0.8085603112840467,0.0,0.7923226565295004,0.5721136169487973,97.43,"{""class_weight_mode"": ""none"", ""colsample_bytree"": 0.5, ""learning_rate"": 0.03, ""max_depth"": 3, ""min_child_weight"": 3, ""n_estimators"": 800, ""reg_lambda"": 5.0, ""subsample"": 0.7}",False,False,rebuilt,,,,,,
96054f7b62c213b3,xgb,full,False,0.8085603112840467,0.0,0.7918435274427014,0.6112714358144576,77.43,"{""class_weight_mode"": ""none"", ""colsample_bytree"": 0.8, ""learning_rate"": 0.12, ""max_depth"": 4, ""min_child_weight"": 3, ""n_estimators"": 800, ""reg_lambda"": 5.0, ""subsample"": 0.7}",False,False,rebuilt,,,,,,
9c5a8d975e371324,lgbm,full,False,0.8085603112840467,0.0,0.7926870984479046,0.8111585736046201,183.49,"{""class_weight_mode"": ""none"", ""colsample_bytree"": 0.8, ""learning_rate"": 0.03, ""min_child_samples"": 10, ""n_estimators"": 400, ""num_leaves"": 63, ""reg_lambda"": 0.0, ""subsample"": 0.8, ""subsample_freq"": 1}",False,False,rebuilt,,,,,,
9800562c7111700f,xgb,full,False,0.8085603112840467,0.0,0.7981340467198603,0.6111269635140554,59.88,"{""class_weight_mode"": ""balanced"", ""colsample_bytree"": 0.8, ""learning_rate"": 0.12, ""max_depth"": 4, ""min_child_weight"": 3, ""n_estimators"": 800, ""reg_lambda"": 5.0, ""subsample"": 0.7}",False,False,rebuilt,,,,,,
8cf8bb3f506863b0,xgb,full,False,0.8085603112840467,0.0,0.7914738836810337,0.5804384904486284,67.24,"{""class_weight_mode"": ""none"", ""colsample_bytree"": 0.8, ""learning_rate"": 0.06, ""max_depth"": 3, ""min_child_weight"": 3, ""n_estimators"": 800, ""reg_lambda"": 5.0, ""subsample"": 0.9}",False,False,rebuilt,,,,,,
134d712b4e19567a,xgb,full,False,0.8085603112840467,0.0,0.7971263036984066,0.5822200155772678,115.51,"{""class_weight_mode"": ""balanced"", ""colsample_bytree"": 0.8, ""learning_rate"": 0.03, ""max_depth"": 4, ""min_child_weight"": 3, ""n_estimators"": 800, ""reg_lambda"": 1.0, ""subsample"": 0.9}",False,False,rebuilt,,,,,,
ba3325d2b56e82fd,xgb,full,False,0.8085603112840467,0.0,0.7895505086085925,0.5717258883994613,57.86,"{""class_weight_mode"": ""none"", ""colsample_bytree"": 0.8, ""learning_rate"": 0.06, ""max_depth"": 4, ""min_child_weight"": 3, ""n_estimators"": 400, ""reg_lambda"": 5.0, ""subsample"": 0.9}",False,False,rebuilt,,,,,,
b825102390c2360a,xgb,full,False,0.8085603112840467,0.0,0.7975176803633593,0.613379714316126,57.33,"{""class_weight_mode"": ""balanced"", ""colsample_bytree"": 0.5, ""learning_rate"": 0.12, ""max_depth"": 3, ""min_child_weight"": 3, ""n_estimators"": 800, ""reg_lambda"": 5.0, ""subsample"": 0.7}",False,False,rebuilt,,,,,,
23a88fbdbbc7d908,xgb,full,False,0.8085603112840467,0.0,0.7947743930786888,0.6136824104076775,29.42,"{""class_weight_mode"": ""balanced"", ""colsample_bytree"": 0.5, ""learning_rate"": 0.12, ""max_depth"": 3, ""min_child_weight"": 1, ""n_estimators"": 400, ""reg_lambda"": 1.0, ""subsample"": 0.7}",False,False,rebuilt,,,,,,
aa7cff749a932e67,xgb,full,False,0.8085603112840467,0.0,0.7946587962135429,0.5712834578459388,65.31,"{""class_weight_mode"": ""balanced"", ""colsample_bytree"": 0.5, ""learning_rate"": 0.06, ""max_depth"": 4, ""min_child_weight"": 1, ""n_estimators"": 400, ""reg_lambda"": 5.0, ""subsample"": 0.9}",False,False,rebuilt,,,,,,
f39b7f29f3f48d1b,xgb,full,False,0.8085603112840467,0.0,0.7910247614146588,0.5677158071281203,116.99,"{""class_weight_mode"": ""none"", ""colsample_bytree"": 0.8, ""learning_rate"": 0.03, ""max_depth"": 8, ""min_child_weight"": 3, ""n_estimators"": 400, ""reg_lambda"": 5.0, ""subsample"": 0.9}",False,False,rebuilt,,,,,,
fdc588825b44f134,xgb,full,False,0.8085603112840467,0.0,0.7989866775651556,0.5965005035481445,70.01,"{""class_weight_mode"": ""balanced"", ""colsample_bytree"": 0.8, ""learning_rate"": 0.12, ""max_depth"": 4, ""min_child_weight"": 3, ""n_estimators"": 400, ""reg_lambda"": 5.0, ""subsample"": 0.7}",False,False,rebuilt,,,,,,
21e62c31a12ccfb7,xgb,full,False,0.8085603112840467,0.0,0.7918531683742177,0.5960009988003787,59.4,"{""class_weight_mode"": ""none"", ""colsample_bytree"": 0.5, ""learning_rate"": 0.06, ""max_depth"": 4, ""min_child_weight"": 3, ""n_estimators"": 800, ""reg_lambda"": 1.0, ""subsample"": 0.9}",False,False,rebuilt,,,,,,
280d0b9b808750ad,et,full,False,0.8085603112840467,0.0,0.7939087280851187,0.5911647899283593,20.55,"{""class_weight_mode"": ""none"", ""max_depth"": 16, ""max_features"": 0.3, ""min_samples_leaf"": 2, ""n_estimators"": 600}",False,False,rebuilt,,,,,,
1635c4309ffbb4ef,xgb,full,False,0.8085603112840467,0.0,0.7924506325878307,0.5661262398749359,36.44,"{""class_weight_mode"": ""none"", ""colsample_bytree"": 0.5, ""learning_rate"": 0.06, ""max_depth"": 3, ""min_child_weight"": 3, ""n_estimators"": 400, ""reg_lambda"": 1.0, ""subsample"": 0.9}",False,False,rebuilt,,,,,,
756c4a452d329ff8,xgb,full,False,0.8085603112840467,0.0,0.7971620023904835,0.5779810470605202,54.17,"{""class_weight_mode"": ""balanced"", ""colsample_bytree"": 0.8, ""learning_rate"": 0.06, ""max_depth"": 3, ""min_child_weight"": 1, ""n_estimators"": 400, ""reg_lambda"": 1.0, ""subsample"": 0.9}",False,False,rebuilt,,,,,,
5d1ce872d2a512d3,xgb,full,False,0.8085603112840467,0.0,0.7927212260570189,0.6125777867997235,45.35,"{""class_weight_mode"": ""none"", ""colsample_bytree"": 0.8, ""learning_rate"": 0.12, ""max_depth"": 3, ""min_child_weight"": 3, ""n_estimators"": 800, ""reg_lambda"": 1.0, ""subsample"": 0.9}",False,False,rebuilt,,,,,,
51e55f76f6ea6e3b,lgbm,full,False,0.8085603112840467,0.0,0.7948854367713624,0.5840887399543404,51.94,"{""class_weight_mode"": ""balanced"", ""colsample_bytree"": 0.5, ""learning_rate"": 0.06, ""min_child_samples"": 5, ""n_estimators"": 400, ""num_leaves"": 15, ""reg_lambda"": 5.0, ""subsample"": 0.8, ""subsample_freq"": 1}",False,False,rebuilt,,,,,,
82cbd0231556cafb,xgb,full,False,0.8085603112840467,0.0,0.7970514116408152,0.5708559228941777,76.02,"{""class_weight_mode"": ""balanced"", ""colsample_bytree"": 0.8, ""learning_rate"": 0.03, ""max_depth"": 3, ""min_child_weight"": 3, ""n_estimators"": 800, ""reg_lambda"": 1.0, ""subsample"": 0.9}",False,False,rebuilt,,,,,,
c95bcc3f8235306e,hgb,full,False,0.8085603112840467,0.0,0.7928840333854204,0.641644817614945,110.3,"{""l2_regularization"": 1.0, ""learning_rate"": 0.05, ""max_iter"": 400, ""max_leaf_nodes"": 15, ""min_samples_leaf"": 20}",False,False,rebuilt,,,,,,
70ddc8a55c8eb416,xgb,full,False,0.8085603112840467,0.0,0.7927627350303237,0.610945121316795,32.8,"{""class_weight_mode"": ""none"", ""colsample_bytree"": 0.5, ""learning_rate"": 0.12, ""max_depth"": 4, ""min_child_weight"": 1, ""n_estimators"": 400, ""reg_lambda"": 1.0, ""subsample"": 0.9}",False,False,rebuilt,,,,,,
3b4cff8c8cbef808,xgb,full,False,0.8085603112840467,0.0,0.7950015496811036,0.5693434118863339,139.96,"{""class_weight_mode"": ""balanced"", ""colsample_bytree"": 0.6729331141020437, ""gamma"": 0.23320360761408188, ""learning_rate"": 0.018685856010486546, ""max_depth"": 8, ""min_child_weight"": 3.9947029966655525, ""n_estimators"": 1200, ""reg_alpha"": 0.03934605566327549, ""reg_lambda"": 0.28935626693765637, ""subsample"": 0.9052232297923922}",False,False,rebuilt,,,,,,
4400cbc7e654063b,xgb,full,False,0.8085603112840467,0.0,0.7963681666331176,0.5913776867088943,53.68,"{""class_weight_mode"": ""balanced"", ""colsample_bytree"": 0.5, ""learning_rate"": 0.06, ""max_depth"": 4, ""min_child_weight"": 1, ""n_estimators"": 400, ""reg_lambda"": 1.0, ""subsample"": 0.9}",False,False,rebuilt,,,,,,
37a386d915c15845,xgb,full,False,0.8085603112840467,0.0,0.7952276657397246,0.5932680096153272,170.95,"{""class_weight_mode"": ""balanced"", ""colsample_bytree"": 0.8, ""learning_rate"": 0.06, ""max_depth"": 8, ""min_child_weight"": 1, ""n_estimators"": 800, ""reg_lambda"": 5.0, ""subsample"": 0.9}",False,False,rebuilt,,,,,,
681a2136127ef99f,xgb,full,False,0.8085603112840467,0.0,0.7865641275286318,0.6190561952392856,51.86,"{""class_weight_mode"": ""none"", ""colsample_bytree"": 0.5, ""learning_rate"": 0.12, ""max_depth"": 6, ""min_child_weight"": 1, ""n_estimators"": 400, ""reg_lambda"": 1.0, ""subsample"": 0.9}",False,False,rebuilt,,,,,,
699208740303a105,hgb,full,False,0.8085603112840467,0.0,0.7911478981167133,0.9679320121408826,93.27,"{""l2_regularization"": 0.0, ""learning_rate"": 0.05, ""max_iter"": 400, ""max_leaf_nodes"": 31, ""min_samples_leaf"": 5}",False,False,rebuilt,,,,,,
02b76da899c6a666,lgbm,top120,False,0.8085603112840467,0.0,0.8010189808655384,0.5886110699917481,35.79,"{""class_weight_mode"": ""balanced"", ""colsample_bytree"": 0.40548981174833887, ""learning_rate"": 0.010558207150206972, ""min_child_samples"": 34, ""n_estimators"": 900, ""num_leaves"": 21, ""reg_alpha"": 1.879417801607233, ""reg_lambda"": 0.009883540801521526, ""subsample"": 0.6416226910896803, ""subsample_freq"": 1}",False,False,rebuilt,,,,,,
400eb1cdf5642c1b,xgb,full,False,0.8085603112840467,0.0,0.7909165962341265,0.5866438698273313,48.7,"{""class_weight_mode"": ""none"", ""colsample_bytree"": 0.785269994827811, ""gamma"": 0.14596796682746246, ""learning_rate"": 0.0896774639395492, ""max_depth"": 7, ""min_child_weight"": 6.242840512441397, ""n_estimators"": 500, ""reg_alpha"": 0.7309079666329577, ""reg_lambda"": 1.0538854799055384, ""subsample"": 0.7856202806392527}",False,False,rebuilt,,,,,,
41c25da70fb59036,lgbm,top120,False,0.8085603112840467,0.0,0.7915043135013691,0.6042186009931371,58.81,"{""class_weight_mode"": ""none"", ""colsample_bytree"": 0.5919112661980996, ""learning_rate"": 0.025994145502317274, ""min_child_samples"": 14, ""n_estimators"": 1000, ""num_leaves"": 50, ""reg_alpha"": 0.2947574748950546, ""reg_lambda"": 0.011362823655750734, ""subsample"": 0.5110959776761049, ""subsample_freq"": 1}",False,False,rebuilt,,,,,,
6add16103b6774ad,xgb,full,False,0.8085603112840467,0.0,0.79347970178966,0.5975922435926435,65.51,"{""class_weight_mode"": ""balanced"", ""colsample_bytree"": 0.8, ""learning_rate"": 0.12, ""max_depth"": 6, ""min_child_weight"": 1, ""n_estimators"": 400, ""reg_lambda"": 5.0, ""subsample"": 0.7}",False,False,rebuilt,,,,,,
00a998207aefdcb3,xgb,full,False,0.8085603112840467,0.0,0.7938951712461181,0.579948457783343,44.14,"{""class_weight_mode"": ""none"", ""colsample_bytree"": 0.5, ""learning_rate"": 0.06, ""max_depth"": 6, ""min_child_weight"": 3, ""n_estimators"": 400, ""reg_lambda"": 1.0, ""subsample"": 0.9}",False,False,rebuilt,,,,,,
a582490ec7cf21d5,xgb,full,False,0.8085603112840467,0.0,0.7908957621105985,0.583905460976556,126.52,"{""class_weight_mode"": ""none"", ""colsample_bytree"": 0.8, ""learning_rate"": 0.03, ""max_depth"": 6, ""min_child_weight"": 1, ""n_estimators"": 800, ""reg_lambda"": 1.0, ""subsample"": 0.7}",False,False,rebuilt,,,,,,
cded89eafd39e3f7,xgb,full,False,0.8085603112840467,0.0,0.7950754680633707,0.6128395988722567,105.64,"{""class_weight_mode"": ""balanced"", ""colsample_bytree"": 0.8, ""learning_rate"": 0.12, ""max_depth"": 6, ""min_child_weight"": 1, ""n_estimators"": 800, ""reg_lambda"": 5.0, ""subsample"": 0.7}",False,False,rebuilt,,,,,,
054ae48525b2acba,xgb,full,False,0.8085603112840467,0.0,0.7923463954132723,0.5833331597766371,165.44,"{""class_weight_mode"": ""none"", ""colsample_bytree"": 0.8, ""learning_rate"": 0.06, ""max_depth"": 6, ""min_child_weight"": 3, ""n_estimators"": 800, ""reg_lambda"": 5.0, ""subsample"": 0.9}",False,False,rebuilt,,,,,,
e37108add36a6c18,xgb,full,False,0.8085603112840467,0.0,0.7976873816499271,0.5959479150840017,47.95,"{""class_weight_mode"": ""balanced"", ""colsample_bytree"": 0.5, ""learning_rate"": 0.12, ""max_depth"": 8, ""min_child_weight"": 3, ""n_estimators"": 400, ""reg_lambda"": 5.0, ""subsample"": 0.7}",False,False,rebuilt,,,,,,
9bdb7bd99d9d9020,xgb,full,False,0.8085603112840467,0.0,0.7961913263185865,0.612705409019432,35.48,"{""class_weight_mode"": ""balanced"", ""colsample_bytree"": 0.8, ""learning_rate"": 0.12, ""max_depth"": 3, ""min_child_weight"": 1, ""n_estimators"": 400, ""reg_lambda"": 1.0, ""subsample"": 0.9}",False,False,rebuilt,,,,,,
cebad118fe273d73,xgb,full,False,0.8085603112840467,0.0,0.7905803024837004,0.5728671149005408,240.18,"{""class_weight_mode"": ""none"", ""colsample_bytree"": 0.8, ""learning_rate"": 0.03, ""max_depth"": 6, ""min_child_weight"": 1, ""n_estimators"": 800, ""reg_lambda"": 5.0, ""subsample"": 0.9}",False,False,rebuilt,,,,,,
7949f5ea953fd9e8,xgb,full,False,0.8085603112840467,0.0,0.7960692763179175,0.5643076042039402,148.26,"{""class_weight_mode"": ""balanced"", ""colsample_bytree"": 0.8, ""learning_rate"": 0.03, ""max_depth"": 3, ""min_child_weight"": 1, ""n_estimators"": 800, ""reg_lambda"": 5.0, ""subsample"": 0.9}",False,False,rebuilt,,,,,,
255c36153b6573fa,lgbm,full,False,0.8085603112840467,0.0,0.7906559907980725,0.567043933791276,41.9,"{""class_weight_mode"": ""none"", ""colsample_bytree"": 0.5, ""learning_rate"": 0.03, ""min_child_samples"": 20, ""n_estimators"": 400, ""num_leaves"": 63, ""reg_lambda"": 5.0, ""subsample"": 0.8, ""subsample_freq"": 1}",False,False,rebuilt,,,,,,
3cc3f3078558cfd7,xgb,full,False,0.8085603112840467,0.0,0.7977193610725977,0.6011654717174956,69.07,"{""class_weight_mode"": ""balanced"", ""colsample_bytree"": 0.8, ""learning_rate"": 0.06, ""max_depth"": 6, ""min_child_weight"": 3, ""n_estimators"": 800, ""reg_lambda"": 1.0, ""subsample"": 0.7}",False,False,rebuilt,,,,,,
03796dc42c87f572,lgbm,top120,False,0.8085603112840467,0.0,0.788926408301146,0.6486418592444603,122.24,"{""class_weight_mode"": ""none"", ""colsample_bytree"": 0.6079025670792857, ""learning_rate"": 0.01121587451361427, ""min_child_samples"": 18, ""n_estimators"": 1100, ""num_leaves"": 11, ""reg_alpha"": 0.012415954310054567, ""reg_lambda"": 0.013144268153301815, ""subsample"": 0.5160522955597071, ""subsample_freq"": 1}",False,False,rebuilt,,,,,,
fd9f22f6e21763e1,lgbm,full,True,0.8085603112840467,0.0,0.7943314372532223,0.6915728049039107,113.15,"{""class_weight_mode"": ""none"", ""colsample_bytree"": 0.5250418530224183, ""learning_rate"": 0.023020127395347895, ""min_child_samples"": 32, ""n_estimators"": 1000, ""num_leaves"": 87, ""reg_alpha"": 0.024496493343570694, ""reg_lambda"": 0.004554074001362665, ""subsample"": 0.6529763451941532, ""subsample_freq"": 1}",False,False,rebuilt,,,,,,
a79043db99f0e986,xgb,full,False,0.8085603112840467,0.0,0.7907203501659674,0.612334694224919,102.45,"{""class_weight_mode"": ""none"", ""colsample_bytree"": 0.8, ""learning_rate"": 0.12, ""max_depth"": 6, ""min_child_weight"": 1, ""n_estimators"": 800, ""reg_lambda"": 5.0, ""subsample"": 0.7}",False,False,rebuilt,,,,,,
c09c4ce3c281add1,xgb,full,False,0.8085603112840467,0.0,0.797634160807615,0.5787612131831775,106.5,"{""class_weight_mode"": ""balanced"", ""colsample_bytree"": 0.5, ""learning_rate"": 0.03, ""max_depth"": 8, ""min_child_weight"": 3, ""n_estimators"": 800, ""reg_lambda"": 5.0, ""subsample"": 0.7}",False,False,rebuilt,,,,,,
c5e4612a9dfd74e6,xgb,full,False,0.8085603112840467,0.0,0.7985522743737181,0.5824506691101382,72.76,"{""class_weight_mode"": ""balanced"", ""colsample_bytree"": 0.5, ""learning_rate"": 0.03, ""max_depth"": 4, ""min_child_weight"": 3, ""n_estimators"": 800, ""reg_lambda"": 1.0, ""subsample"": 0.9}",False,False,rebuilt,,,,,,
aeaea29f9b5440ec,xgb,full,False,0.8085603112840467,0.0,0.7986321590124439,0.6071547586695767,55.66,"{""class_weight_mode"": ""balanced"", ""colsample_bytree"": 0.8, ""learning_rate"": 0.12, ""max_depth"": 6, ""min_child_weight"": 3, ""n_estimators"": 800, ""reg_lambda"": 5.0, ""subsample"": 0.7}",False,False,rebuilt,,,,,,
1cdbc1bc01f073ce,xgb,full,False,0.8085603112840467,0.0,0.7974625529191997,0.5974090064093726,36.24,"{""class_weight_mode"": ""balanced"", ""colsample_bytree"": 0.5, ""learning_rate"": 0.12, ""max_depth"": 3, ""min_child_weight"": 3, ""n_estimators"": 400, ""reg_lambda"": 5.0, ""subsample"": 0.7}",False,False,rebuilt,,,,,,
30c0e9fb3887020d,xgb,full,False,0.8085603112840467,0.0,0.7893604824390656,0.5646299595325097,220.21,"{""class_weight_mode"": ""none"", ""colsample_bytree"": 0.8225679122770043, ""gamma"": 0.0002578163251864931, ""learning_rate"": 0.02274111316387801, ""max_depth"": 10, ""min_child_weight"": 2.9105236257907148, ""n_estimators"": 800, ""reg_alpha"": 0.7879867537250359, ""reg_lambda"": 0.5343609526005563, ""subsample"": 0.8608015492092653}",False,False,rebuilt,,,,,,
173bfc0004212d83,xgb,full,False,0.8085603112840467,0.0,0.796362447942645,0.572738528200527,42.22,"{""class_weight_mode"": ""balanced"", ""colsample_bytree"": 0.5, ""learning_rate"": 0.03, ""max_depth"": 3, ""min_child_weight"": 1, ""n_estimators"": 400, ""reg_lambda"": 1.0, ""subsample"": 0.7}",False,False,rebuilt,,,,,,
cd4d99da922d177e,xgb,full,False,0.8085603112840467,0.0,0.7955113016385497,0.5802318333206105,36.98,"{""class_weight_mode"": ""balanced"", ""colsample_bytree"": 0.5, ""learning_rate"": 0.06, ""max_depth"": 4, ""min_child_weight"": 3, ""n_estimators"": 400, ""reg_lambda"": 1.0, ""subsample"": 0.9}",False,False,rebuilt,,,,,,
aa27cee13d021731,xgb,full,False,0.8085603112840467,0.0,0.7898548528896827,0.5848550406315022,79.42,"{""class_weight_mode"": ""none"", ""colsample_bytree"": 0.8, ""learning_rate"": 0.06, ""max_depth"": 3, ""min_child_weight"": 3, ""n_estimators"": 800, ""reg_lambda"": 5.0, ""subsample"": 0.7}",False,False,rebuilt,,,,,,
a487ea3ee6bd3c09,xgb,full,False,0.8085603112840467,0.0,0.7983893824980569,0.5666334577178965,38.25,"{""class_weight_mode"": ""balanced"", ""colsample_bytree"": 0.5, ""learning_rate"": 0.03, ""max_depth"": 3, ""min_child_weight"": 3, ""n_estimators"": 400, ""reg_lambda"": 1.0, ""subsample"": 0.9}",False,False,rebuilt,,,,,,
f4ec63d0b36c2173,xgb,full,False,0.8085603112840467,0.0,0.7925991820525743,0.5829753628351476,65.69,"{""class_weight_mode"": ""none"", ""colsample_bytree"": 0.5, ""learning_rate"": 0.03, ""max_depth"": 8, ""min_child_weight"": 3, ""n_estimators"": 400, ""reg_lambda"": 5.0, ""subsample"": 0.7}",False,False,rebuilt,,,,,,
a7a38c5a7b5ab3b3,lgbm,full,False,0.8085603112840467,0.0,0.7954737365431174,0.8572926002355321,129.64,"{""class_weight_mode"": ""balanced"", ""colsample_bytree"": 0.8, ""learning_rate"": 0.03, ""min_child_samples"": 10, ""n_estimators"": 800, ""num_leaves"": 31, ""reg_lambda"": 0.0, ""subsample"": 0.8, ""subsample_freq"": 1}",False,False,rebuilt,,,,,,
56a2d802907c50c4,xgb,full,False,0.8085603112840467,0.0,0.7909128335657647,0.5929187126586448,37.03,"{""class_weight_mode"": ""none"", ""colsample_bytree"": 0.5, ""learning_rate"": 0.12, ""max_depth"": 3, ""min_child_weight"": 3, ""n_estimators"": 400, ""reg_lambda"": 5.0, ""subsample"": 0.7}",False,False,rebuilt,,,,,,
fc8d3d28c36bb5cc,lgbm,full,False,0.8085603112840467,0.0,0.7913339956280027,0.8668447653545347,40.01,"{""class_weight_mode"": ""balanced"", ""colsample_bytree"": 0.5, ""learning_rate"": 0.06, ""min_child_samples"": 10, ""n_estimators"": 400, ""num_leaves"": 15, ""reg_lambda"": 0.0, ""subsample"": 0.8, ""subsample_freq"": 1}",False,False,rebuilt,,,,,,
a232975b0a3b54da,xgb,full,False,0.8085603112840467,0.0,0.795025576448795,0.6084923987002689,65.31,"{""class_weight_mode"": ""balanced"", ""colsample_bytree"": 0.5, ""learning_rate"": 0.12, ""max_depth"": 6, ""min_child_weight"": 3, ""n_estimators"": 800, ""reg_lambda"": 5.0, ""subsample"": 0.9}",False,False,rebuilt,,,,,,
d6853c75c8d2c46b,xgb,full,False,0.8085603112840467,0.0,0.7920536709423691,0.5798685939883361,135.52,"{""class_weight_mode"": ""none"", ""colsample_bytree"": 0.8, ""learning_rate"": 0.03, ""max_depth"": 4, ""min_child_weight"": 3, ""n_estimators"": 800, ""reg_lambda"": 1.0, ""subsample"": 0.9}",False,False,rebuilt,,,,,,
cae5bd6815543d90,lgbm,full,False,0.8085603112840467,0.0,0.7906559907980725,0.567043933791276,45.08,"{""class_weight_mode"": ""none"", ""colsample_bytree"": 0.5, ""learning_rate"": 0.03, ""min_child_samples"": 20, ""n_estimators"": 400, ""num_leaves"": 31, ""reg_lambda"": 5.0, ""subsample"": 0.8, ""subsample_freq"": 1}",False,False,rebuilt,,,,,,
8954464333883565,xgb,full,False,0.8085603112840467,0.0,0.7921244677086192,0.5857374143385845,71.76,"{""class_weight_mode"": ""none"", ""colsample_bytree"": 0.5, ""learning_rate"": 0.12, ""max_depth"": 8, ""min_child_weight"": 1, ""n_estimators"": 400, ""reg_lambda"": 5.0, ""subsample"": 0.9}",False,False,rebuilt,,,,,,
6a2718c4887c3891,xgb,full,False,0.8085603112840467,0.0,0.7951344286844514,0.597854066652429,59.27,"{""class_weight_mode"": ""balanced"", ""colsample_bytree"": 0.5, ""learning_rate"": 0.06, ""max_depth"": 4, ""min_child_weight"": 3, ""n_estimators"": 800, ""reg_lambda"": 1.0, ""subsample"": 0.9}",False,False,rebuilt,,,,,,
694828f6de4b36ff,xgb,full,False,0.8085603112840467,0.0,0.7920430665845462,0.5640372141136206,96.49,"{""class_weight_mode"": ""none"", ""colsample_bytree"": 0.5, ""learning_rate"": 0.03, ""max_depth"": 4, ""min_child_weight"": 3, ""n_estimators"": 800, ""reg_lambda"": 5.0, ""subsample"": 0.9}",False,False,rebuilt,,,,,,
7f2213670a47101e,xgb,top120,False,0.8085603112840467,0.0,0.7883099174623902,0.6192169065265585,72.4,"{""class_weight_mode"": ""none"", ""colsample_bytree"": 0.9915116315657712, ""gamma"": 0.00021845149881876324, ""learning_rate"": 0.09714109014463215, ""max_depth"": 7, ""min_child_weight"": 0.610688365953948, ""n_estimators"": 400, ""reg_alpha"": 0.005689931775414807, ""reg_lambda"": 2.8035663210696926, ""subsample"": 0.7820521729870599}",False,False,rebuilt,,,,,,
78b8769cb9dc4b08,xgb,full,False,0.8085603112840467,0.0,0.7896480131508118,0.6105571471001696,98.87,"{""class_weight_mode"": ""none"", ""colsample_bytree"": 0.8, ""learning_rate"": 0.12, ""max_depth"": 4, ""min_child_weight"": 1, ""n_estimators"": 800, ""reg_lambda"": 5.0, ""subsample"": 0.7}",False,False,rebuilt,,,,,,
03167c862ec314cb,xgb,full,False,0.8085603112840467,0.0,0.7906159009140021,0.6100124220303171,36.83,"{""class_weight_mode"": ""none"", ""colsample_bytree"": 0.5, ""learning_rate"": 0.12, ""max_depth"": 3, ""min_child_weight"": 3, ""n_estimators"": 800, ""reg_lambda"": 1.0, ""subsample"": 0.9}",False,False,rebuilt,,,,,,
0da15b7ca25f136f,xgb,full,False,0.808171206225681,0.0019455252918287,0.7860566034534162,0.584191675989204,395.55,"{""colsample_bytree"": 0.5, ""learning_rate"": 0.06, ""max_depth"": 6, ""n_estimators"": 800, ""subsample"": 0.9}",False,False,rebuilt,0.8090791180285345,0.0041342094553849,0.7929777977872051,0.5821197505149865,,
a55278e18b8ba76a,xgb,full,False,0.8077821011673152,0.0,0.7919463946605076,0.6213224042170736,50.95,"{""class_weight_mode"": ""none"", ""colsample_bytree"": 0.8, ""learning_rate"": 0.12, ""max_depth"": 6, ""min_child_weight"": 1, ""n_estimators"": 400, ""reg_lambda"": 1.0, ""subsample"": 0.9}",False,False,rebuilt,,,,,,
2ab10384ad8a7b3b,xgb,full,False,0.8077821011673152,0.0,0.7968690776868514,0.5769737934505009,78.64,"{""class_weight_mode"": ""balanced"", ""colsample_bytree"": 0.5, ""learning_rate"": 0.03, ""max_depth"": 8, ""min_child_weight"": 3, ""n_estimators"": 400, ""reg_lambda"": 5.0, ""subsample"": 0.9}",False,False,rebuilt,,,,,,
ee5e4bf7b10b84d7,xgb,full,False,0.8077821011673152,0.0,0.7895206120537543,0.5716677228650783,53.37,"{""class_weight_mode"": ""none"", ""colsample_bytree"": 0.8, ""learning_rate"": 0.06, ""max_depth"": 3, ""min_child_weight"": 1, ""n_estimators"": 400, ""reg_lambda"": 5.0, ""subsample"": 0.7}",False,False,rebuilt,,,,,,
e26405afc8e2bd39,lgbm,full,False,0.8077821011673152,0.0,0.7964127033110986,0.5788115493665306,80.21,"{""class_weight_mode"": ""balanced"", ""colsample_bytree"": 0.8, ""learning_rate"": 0.03, ""min_child_samples"": 5, ""n_estimators"": 400, ""num_leaves"": 15, ""reg_lambda"": 5.0, ""subsample"": 0.8, ""subsample_freq"": 1}",False,False,rebuilt,,,,,,
accd9ad512ae3be6,xgb,full,False,0.8077821011673152,0.0,0.7934302471528403,0.6299915288501683,51.73,"{""class_weight_mode"": ""none"", ""colsample_bytree"": 0.5, ""learning_rate"": 0.12, ""max_depth"": 4, ""min_child_weight"": 1, ""n_estimators"": 800, ""reg_lambda"": 1.0, ""subsample"": 0.9}",False,False,rebuilt,,,,,,
483ccd8e68a9a2f8,xgb,full,False,0.8077821011673152,0.0,0.7975783174305231,0.5626827906968696,70.81,"{""class_weight_mode"": ""balanced"", ""colsample_bytree"": 0.8, ""learning_rate"": 0.03, ""max_depth"": 3, ""min_child_weight"": 1, ""n_estimators"": 400, ""reg_lambda"": 1.0, ""subsample"": 0.9}",False,False,rebuilt,,,,,,
8a7374ee522e21d5,xgb,full,False,0.8077821011673152,0.0,0.7982929584609298,0.5769473856704223,130.81,"{""class_weight_mode"": ""balanced"", ""colsample_bytree"": 0.5, ""learning_rate"": 0.03, ""max_depth"": 6, ""min_child_weight"": 3, ""n_estimators"": 800, ""reg_lambda"": 5.0, ""subsample"": 0.7}",False,False,rebuilt,,,,,,
05d1dbec63f26432,lgbm,full,False,0.8077821011673152,0.0,0.790479690289091,0.5705599998544537,73.28,"{""class_weight_mode"": ""none"", ""colsample_bytree"": 0.41986276680289436, ""learning_rate"": 0.012048214049859283, ""min_child_samples"": 21, ""n_estimators"": 1400, ""num_leaves"": 79, ""reg_alpha"": 1.2452392258974925, ""reg_lambda"": 0.0015412809888152587, ""subsample"": 0.7197884217567153, ""subsample_freq"": 1}",False,False,rebuilt,,,,,,
4d9e8cd521894871,lgbm,full,False,0.8077821011673152,0.0,0.786624942776933,0.5925317793339541,162.93,"{""class_weight_mode"": ""none"", ""colsample_bytree"": 0.8, ""learning_rate"": 0.03, ""min_child_samples"": 5, ""n_estimators"": 800, ""num_leaves"": 31, ""reg_lambda"": 5.0, ""subsample"": 0.8, ""subsample_freq"": 1}",False,False,rebuilt,,,,,,
a386d98f83fcea9c,xgb,full,False,0.8077821011673152,0.0,0.7977191913089949,0.5656011786523326,58.7,"{""class_weight_mode"": ""balanced"", ""colsample_bytree"": 0.8, ""learning_rate"": 0.03, ""max_depth"": 3, ""min_child_weight"": 3, ""n_estimators"": 400, ""reg_lambda"": 1.0, ""subsample"": 0.9}",False,False,rebuilt,,,,,,
793fd8597486e281,xgb,full,False,0.8077821011673152,0.0,0.7940823612983696,0.5988348032718533,99.93,"{""class_weight_mode"": ""balanced"", ""colsample_bytree"": 0.8, ""learning_rate"": 0.06, ""max_depth"": 8, ""min_child_weight"": 1, ""n_estimators"": 400, ""reg_lambda"": 1.0, ""subsample"": 0.7}",False,False,rebuilt,,,,,,
2c52768979eedbc6,lgbm,full,False,0.8077821011673152,0.0,0.7883987369709784,0.6341042485848202,107.51,"{""class_weight_mode"": ""none"", ""colsample_bytree"": 0.8, ""learning_rate"": 0.12, ""min_child_samples"": 10, ""n_estimators"": 800, ""num_leaves"": 15, ""reg_lambda"": 5.0, ""subsample"": 0.8, ""subsample_freq"": 1}",False,False,rebuilt,,,,,,
55330e8b8f11a4fb,lgbm,full,False,0.8077821011673152,0.0,0.7867608422037637,0.6061441319179461,89.38,"{""class_weight_mode"": ""none"", ""colsample_bytree"": 0.5, ""learning_rate"": 0.06, ""min_child_samples"": 5, ""n_estimators"": 800, ""num_leaves"": 15, ""reg_lambda"": 5.0, ""subsample"": 0.8, ""subsample_freq"": 1}",False,False,rebuilt,,,,,,
bb4e01c7ba59a4d7,xgb,full,False,0.8077821011673152,0.0,0.7965842230270085,0.5983444633368801,39.59,"{""class_weight_mode"": ""balanced"", ""colsample_bytree"": 0.8, ""learning_rate"": 0.12, ""max_depth"": 8, ""min_child_weight"": 3, ""n_estimators"": 400, ""reg_lambda"": 5.0, ""subsample"": 0.7}",False,False,rebuilt,,,,,,
521f930effc58a14,lgbm,top120,False,0.8077821011673152,0.0,0.7960059589355514,0.5696869157782536,44.01,"{""class_weight_mode"": ""balanced"", ""colsample_bytree"": 0.49641927458673163, ""learning_rate"": 0.013925362086945647, ""min_child_samples"": 27, ""n_estimators"": 500, ""num_leaves"": 30, ""reg_alpha"": 0.6930685941735724, ""reg_lambda"": 0.0029625638291746127, ""subsample"": 0.6794588943149925, ""subsample_freq"": 1}",False,False,rebuilt,,,,,,
4aefab4b7d57081b,lgbm,top120,False,0.8077821011673152,0.0,0.7883577883567333,0.5743553350871012,58.17,"{""class_weight_mode"": ""none"", ""colsample_bytree"": 0.5070251405642989, ""learning_rate"": 0.016324940117003386, ""min_child_samples"": 13, ""n_estimators"": 1100, ""num_leaves"": 96, ""reg_alpha"": 0.7551459148185339, ""reg_lambda"": 0.0014583566063725018, ""subsample"": 0.7799915360064771, ""subsample_freq"": 1}",False,False,rebuilt,,,,,,
b6fc2ee7aa315a13,xgb,full,False,0.8077821011673152,0.0,0.7972419564233979,0.6087784362050546,53.91,"{""class_weight_mode"": ""balanced"", ""colsample_bytree"": 0.5, ""learning_rate"": 0.12, ""max_depth"": 6, ""min_child_weight"": 3, ""n_estimators"": 800, ""reg_lambda"": 5.0, ""subsample"": 0.7}",False,False,rebuilt,,,,,,
55bd8122d6479ccd,xgb,full,False,0.8077821011673152,0.0,0.7960306635765053,0.6011135091101366,90.62,"{""class_weight_mode"": ""balanced"", ""colsample_bytree"": 0.8, ""learning_rate"": 0.06, ""max_depth"": 8, ""min_child_weight"": 3, ""n_estimators"": 800, ""reg_lambda"": 1.0, ""subsample"": 0.7}",False,False,rebuilt,,,,,,
44e12dfc7bff4af7,xgb,full,False,0.8077821011673152,0.0,0.7951945207659215,0.5888043095352132,89.21,"{""class_weight_mode"": ""balanced"", ""colsample_bytree"": 0.8, ""learning_rate"": 0.06, ""max_depth"": 3, ""min_child_weight"": 1, ""n_estimators"": 800, ""reg_lambda"": 5.0, ""subsample"": 0.7}",False,False,rebuilt,,,,,,
cca164fd13ac8e04,xgb,full,False,0.8077821011673152,0.0,0.7908825546554006,0.5955748031339596,75.45,"{""class_weight_mode"": ""none"", ""colsample_bytree"": 0.8, ""learning_rate"": 0.06, ""max_depth"": 6, ""min_child_weight"": 1, ""n_estimators"": 400, ""reg_lambda"": 1.0, ""subsample"": 0.9}",False,False,rebuilt,,,,,,
e93ed8b22518b863,xgb,full,False,0.8077821011673152,0.0,0.7924733427407824,0.598378088062164,91.56,"{""class_weight_mode"": ""none"", ""colsample_bytree"": 0.7956617882807736, ""gamma"": 0.0002535752783448895, ""learning_rate"": 0.05690012733126367, ""max_depth"": 8, ""min_child_weight"": 6.110074466353645, ""n_estimators"": 1100, ""reg_alpha"": 0.007290029298373026, ""reg_lambda"": 1.098310718932987, ""subsample"": 0.8565272524710971}",False,False,rebuilt,,,,,,
68cdc56fc8996820,xgb,full,False,0.8077821011673152,0.0,0.7872751538186199,0.5726840469250143,125.77,"{""class_weight_mode"": ""none"", ""colsample_bytree"": 0.8, ""learning_rate"": 0.03, ""max_depth"": 6, ""min_child_weight"": 1, ""n_estimators"": 400, ""reg_lambda"": 5.0, ""subsample"": 0.9}",False,False,rebuilt,,,,,,
26558688adf658d6,xgb,full,False,0.8077821011673152,0.0,0.7981816254720486,0.5826921019258627,69.21,"{""class_weight_mode"": ""balanced"", ""colsample_bytree"": 0.8, ""learning_rate"": 0.06, ""max_depth"": 4, ""min_child_weight"": 3, ""n_estimators"": 400, ""reg_lambda"": 5.0, ""subsample"": 0.7}",False,False,rebuilt,,,,,,
626a7bbe482f945c,xgb,full,False,0.8077821011673152,0.0,0.7909134642952043,0.5844646360274351,184.04,"{""class_weight_mode"": ""none"", ""colsample_bytree"": 0.8, ""learning_rate"": 0.06, ""max_depth"": 8, ""min_child_weight"": 1, ""n_estimators"": 800, ""reg_lambda"": 5.0, ""subsample"": 0.9}",False,False,rebuilt,,,,,,
28bc430f766da5cf,xgb,full,False,0.8077821011673152,0.0,0.7936936478775838,0.5746531570875044,106.82,"{""class_weight_mode"": ""balanced"", ""colsample_bytree"": 0.5, ""learning_rate"": 0.03, ""max_depth"": 4, ""min_child_weight"": 3, ""n_estimators"": 800, ""reg_lambda"": 5.0, ""subsample"": 0.9}",False,False,rebuilt,,,,,,
0176c803813b4318,xgb,full,False,0.8077821011673152,0.0,0.7913185822678589,0.600267293170057,70.81,"{""class_weight_mode"": ""none"", ""colsample_bytree"": 0.8, ""learning_rate"": 0.12, ""max_depth"": 8, ""min_child_weight"": 1, ""n_estimators"": 400, ""reg_lambda"": 5.0, ""subsample"": 0.7}",False,False,rebuilt,,,,,,
5a06d5b8c204c556,xgb,full,False,0.8077821011673152,0.0,0.7908705794372415,0.5866734078545774,114.23,"{""class_weight_mode"": ""none"", ""colsample_bytree"": 0.8, ""learning_rate"": 0.06, ""max_depth"": 3, ""min_child_weight"": 1, ""n_estimators"": 800, ""reg_lambda"": 5.0, ""subsample"": 0.7}",False,False,rebuilt,,,,,,
b4556b34ca08d403,xgb,full,False,0.8077821011673152,0.0,0.7899783818927493,0.6114653951990132,72.98,"{""class_weight_mode"": ""none"", ""colsample_bytree"": 0.9636752127273156, ""gamma"": 0.00010429871147000048, ""learning_rate"": 0.13697970667142204, ""max_depth"": 6, ""min_child_weight"": 1.7342946665765728, ""n_estimators"": 600, ""reg_alpha"": 0.008763338678738856, ""reg_lambda"": 5.490824440732619, ""subsample"": 0.9929188294139029}",False,False,rebuilt,,,,,,
a44c6cbd0de67f4a,xgb,full,False,0.8077821011673152,0.0,0.7912849374968852,0.6327072011149363,42.9,"{""class_weight_mode"": ""none"", ""colsample_bytree"": 0.9301147777767016, ""gamma"": 0.0012158392590130085, ""learning_rate"": 0.16007493105347484, ""max_depth"": 4, ""min_child_weight"": 0.6126172145569992, ""n_estimators"": 300, ""reg_alpha"": 0.010363352300322176, ""reg_lambda"": 0.2484915955774034, ""subsample"": 0.8141757810495388}",False,False,rebuilt,,,,,,
02c6108ea5235c72,xgb,full,False,0.8077821011673152,0.0,0.7886106699655598,0.5874302413894209,147.65,"{""class_weight_mode"": ""none"", ""colsample_bytree"": 0.8, ""learning_rate"": 0.06, ""max_depth"": 4, ""min_child_weight"": 1, ""n_estimators"": 800, ""reg_lambda"": 5.0, ""subsample"": 0.7}",False,False,rebuilt,,,,,,
aa34534c1bd0d980,xgb,full,False,0.8077821011673152,0.0,0.7942347370353324,0.6123479006726357,45.8,"{""class_weight_mode"": ""none"", ""colsample_bytree"": 0.5, ""learning_rate"": 0.12, ""max_depth"": 8, ""min_child_weight"": 1, ""n_estimators"": 400, ""reg_lambda"": 1.0, ""subsample"": 0.7}",False,False,rebuilt,,,,,,
359fdf006a48240b,lgbm,full,False,0.8077821011673152,0.0,0.7892102282329997,0.6157289296138021,80.59,"{""class_weight_mode"": ""none"", ""colsample_bytree"": 0.5, ""learning_rate"": 0.12, ""min_child_samples"": 5, ""n_estimators"": 400, ""num_leaves"": 31, ""reg_lambda"": 5.0, ""subsample"": 0.8, ""subsample_freq"": 1}",False,False,rebuilt,,,,,,
a56500c6d301c0c7,xgb,full,False,0.8077821011673152,0.0,0.7939658524160513,0.5777956766447067,194.69,"{""class_weight_mode"": ""balanced"", ""colsample_bytree"": 0.8, ""learning_rate"": 0.03, ""max_depth"": 4, ""min_child_weight"": 1, ""n_estimators"": 800, ""reg_lambda"": 5.0, ""subsample"": 0.9}",False,False,rebuilt,,,,,,
eefbdfd19fe668c3,xgb,full,False,0.8077821011673152,0.0,0.7915897653755939,0.5652014964600292,81.58,"{""class_weight_mode"": ""none"", ""colsample_bytree"": 0.5, ""learning_rate"": 0.03, ""max_depth"": 3, ""min_child_weight"": 3, ""n_estimators"": 800, ""reg_lambda"": 1.0, ""subsample"": 0.9}",False,False,rebuilt,,,,,,
797d4f00248de50f,xgb,full,False,0.8077821011673152,0.0,0.7900781399834638,0.5669489570103114,54.81,"{""class_weight_mode"": ""none"", ""colsample_bytree"": 0.5, ""learning_rate"": 0.06, ""max_depth"": 4, ""min_child_weight"": 3, ""n_estimators"": 400, ""reg_lambda"": 5.0, ""subsample"": 0.9}",False,False,rebuilt,,,,,,
dd6b3e47cb28a3c7,xgb,full,False,0.8077821011673152,0.0,0.7905345746693452,0.5921223375291842,73.81,"{""class_weight_mode"": ""none"", ""colsample_bytree"": 0.8, ""learning_rate"": 0.12, ""max_depth"": 4, ""min_child_weight"": 1, ""n_estimators"": 400, ""reg_lambda"": 5.0, ""subsample"": 0.7}",False,False,rebuilt,,,,,,
57682dd872545d09,xgb,full,False,0.8077821011673152,0.0,0.793181307184794,0.597847345079738,31.36,"{""class_weight_mode"": ""none"", ""colsample_bytree"": 0.8, ""learning_rate"": 0.12, ""max_depth"": 3, ""min_child_weight"": 3, ""n_estimators"": 400, ""reg_lambda"": 1.0, ""subsample"": 0.9}",False,False,rebuilt,,,,,,
bdb336663fd6e4c4,xgb,full,False,0.8077821011673152,0.0,0.7852224247691744,0.6433594436581973,101.0,"{""class_weight_mode"": ""none"", ""colsample_bytree"": 0.8, ""learning_rate"": 0.12, ""max_depth"": 4, ""min_child_weight"": 1, ""n_estimators"": 800, ""reg_lambda"": 1.0, ""subsample"": 0.7}",False,False,rebuilt,,,,,,
0cb9c6f766b264d6,hgb,full,False,0.8077821011673152,0.0,0.7893582370911896,0.6647262318217542,162.24,"{""l2_regularization"": 1.0, ""learning_rate"": 0.05, ""max_iter"": 400, ""max_leaf_nodes"": 15, ""min_samples_leaf"": 5}",False,False,rebuilt,,,,,,
6729e58d1663e3f4,xgb,full,False,0.8077821011673152,0.0,0.7940291122700482,0.6072510725207365,53.4,"{""class_weight_mode"": ""balanced"", ""colsample_bytree"": 0.5, ""learning_rate"": 0.12, ""max_depth"": 6, ""min_child_weight"": 1, ""n_estimators"": 400, ""reg_lambda"": 1.0, ""subsample"": 0.7}",False,False,rebuilt,,,,,,
67d6aa3e858e01b8,xgb,full,False,0.8077821011673152,0.0,0.7912798048412193,0.6126437445484945,91.4,"{""class_weight_mode"": ""none"", ""colsample_bytree"": 0.952035980711299, ""gamma"": 0.0005377607893364894, ""learning_rate"": 0.045890587397454385, ""max_depth"": 9, ""min_child_weight"": 7.420929621937368, ""n_estimators"": 1400, ""reg_alpha"": 0.008967204837915863, ""reg_lambda"": 0.18972370489054188, ""subsample"": 0.7068597545242596}",False,False,rebuilt,,,,,,
25547fa259508fba,xgb,full,False,0.8077821011673152,0.0,0.7935363584620447,0.5767439557568459,117.43,"{""class_weight_mode"": ""balanced"", ""colsample_bytree"": 0.4730486093448234, ""gamma"": 0.0023308963370350937, ""learning_rate"": 0.016586219705631018, ""max_depth"": 8, ""min_child_weight"": 4.521952174217063, ""n_estimators"": 1300, ""reg_alpha"": 0.02538014263320343, ""reg_lambda"": 0.1391140236377008, ""subsample"": 0.8905183039589599}",False,False,rebuilt,,,,,,
2ea3cf4cae2e6c57,xgb,full,False,0.8077821011673152,0.0,0.7922581612393742,0.5740770235422435,95.26,"{""class_weight_mode"": ""none"", ""colsample_bytree"": 0.5, ""learning_rate"": 0.03, ""max_depth"": 8, ""min_child_weight"": 1, ""n_estimators"": 400, ""reg_lambda"": 1.0, ""subsample"": 0.9}",False,False,rebuilt,,,,,,
2e1240fb9d34fbcf,xgb,full,False,0.8077821011673152,0.0,0.7926478823996049,0.5749455741840835,129.25,"{""class_weight_mode"": ""none"", ""colsample_bytree"": 0.8, ""learning_rate"": 0.03, ""max_depth"": 4, ""min_child_weight"": 3, ""n_estimators"": 800, ""reg_lambda"": 5.0, ""subsample"": 0.7}",False,False,rebuilt,,,,,,
889f573da50e7f52,xgb,full,False,0.8077821011673152,0.0,0.7907299479307194,0.5999123011211677,41.49,"{""class_weight_mode"": ""none"", ""colsample_bytree"": 0.5, ""learning_rate"": 0.12, ""max_depth"": 6, ""min_child_weight"": 3, ""n_estimators"": 400, ""reg_lambda"": 1.0, ""subsample"": 0.9}",False,False,rebuilt,,,,,,
a166e885fc28af6a,xgb,full,False,0.8077821011673152,0.0,0.7942127537437946,0.601107372167001,105.39,"{""class_weight_mode"": ""none"", ""colsample_bytree"": 0.8, ""learning_rate"": 0.12, ""max_depth"": 6, ""min_child_weight"": 1, ""n_estimators"": 800, ""reg_lambda"": 5.0, ""subsample"": 0.9}",False,False,rebuilt,,,,,,
6075966a7cde23cd,xgb,full,False,0.8077821011673152,0.0,0.7928660287288227,0.6133933183574997,63.11,"{""class_weight_mode"": ""balanced"", ""colsample_bytree"": 0.8827104350382756, ""gamma"": 0.0001104685811189884, ""learning_rate"": 0.11665053511409879, ""max_depth"": 5, ""min_child_weight"": 0.6767754527319124, ""n_estimators"": 400, ""reg_alpha"": 0.18660714698278655, ""reg_lambda"": 0.34875625052107706, ""subsample"": 0.7428222939295743}",False,False,rebuilt,,,,,,
1f762b0a93b69b18,xgb,full,False,0.8077821011673152,0.0,0.7978201616731699,0.5939026471452564,115.42,"{""class_weight_mode"": ""balanced"", ""colsample_bytree"": 0.8, ""learning_rate"": 0.06, ""max_depth"": 8, ""min_child_weight"": 3, ""n_estimators"": 800, ""reg_lambda"": 5.0, ""subsample"": 0.7}",False,False,rebuilt,,,,,,
9bc230f6d6de7c57,xgb,full,False,0.8077821011673152,0.0,0.7934044304532416,0.6087144514931977,188.49,"{""class_weight_mode"": ""balanced"", ""colsample_bytree"": 0.8, ""learning_rate"": 0.03, ""max_depth"": 6, ""min_child_weight"": 1, ""n_estimators"": 800, ""reg_lambda"": 1.0, ""subsample"": 0.9}",False,False,rebuilt,,,,,,
f54c74312c42b43e,xgb,full,False,0.8077821011673152,0.0,0.7954378316508949,0.6138866215648894,81.24,"{""class_weight_mode"": ""balanced"", ""colsample_bytree"": 0.8, ""learning_rate"": 0.12, ""max_depth"": 4, ""min_child_weight"": 1, ""n_estimators"": 800, ""reg_lambda"": 5.0, ""subsample"": 0.7}",False,False,rebuilt,,,,,,
956fa2931434559b,xgb,full,False,0.8077821011673152,0.0,0.7964143506267755,0.5787850085920819,158.09,"{""class_weight_mode"": ""balanced"", ""colsample_bytree"": 0.8, ""learning_rate"": 0.03, ""max_depth"": 4, ""min_child_weight"": 3, ""n_estimators"": 800, ""reg_lambda"": 5.0, ""subsample"": 0.9}",False,False,rebuilt,,,,,,
10660deda2623c41,xgb,full,False,0.8077821011673152,0.0,0.7867481791023125,0.6227008037445294,40.34,"{""class_weight_mode"": ""none"", ""colsample_bytree"": 0.5, ""learning_rate"": 0.12, ""max_depth"": 3, ""min_child_weight"": 3, ""n_estimators"": 800, ""reg_lambda"": 1.0, ""subsample"": 0.7}",False,False,rebuilt,,,,,,
4ada9a3c5baa7175,xgb,full,False,0.8077821011673152,0.0,0.7923969207626155,0.573750761084239,149.16,"{""class_weight_mode"": ""balanced"", ""colsample_bytree"": 0.5, ""learning_rate"": 0.03, ""max_depth"": 6, ""min_child_weight"": 3, ""n_estimators"": 800, ""reg_lambda"": 5.0, ""subsample"": 0.9}",False,False,rebuilt,,,,,,
3209e378270cdaa9,xgb,full,False,0.8077821011673152,0.0,0.7977244239573908,0.6112167262399447,56.4,"{""class_weight_mode"": ""balanced"", ""colsample_bytree"": 0.5, ""learning_rate"": 0.12, ""max_depth"": 4, ""min_child_weight"": 3, ""n_estimators"": 800, ""reg_lambda"": 5.0, ""subsample"": 0.7}",False,False,rebuilt,,,,,,
1168da835989fdc5,xgb,full,False,0.8077821011673152,0.0,0.7955025269054394,0.589662276345617,49.73,"{""class_weight_mode"": ""balanced"", ""colsample_bytree"": 0.8, ""learning_rate"": 0.06, ""max_depth"": 4, ""min_child_weight"": 3, ""n_estimators"": 400, ""reg_lambda"": 1.0, ""subsample"": 0.9}",False,False,rebuilt,,,,,,
847e60ad9bb1c66f,xgb,full,False,0.8077821011673152,0.0,0.7962305829067271,0.594162075230534,73.39,"{""class_weight_mode"": ""balanced"", ""colsample_bytree"": 0.5, ""learning_rate"": 0.06, ""max_depth"": 8, ""min_child_weight"": 3, ""n_estimators"": 800, ""reg_lambda"": 1.0, ""subsample"": 0.7}",False,False,rebuilt,,,,,,
6613210a95278bba,lgbm,full,True,0.8077821011673152,0.0,0.7937134445042938,0.6661211220913728,173.91,"{""class_weight_mode"": ""none"", ""colsample_bytree"": 0.3481971773612305, ""learning_rate"": 0.01023511956952881, ""min_child_samples"": 35, ""n_estimators"": 1300, ""num_leaves"": 96, ""reg_alpha"": 0.013669380255337066, ""reg_lambda"": 0.006765353408516696, ""subsample"": 0.7876230261818196, ""subsample_freq"": 1}",False,False,rebuilt,,,,,,
7366d22d425f0e3c,xgb,full,False,0.8077821011673152,0.0,0.7885457124716186,0.5842622374844898,75.2,"{""class_weight_mode"": ""none"", ""colsample_bytree"": 0.5, ""learning_rate"": 0.06, ""max_depth"": 4, ""min_child_weight"": 1, ""n_estimators"": 800, ""reg_lambda"": 5.0, ""subsample"": 0.7}",False,False,rebuilt,,,,,,
e4aae17cfb9b41cf,xgb,full,False,0.8077821011673152,0.0,0.7907240821600382,0.6044682689302631,75.66,"{""class_weight_mode"": ""none"", ""colsample_bytree"": 0.5, ""learning_rate"": 0.06, ""max_depth"": 6, ""min_child_weight"": 1, ""n_estimators"": 800, ""reg_lambda"": 1.0, ""subsample"": 0.7}",False,False,rebuilt,,,,,,
ac72285c4459925b,xgb,full,False,0.8077821011673152,0.0,0.7932023354229576,0.5717613917797296,43.91,"{""class_weight_mode"": ""balanced"", ""colsample_bytree"": 0.5, ""learning_rate"": 0.06, ""max_depth"": 4, ""min_child_weight"": 3, ""n_estimators"": 400, ""reg_lambda"": 5.0, ""subsample"": 0.9}",False,False,rebuilt,,,,,,
0d2248fd4ed470a1,xgb,full,False,0.8077821011673152,0.0,0.7924784093571111,0.5673835664811684,74.71,"{""class_weight_mode"": ""none"", ""colsample_bytree"": 0.5, ""learning_rate"": 0.06, ""max_depth"": 6, ""min_child_weight"": 3, ""n_estimators"": 400, ""reg_lambda"": 5.0, ""subsample"": 0.9}",False,False,rebuilt,,,,,,
0bc4cbab9d2e1f05,xgb,full,False,0.8077821011673152,0.0,0.7924778419981702,0.5892562074837471,95.47,"{""class_weight_mode"": ""none"", ""colsample_bytree"": 0.5, ""learning_rate"": 0.06, ""max_depth"": 8, ""min_child_weight"": 3, ""n_estimators"": 800, ""reg_lambda"": 1.0, ""subsample"": 0.9}",False,False,rebuilt,,,,,,
8d2557ff7a7476ca,xgb,full,False,0.8077821011673152,0.0,0.7906247290373003,0.5959304915285083,58.0,"{""class_weight_mode"": ""none"", ""colsample_bytree"": 0.5, ""learning_rate"": 0.12, ""max_depth"": 3, ""min_child_weight"": 3, ""n_estimators"": 800, ""reg_lambda"": 5.0, ""subsample"": 0.9}",False,False,rebuilt,,,,,,
527d0c6c429e390f,xgb,full,False,0.8077821011673152,0.0,0.7898566981396609,0.5826388609018889,81.9,"{""class_weight_mode"": ""none"", ""colsample_bytree"": 0.5, ""learning_rate"": 0.06, ""max_depth"": 4, ""min_child_weight"": 3, ""n_estimators"": 800, ""reg_lambda"": 5.0, ""subsample"": 0.7}",False,False,rebuilt,,,,,,
51964c6a7f9ebb4a,xgb,full,False,0.8077821011673152,0.0,0.7906197113196383,0.5688792626698659,86.22,"{""class_weight_mode"": ""none"", ""colsample_bytree"": 0.8, ""learning_rate"": 0.06, ""max_depth"": 8, ""min_child_weight"": 3, ""n_estimators"": 400, ""reg_lambda"": 5.0, ""subsample"": 0.9}",False,False,rebuilt,,,,,,
aee09e86618ab565,xgb,full,False,0.8077821011673152,0.0,0.7956470792179623,0.5796768234853055,52.62,"{""class_weight_mode"": ""balanced"", ""colsample_bytree"": 0.5, ""learning_rate"": 0.03, ""max_depth"": 4, ""min_child_weight"": 3, ""n_estimators"": 400, ""reg_lambda"": 5.0, ""subsample"": 0.9}",False,False,rebuilt,,,,,,
76b0ff06ff17e0aa,lgbm,full,False,0.8077821011673152,0.0,0.7885876817000018,0.5702107893651255,50.0,"{""class_weight_mode"": ""none"", ""colsample_bytree"": 0.5, ""learning_rate"": 0.03, ""min_child_samples"": 10, ""n_estimators"": 400, ""num_leaves"": 15, ""reg_lambda"": 5.0, ""subsample"": 0.8, ""subsample_freq"": 1}",False,False,rebuilt,,,,,,
5dca59ba123fb6a9,xgb,full,False,0.8077821011673152,0.0,0.795861508286644,0.588059526973786,59.25,"{""class_weight_mode"": ""balanced"", ""colsample_bytree"": 0.8, ""learning_rate"": 0.06, ""max_depth"": 6, ""min_child_weight"": 3, ""n_estimators"": 400, ""reg_lambda"": 1.0, ""subsample"": 0.7}",False,False,rebuilt,,,,,,
26ce3734680308d4,xgb,full,False,0.8077821011673152,0.0,0.7953251491750967,0.6221958259990066,68.75,"{""class_weight_mode"": ""balanced"", ""colsample_bytree"": 0.5, ""learning_rate"": 0.12, ""max_depth"": 6, ""min_child_weight"": 1, ""n_estimators"": 800, ""reg_lambda"": 1.0, ""subsample"": 0.7}",False,False,rebuilt,,,,,,
1dfb20068c1d2dc9,xgb,full,False,0.8077821011673152,0.0,0.7940736059961772,0.597269391391967,125.13,"{""class_weight_mode"": ""balanced"", ""colsample_bytree"": 0.5, ""learning_rate"": 0.03, ""max_depth"": 6, ""min_child_weight"": 1, ""n_estimators"": 800, ""reg_lambda"": 1.0, ""subsample"": 0.9}",False,False,rebuilt,,,,,,
754daeaa9da64480,xgb,full,False,0.8077821011673152,0.0,0.7907914963585265,0.5675410979101078,100.98,"{""class_weight_mode"": ""none"", ""colsample_bytree"": 0.5, ""learning_rate"": 0.03, ""max_depth"": 3, ""min_child_weight"": 1, ""n_estimators"": 800, ""reg_lambda"": 1.0, ""subsample"": 0.9}",False,False,rebuilt,,,,,,
c1a820d72d99f0ce,xgb,top120,False,0.8077821011673152,0.0,0.7908436053956858,0.5947777366127596,106.61,"{""class_weight_mode"": ""balanced"", ""colsample_bytree"": 0.34232317789268135, ""gamma"": 0.00871877531200731, ""learning_rate"": 0.04833540471262492, ""max_depth"": 4, ""min_child_weight"": 1.2278284080246216, ""n_estimators"": 1400, ""reg_alpha"": 0.006227481925768049, ""reg_lambda"": 8.655438880889651, ""subsample"": 0.9313034117571535}",False,False,rebuilt,,,,,,
aa34e209c74c529f,xgb,full,False,0.8077821011673152,0.0,0.7894669242212903,0.5857353314350383,46.65,"{""class_weight_mode"": ""none"", ""colsample_bytree"": 0.5, ""learning_rate"": 0.12, ""max_depth"": 4, ""min_child_weight"": 1, ""n_estimators"": 400, ""reg_lambda"": 5.0, ""subsample"": 0.7}",False,False,rebuilt,,,,,,
89b6d926f5f05295,lgbm,full,False,0.8077821011673152,0.0,0.7938374052037822,0.6035475302655191,123.81,"{""class_weight_mode"": ""balanced"", ""colsample_bytree"": 0.5, ""learning_rate"": 0.06, ""min_child_samples"": 5, ""n_estimators"": 800, ""num_leaves"": 31, ""reg_lambda"": 5.0, ""subsample"": 0.8, ""subsample_freq"": 1}",False,False,rebuilt,,,,,,
36e1117dfaff4ad6,xgb,full,False,0.8077821011673152,0.0,0.7906218597189609,0.5817428067511641,30.49,"{""class_weight_mode"": ""none"", ""colsample_bytree"": 0.5, ""learning_rate"": 0.12, ""max_depth"": 4, ""min_child_weight"": 3, ""n_estimators"": 400, ""reg_lambda"": 5.0, ""subsample"": 0.9}",False,False,rebuilt,,,,,,
f44b8efe319f4e2f,xgb,full,False,0.8077821011673152,0.0,0.793385779216336,0.6003739052467435,64.65,"{""class_weight_mode"": ""balanced"", ""colsample_bytree"": 0.5, ""learning_rate"": 0.06, ""max_depth"": 6, ""min_child_weight"": 1, ""n_estimators"": 400, ""reg_lambda"": 1.0, ""subsample"": 0.9}",False,False,rebuilt,,,,,,
7708210f9becbcd0,xgb,full,False,0.8077821011673152,0.0,0.7916594635361267,0.6391025567753149,63.96,"{""class_weight_mode"": ""none"", ""colsample_bytree"": 0.8, ""learning_rate"": 0.12, ""max_depth"": 4, ""min_child_weight"": 1, ""n_estimators"": 800, ""reg_lambda"": 1.0, ""subsample"": 0.9}",False,False,rebuilt,,,,,,
c1ef787ff417cf72,xgb,full,False,0.8077821011673152,0.0,0.7910188626864073,0.5715910800662353,149.22,"{""class_weight_mode"": ""none"", ""colsample_bytree"": 0.8, ""learning_rate"": 0.03, ""max_depth"": 8, ""min_child_weight"": 1, ""n_estimators"": 400, ""reg_lambda"": 1.0, ""subsample"": 0.7}",False,False,rebuilt,,,,,,
7c288ff9dea849e9,xgb,full,False,0.8077821011673152,0.0,0.790867688854984,0.5939022832795576,59.8,"{""class_weight_mode"": ""none"", ""colsample_bytree"": 0.8, ""learning_rate"": 0.12, ""max_depth"": 3, ""min_child_weight"": 1, ""n_estimators"": 400, ""reg_lambda"": 5.0, ""subsample"": 0.7}",False,False,rebuilt,,,,,,
8ad5296064880d8a,xgb,full,False,0.8070038910505837,0.0,0.7893977584240507,0.5906786892063891,36.95,"{""class_weight_mode"": ""none"", ""colsample_bytree"": 0.5, ""learning_rate"": 0.12, ""max_depth"": 3, ""min_child_weight"": 1, ""n_estimators"": 400, ""reg_lambda"": 5.0, ""subsample"": 0.7}",False,False,rebuilt,,,,,,
607bf16e3dedc635,lgbm,full,False,0.8070038910505837,0.0,0.7945943067333816,0.5762678883041382,53.51,"{""class_weight_mode"": ""balanced"", ""colsample_bytree"": 0.5, ""learning_rate"": 0.03, ""min_child_samples"": 20, ""n_estimators"": 400, ""num_leaves"": 31, ""reg_lambda"": 5.0, ""subsample"": 0.8, ""subsample_freq"": 1}",False,False,rebuilt,,,,,,
08ea5554321d49a4,xgb,full,False,0.8070038910505837,0.0,0.7887035724317045,0.5833875498703696,56.69,"{""class_weight_mode"": ""none"", ""colsample_bytree"": 0.8, ""learning_rate"": 0.06, ""max_depth"": 3, ""min_child_weight"": 1, ""n_estimators"": 400, ""reg_lambda"": 1.0, ""subsample"": 0.7}",False,False,rebuilt,,,,,,
3185d8c6aff35e5d,xgb,full,False,0.8070038910505837,0.0,0.7886092700306414,0.5825727663450648,81.45,"{""class_weight_mode"": ""none"", ""colsample_bytree"": 0.5, ""learning_rate"": 0.03, ""max_depth"": 6, ""min_child_weight"": 3, ""n_estimators"": 400, ""reg_lambda"": 5.0, ""subsample"": 0.7}",False,False,rebuilt,,,,,,
0771141f9ccbf809,lgbm,full,False,0.8070038910505837,0.0,0.7867439858657406,0.9034395604954198,39.32,"{""class_weight_mode"": ""none"", ""colsample_bytree"": 0.5, ""learning_rate"": 0.12, ""min_child_samples"": 5, ""n_estimators"": 800, ""num_leaves"": 31, ""reg_lambda"": 0.0, ""subsample"": 0.8, ""subsample_freq"": 1}",False,False,rebuilt,,,,,,
742d79d25b545ab7,xgb,full,False,0.8070038910505837,0.0,0.7921952492736793,0.58730770648152,45.53,"{""class_weight_mode"": ""none"", ""colsample_bytree"": 0.5, ""learning_rate"": 0.12, ""max_depth"": 4, ""min_child_weight"": 1, ""n_estimators"": 400, ""reg_lambda"": 5.0, ""subsample"": 0.9}",False,False,rebuilt,,,,,,
ceb3c12b3c54e77a,lgbm,full,False,0.8070038910505837,0.0,0.79248212703947,0.890206927201577,63.26,"{""class_weight_mode"": ""balanced"", ""colsample_bytree"": 0.5, ""learning_rate"": 0.12, ""min_child_samples"": 5, ""n_estimators"": 800, ""num_leaves"": 63, ""reg_lambda"": 0.0, ""subsample"": 0.8, ""subsample_freq"": 1}",False,False,rebuilt,,,,,,
54dabf00bf71480c,xgb,full,False,0.8070038910505837,0.0,0.7875324752973751,0.6028320289816365,32.29,"{""class_weight_mode"": ""none"", ""colsample_bytree"": 0.5, ""learning_rate"": 0.12, ""max_depth"": 8, ""min_child_weight"": 3, ""n_estimators"": 400, ""reg_lambda"": 1.0, ""subsample"": 0.9}",False,False,rebuilt,,,,,,
5e9a1ec69f6d786f,xgb,full,False,0.8070038910505837,0.0,0.795313179554072,0.6251877536704418,44.18,"{""class_weight_mode"": ""balanced"", ""colsample_bytree"": 0.5, ""learning_rate"": 0.12, ""max_depth"": 3, ""min_child_weight"": 3, ""n_estimators"": 800, ""reg_lambda"": 1.0, ""subsample"": 0.7}",False,False,rebuilt,,,,,,
8c87bd5a22c95b8b,xgb,full,False,0.8070038910505837,0.0,0.787916478330824,0.5735600230653419,84.85,"{""class_weight_mode"": ""none"", ""colsample_bytree"": 0.5, ""learning_rate"": 0.06, ""max_depth"": 8, ""min_child_weight"": 1, ""n_estimators"": 400, ""reg_lambda"": 5.0, ""subsample"": 0.7}",False,False,rebuilt,,,,,,
53d3afcf96b9d61d,xgb,top120,False,0.8070038910505837,0.0,0.7862918528792366,0.595048870060992,46.56,"{""class_weight_mode"": ""none"", ""colsample_bytree"": 0.9254189705419658, ""gamma"": 0.013955126624829369, ""learning_rate"": 0.11258273758493069, ""max_depth"": 5, ""min_child_weight"": 3.4653045020562785, ""n_estimators"": 900, ""reg_alpha"": 0.4998323319594946, ""reg_lambda"": 0.47421442832455596, ""subsample"": 0.7894350355218841}",False,False,rebuilt,,,,,,
7353f3f2086451a3,xgb,full,False,0.8070038910505837,0.0,0.7880464190863581,0.5807743063951044,117.63,"{""class_weight_mode"": ""none"", ""colsample_bytree"": 0.8, ""learning_rate"": 0.03, ""max_depth"": 4, ""min_child_weight"": 3, ""n_estimators"": 800, ""reg_lambda"": 1.0, ""subsample"": 0.7}",False,False,rebuilt,,,,,,
a65c0e8b53f96466,xgb,full,False,0.8070038910505837,0.0,0.7878508907192595,0.5682402283154767,191.31,"{""class_weight_mode"": ""none"", ""colsample_bytree"": 0.5, ""learning_rate"": 0.03, ""max_depth"": 8, ""min_child_weight"": 1, ""n_estimators"": 800, ""reg_lambda"": 5.0, ""subsample"": 0.9}",False,False,rebuilt,,,,,,
47f2aa34f7135003,xgb,full,False,0.8070038910505837,0.0,0.7879697011548643,0.6096991821994104,58.22,"{""class_weight_mode"": ""none"", ""colsample_bytree"": 0.8, ""learning_rate"": 0.12, ""max_depth"": 6, ""min_child_weight"": 3, ""n_estimators"": 800, ""reg_lambda"": 1.0, ""subsample"": 0.9}",False,False,rebuilt,,,,,,
9c92f13c63c6ebf9,hgb,full,False,0.8070038910505837,0.008560311284046662,0.7832645588280829,0.85208420234829,447.49,"{""l2_regularization"": 0.0, ""learning_rate"": 0.1, ""max_iter"": 400, ""max_leaf_nodes"": 31, ""min_samples_leaf"": 5}",,,finalists,0.7992217898832684,0.005502776507288341,0.7755504655525551,0.8065487369726713,,/work/oof/hgb_9c92f13c63c6ebf9.npz
1fac15531d0a4ce4,xgb,full,False,0.8070038910505837,0.0,0.7967004348171182,0.5927035265075369,76.23,"{""class_weight_mode"": ""balanced"", ""colsample_bytree"": 0.8, ""learning_rate"": 0.06, ""max_depth"": 6, ""min_child_weight"": 3, ""n_estimators"": 800, ""reg_lambda"": 5.0, ""subsample"": 0.7}",False,False,rebuilt,,,,,,
cc6dc0dd2f6f2a08,lgbm,full,False,0.8070038910505837,0.0,0.7871657738890081,0.5806279323651002,45.14,"{""class_weight_mode"": ""none"", ""colsample_bytree"": 0.8, ""learning_rate"": 0.06, ""min_child_samples"": 20, ""n_estimators"": 400, ""num_leaves"": 15, ""reg_lambda"": 5.0, ""subsample"": 0.8, ""subsample_freq"": 1}",False,False,rebuilt,,,,,,
93b2817eb8448eb7,xgb,top120,False,0.8070038910505837,0.0,0.7937451896878509,0.6095804287453507,24.63,"{""class_weight_mode"": ""balanced"", ""colsample_bytree"": 0.9663306651081195, ""gamma"": 0.0006875172333347848, ""learning_rate"": 0.1423544309471939, ""max_depth"": 8, ""min_child_weight"": 5.579186362951646, ""n_estimators"": 500, ""reg_alpha"": 0.08104265560109075, ""reg_lambda"": 0.39550113305303414, ""subsample"": 0.67780204794126}",False,False,rebuilt,,,,,,
42005a8874b75dca,xgb,full,False,0.8070038910505837,0.0,0.7900286284677074,0.57576233778253,103.09,"{""class_weight_mode"": ""none"", ""colsample_bytree"": 0.8, ""learning_rate"": 0.03, ""max_depth"": 6, ""min_child_weight"": 3, ""n_estimators"": 800, ""reg_lambda"": 1.0, ""subsample"": 0.7}",False,False,rebuilt,,,,,,
42ff1d3352f8ecc5,xgb,full,False,0.8070038910505837,0.0,0.7887550894260955,0.5566703140442345,44.15,"{""class_weight_mode"": ""none"", ""colsample_bytree"": 0.5, ""learning_rate"": 0.03, ""max_depth"": 3, ""min_child_weight"": 1, ""n_estimators"": 400, ""reg_lambda"": 1.0, ""subsample"": 0.9}",False,False,rebuilt,,,,,,
e36925c67530dd8c,xgb,full,False,0.8070038910505837,0.0,0.7950717745670148,0.6040040958262445,35.84,"{""class_weight_mode"": ""balanced"", ""colsample_bytree"": 0.8, ""learning_rate"": 0.12, ""max_depth"": 6, ""min_child_weight"": 3, ""n_estimators"": 400, ""reg_lambda"": 1.0, ""subsample"": 0.7}",False,False,rebuilt,,,,,,
9cc170f6a71c00af,xgb,full,False,0.8070038910505837,0.0,0.7893495860019316,0.5859939764420073,133.37,"{""class_weight_mode"": ""none"", ""colsample_bytree"": 0.8, ""learning_rate"": 0.06, ""max_depth"": 8, ""min_child_weight"": 1, ""n_estimators"": 800, ""reg_lambda"": 5.0, ""subsample"": 0.7}",False,False,rebuilt,,,,,,
5a17b2eac2f8cfce,xgb,full,False,0.8070038910505837,0.0,0.7928447443966539,0.5859153252489828,99.64,"{""class_weight_mode"": ""balanced"", ""colsample_bytree"": 0.8, ""learning_rate"": 0.06, ""max_depth"": 8, ""min_child_weight"": 1, ""n_estimators"": 400, ""reg_lambda"": 5.0, ""subsample"": 0.7}",False,False,rebuilt,,,,,,
4c046ecc4ea42788,xgb,full,False,0.8070038910505837,0.0,0.7856666420354457,0.6342096945066134,49.34,"{""class_weight_mode"": ""none"", ""colsample_bytree"": 0.5, ""learning_rate"": 0.12, ""max_depth"": 6, ""min_child_weight"": 1, ""n_estimators"": 800, ""reg_lambda"": 1.0, ""subsample"": 0.9}",False,False,rebuilt,,,,,,
59b558e285f5e87a,xgb,full,False,0.8070038910505837,0.0,0.7955660926581898,0.5974004586189204,27.07,"{""class_weight_mode"": ""balanced"", ""colsample_bytree"": 0.5, ""learning_rate"": 0.12, ""max_depth"": 3, ""min_child_weight"": 3, ""n_estimators"": 400, ""reg_lambda"": 1.0, ""subsample"": 0.9}",False,False,rebuilt,,,,,,
cee807edb78828e3,xgb,full,False,0.8070038910505837,0.0,0.7861972747770363,0.5876997498416738,94.22,"{""class_weight_mode"": ""none"", ""colsample_bytree"": 0.9839294730379746, ""gamma"": 0.008672783550204908, ""learning_rate"": 0.05106350286856478, ""max_depth"": 5, ""min_child_weight"": 7.77639737442574, ""n_estimators"": 1100, ""reg_alpha"": 0.6954574577651019, ""reg_lambda"": 1.0807247783871474, ""subsample"": 0.9439754770146342}",False,False,rebuilt,,,,,,
914d78e0a745f0d3,xgb,full,False,0.8070038910505837,0.0,0.7955729500742601,0.6099524280364071,60.4,"{""class_weight_mode"": ""balanced"", ""colsample_bytree"": 0.5, ""learning_rate"": 0.12, ""max_depth"": 3, ""min_child_weight"": 3, ""n_estimators"": 800, ""reg_lambda"": 5.0, ""subsample"": 0.9}",False,False,rebuilt,,,,,,
24b7092a307606ed,xgb,full,False,0.8070038910505837,0.0,0.7891740856005127,0.5657305282188001,82.34,"{""class_weight_mode"": ""none"", ""colsample_bytree"": 0.5, ""learning_rate"": 0.03, ""max_depth"": 4, ""min_child_weight"": 1, ""n_estimators"": 400, ""reg_lambda"": 5.0, ""subsample"": 0.9}",False,False,rebuilt,,,,,,
08ecd7ce9f9373e3,lgbm,full,False,0.8070038910505837,0.0,0.7858300647668738,0.5923725239495792,141.14,"{""class_weight_mode"": ""none"", ""colsample_bytree"": 0.8, ""learning_rate"": 0.03, ""min_child_samples"": 5, ""n_estimators"": 800, ""num_leaves"": 15, ""reg_lambda"": 5.0, ""subsample"": 0.8, ""subsample_freq"": 1}",False,False,rebuilt,,,,,,
be3c1731df6ce40b,xgb,full,False,0.8070038910505837,0.0,0.7882656576926841,0.5649198801931008,85.48,"{""class_weight_mode"": ""none"", ""colsample_bytree"": 0.5, ""learning_rate"": 0.03, ""max_depth"": 3, ""min_child_weight"": 1, ""n_estimators"": 800, ""reg_lambda"": 5.0, ""subsample"": 0.7}",False,False,rebuilt,,,,,,
ff961f06fb185f00,lgbm,full,False,0.8070038910505837,0.0,0.795372795652661,0.8565088917468014,102.88,"{""class_weight_mode"": ""balanced"", ""colsample_bytree"": 0.5, ""learning_rate"": 0.06, ""min_child_samples"": 10, ""n_estimators"": 400, ""num_leaves"": 63, ""reg_lambda"": 0.0, ""subsample"": 0.8, ""subsample_freq"": 1}",False,False,rebuilt,,,,,,
1d0b9d9c3f9abfcd,xgb,full,False,0.8070038910505837,0.0,0.7906045104286255,0.5711540502934915,91.27,"{""class_weight_mode"": ""none"", ""colsample_bytree"": 0.8, ""learning_rate"": 0.06, ""max_depth"": 6, ""min_child_weight"": 3, ""n_estimators"": 400, ""reg_lambda"": 5.0, ""subsample"": 0.9}",False,False,rebuilt,,,,,,
c89035f5d64cf06e,xgb,full,False,0.8070038910505837,0.0,0.7893210373674007,0.5728012273625627,61.63,"{""class_weight_mode"": ""none"", ""colsample_bytree"": 0.5, ""learning_rate"": 0.06, ""max_depth"": 4, ""min_child_weight"": 3, ""n_estimators"": 400, ""reg_lambda"": 5.0, ""subsample"": 0.7}",False,False,rebuilt,,,,,,
7a5d44438a204a4d,xgb,full,False,0.8070038910505837,0.0,0.7892575199246854,0.5641895623238035,73.37,"{""class_weight_mode"": ""none"", ""colsample_bytree"": 0.5, ""learning_rate"": 0.03, ""max_depth"": 8, ""min_child_weight"": 3, ""n_estimators"": 400, ""reg_lambda"": 5.0, ""subsample"": 0.9}",False,False,rebuilt,,,,,,
7a2986675b07034e,xgb,full,False,0.8070038910505837,0.0,0.7920722781667735,0.6052787889280161,65.07,"{""class_weight_mode"": ""balanced"", ""colsample_bytree"": 0.5, ""learning_rate"": 0.06, ""max_depth"": 4, ""min_child_weight"": 1, ""n_estimators"": 800, ""reg_lambda"": 1.0, ""subsample"": 0.7}",False,False,rebuilt,,,,,,
ce0a9368530e19f7,xgb,full,False,0.8070038910505837,0.0,0.7896038729136976,0.5800111400804989,115.76,"{""class_weight_mode"": ""none"", ""colsample_bytree"": 0.8, ""learning_rate"": 0.03, ""max_depth"": 8, ""min_child_weight"": 3, ""n_estimators"": 800, ""reg_lambda"": 1.0, ""subsample"": 0.7}",False,False,rebuilt,,,,,,
bef05009c9b9ac29,xgb,full,False,0.8070038910505837,0.0,0.7889752401103864,0.5696123799901477,216.43,"{""class_weight_mode"": ""none"", ""colsample_bytree"": 0.8, ""learning_rate"": 0.03, ""max_depth"": 6, ""min_child_weight"": 1, ""n_estimators"": 800, ""reg_lambda"": 5.0, ""subsample"": 0.7}",False,False,rebuilt,,,,,,
bee345c25e168242,xgb,full,False,0.8070038910505837,0.0,0.7923616583992226,0.6274800897715255,38.74,"{""class_weight_mode"": ""balanced"", ""colsample_bytree"": 0.6730654684655262, ""gamma"": 0.0001338839535811851, ""learning_rate"": 0.1853438661265622, ""max_depth"": 6, ""min_child_weight"": 1.5487694750408052, ""n_estimators"": 400, ""reg_alpha"": 0.07854424577226689, ""reg_lambda"": 2.3482031413922235, ""subsample"": 0.9592897598480516}",False,False,rebuilt,,,,,,
4f47f0af0168fcc2,xgb,full,False,0.8070038910505837,0.0,0.788194678669158,0.5976306924182878,231.01,"{""class_weight_mode"": ""none"", ""colsample_bytree"": 0.8987646763974031, ""gamma"": 0.0001908944505770819, ""learning_rate"": 0.029610293215700176, ""max_depth"": 7, ""min_child_weight"": 0.5298213259593234, ""n_estimators"": 600, ""reg_alpha"": 0.0010820806503369224, ""reg_lambda"": 0.4387202876111146, ""subsample"": 0.5772757841977376}",False,False,rebuilt,,,,,,
0ad15335331a8ae3,xgb,full,False,0.8070038910505837,0.0,0.7885740626228769,0.6160861283248341,49.22,"{""class_weight_mode"": ""none"", ""colsample_bytree"": 0.8, ""learning_rate"": 0.12, ""max_depth"": 3, ""min_child_weight"": 1, ""n_estimators"": 400, ""reg_lambda"": 1.0, ""subsample"": 0.7}",False,False,rebuilt,,,,,,
5871066d47c87f71,xgb,full,False,0.8070038910505837,0.0,0.7888359072560147,0.5618734761314845,67.68,"{""class_weight_mode"": ""none"", ""colsample_bytree"": 0.8, ""learning_rate"": 0.06, ""max_depth"": 3, ""min_child_weight"": 1, ""n_estimators"": 400, ""reg_lambda"": 5.0, ""subsample"": 0.9}",False,False,rebuilt,,,,,,
ac78d0159a07be2a,xgb,full,False,0.8070038910505837,0.0,0.7918063640822659,0.6064603430289961,72.07,"{""class_weight_mode"": ""none"", ""colsample_bytree"": 0.5, ""learning_rate"": 0.12, ""max_depth"": 6, ""min_child_weight"": 1, ""n_estimators"": 800, ""reg_lambda"": 5.0, ""subsample"": 0.9}",False,False,rebuilt,,,,,,
fa3295aaba8c2db1,xgb,full,False,0.8070038910505837,0.0,0.7888923702418017,0.5668926103903784,82.72,"{""class_weight_mode"": ""none"", ""colsample_bytree"": 0.5, ""learning_rate"": 0.03, ""max_depth"": 6, ""min_child_weight"": 1, ""n_estimators"": 400, ""reg_lambda"": 1.0, ""subsample"": 0.7}",False,False,rebuilt,,,,,,
16ac521a9a54f2ee,xgb,full,False,0.8070038910505837,0.0,0.7961559713582154,0.5673336525374444,92.35,"{""class_weight_mode"": ""balanced"", ""colsample_bytree"": 0.8, ""learning_rate"": 0.03, ""max_depth"": 3, ""min_child_weight"": 3, ""n_estimators"": 800, ""reg_lambda"": 5.0, ""subsample"": 0.9}",False,False,rebuilt,,,,,,
ebb3f68cdb82329c,xgb,full,False,0.8070038910505837,0.0,0.7934128463679702,0.5835056860274126,122.15,"{""class_weight_mode"": ""balanced"", ""colsample_bytree"": 0.8, ""learning_rate"": 0.06, ""max_depth"": 6, ""min_child_weight"": 1, ""n_estimators"": 400, ""reg_lambda"": 5.0, ""subsample"": 0.7}",False,False,rebuilt,,,,,,
8607325d163e7f56,xgb,full,False,0.8070038910505837,0.0,0.789710262786319,0.6218709884709854,74.66,"{""class_weight_mode"": ""none"", ""colsample_bytree"": 0.8, ""learning_rate"": 0.12, ""max_depth"": 6, ""min_child_weight"": 3, ""n_estimators"": 800, ""reg_lambda"": 1.0, ""subsample"": 0.7}",False,False,rebuilt,,,,,,
50ad9ad66e95a7aa,xgb,full,False,0.8070038910505837,0.0,0.7927869534179776,0.599527451364819,73.46,"{""class_weight_mode"": ""balanced"", ""colsample_bytree"": 0.8, ""learning_rate"": 0.06, ""max_depth"": 4, ""min_child_weight"": 1, ""n_estimators"": 400, ""reg_lambda"": 1.0, ""subsample"": 0.9}",False,False,rebuilt,,,,,,
29ea78acf4fec990,lgbm,top120,False,0.8070038910505837,0.0,0.7838812959131574,0.5738601057493115,80.15,"{""class_weight_mode"": ""none"", ""colsample_bytree"": 0.7534481747204383, ""learning_rate"": 0.012269195339265638, ""min_child_samples"": 15, ""n_estimators"": 1200, ""num_leaves"": 29, ""reg_alpha"": 1.436312495262975, ""reg_lambda"": 0.002559211897321367, ""subsample"": 0.897178107199744, ""subsample_freq"": 1}",False,False,rebuilt,,,,,,
222537dd7d481521,lgbm,top120,False,0.8070038910505837,0.0,0.7916375941997371,0.6059116173701747,170.45,"{""class_weight_mode"": ""none"", ""colsample_bytree"": 0.9738538902745475, ""learning_rate"": 0.03724903152541143, ""min_child_samples"": 5, ""n_estimators"": 1300, ""num_leaves"": 31, ""reg_alpha"": 0.3753079051778713, ""reg_lambda"": 3.9407199643233826, ""subsample"": 0.5126753717077288, ""subsample_freq"": 1}",False,False,rebuilt,,,,,,
0e31023360fe7ba7,hgb,full,False,0.8070038910505837,0.0,0.7904858668520369,0.6404565356915809,139.99,"{""l2_regularization"": 1.0, ""learning_rate"": 0.05, ""max_iter"": 400, ""max_leaf_nodes"": 31, ""min_samples_leaf"": 20}",False,False,rebuilt,,,,,,
ed9a8d6de273f5b5,xgb,full,False,0.8070038910505837,0.0,0.7936162721931412,0.6190491301657498,38.72,"{""class_weight_mode"": ""balanced"", ""colsample_bytree"": 0.5, ""learning_rate"": 0.12, ""max_depth"": 4, ""min_child_weight"": 3, ""n_estimators"": 800, ""reg_lambda"": 1.0, ""subsample"": 0.9}",False,False,rebuilt,,,,,,
13cffb8278e659f7,lgbm,full,False,0.8070038910505837,0.0,0.7871123948014884,0.5857026075027959,59.06,"{""class_weight_mode"": ""none"", ""colsample_bytree"": 0.5, ""learning_rate"": 0.06, ""min_child_samples"": 10, ""n_estimators"": 400, ""num_leaves"": 15, ""reg_lambda"": 5.0, ""subsample"": 0.8, ""subsample_freq"": 1}",False,False,rebuilt,,,,,,
0cb53a706e56e7d4,xgb,full,False,0.8070038910505837,0.0,0.7900605448014968,0.6021437425568404,66.82,"{""class_weight_mode"": ""none"", ""colsample_bytree"": 0.5, ""learning_rate"": 0.06, ""max_depth"": 3, ""min_child_weight"": 1, ""n_estimators"": 800, ""reg_lambda"": 1.0, ""subsample"": 0.7}",False,False,rebuilt,,,,,,
996f642cad8e2740,lgbm,full,False,0.8070038910505837,0.0,0.7921438883928701,0.6518135667695346,87.78,"{""class_weight_mode"": ""balanced"", ""colsample_bytree"": 0.631430239546396, ""learning_rate"": 0.04139180589771873, ""min_child_samples"": 6, ""n_estimators"": 1400, ""num_leaves"": 70, ""reg_alpha"": 0.040253554598618735, ""reg_lambda"": 0.005558357009639523, ""subsample"": 0.7458079375584161, ""subsample_freq"": 1}",False,False,rebuilt,,,,,,
855bad016d958504,xgb,full,False,0.8070038910505837,0.0,0.7923815318056736,0.5744786748026093,151.24,"{""class_weight_mode"": ""balanced"", ""colsample_bytree"": 0.5, ""learning_rate"": 0.03, ""max_depth"": 4, ""min_child_weight"": 1, ""n_estimators"": 800, ""reg_lambda"": 5.0, ""subsample"": 0.9}",False,False,rebuilt,,,,,,
4fbd947f9b9358c9,xgb,full,False,0.8070038910505837,0.0,0.7900747007509149,0.574150715212709,64.14,"{""class_weight_mode"": ""none"", ""colsample_bytree"": 0.5, ""learning_rate"": 0.06, ""max_depth"": 6, ""min_child_weight"": 3, ""n_estimators"": 400, ""reg_lambda"": 5.0, ""subsample"": 0.7}",False,False,rebuilt,,,,,,
2d8512159a23df30,xgb,full,False,0.8070038910505837,0.0,0.7887967124752004,0.5660448327683216,82.31,"{""class_weight_mode"": ""none"", ""colsample_bytree"": 0.5, ""learning_rate"": 0.03, ""max_depth"": 6, ""min_child_weight"": 3, ""n_estimators"": 400, ""reg_lambda"": 5.0, ""subsample"": 0.9}",False,False,rebuilt,,,,,,
25d893a8021d9979,et,full,False,0.8070038910505837,0.0,0.800783947661205,0.5831579819187783,40.89,"{""class_weight_mode"": ""balanced"", ""max_depth"": null, ""max_features"": 0.3, ""min_samples_leaf"": 2, ""n_estimators"": 1200}",False,False,rebuilt,,,,,,
6f9d05e1ceaa3555,lgbm,full,False,0.8070038910505837,0.0,0.7951149073548465,0.5772644778157635,40.29,"{""class_weight_mode"": ""balanced"", ""colsample_bytree"": 0.5, ""learning_rate"": 0.03, ""min_child_samples"": 20, ""n_estimators"": 400, ""num_leaves"": 15, ""reg_lambda"": 5.0, ""subsample"": 0.8, ""subsample_freq"": 1}",False,False,rebuilt,,,,,,
7be9c0148f72abbc,xgb,full,False,0.8070038910505837,0.0,0.7869248889196387,0.6266838059322867,52.35,"{""class_weight_mode"": ""none"", ""colsample_bytree"": 0.8, ""learning_rate"": 0.12, ""max_depth"": 4, ""min_child_weight"": 1, ""n_estimators"": 400, ""reg_lambda"": 1.0, ""subsample"": 0.7}",False,False,rebuilt,,,,,,
ff487185736f8ecf,xgb,full,False,0.8070038910505837,0.0,0.789012076678839,0.567277473887442,47.75,"{""class_weight_mode"": ""none"", ""colsample_bytree"": 0.8, ""learning_rate"": 0.06, ""max_depth"": 3, ""min_child_weight"": 3, ""n_estimators"": 400, ""reg_lambda"": 1.0, ""subsample"": 0.9}",False,False,rebuilt,,,,,,
8e2447414dea4a37,xgb,full,False,0.8070038910505837,0.0,0.794756129615642,0.6226440545267494,52.36,"{""class_weight_mode"": ""balanced"", ""colsample_bytree"": 0.8, ""learning_rate"": 0.12, ""max_depth"": 4, ""min_child_weight"": 1, ""n_estimators"": 400, ""reg_lambda"": 1.0, ""subsample"": 0.9}",False,False,rebuilt,,,,,,
ef2b159d8ebd7162,xgb,full,False,0.8070038910505837,0.0,0.7946953143795479,0.5791257387703177,124.53,"{""class_weight_mode"": ""balanced"", ""colsample_bytree"": 0.8, ""learning_rate"": 0.03, ""max_depth"": 8, ""min_child_weight"": 1, ""n_estimators"": 400, ""reg_lambda"": 1.0, ""subsample"": 0.7}",False,False,rebuilt,,,,,,
bd3a26a4c13e2637,xgb,full,False,0.8070038910505837,0.0,0.7936461657794097,0.5802266063850611,101.11,"{""class_weight_mode"": ""balanced"", ""colsample_bytree"": 0.5, ""learning_rate"": 0.03, ""max_depth"": 8, ""min_child_weight"": 1, ""n_estimators"": 400, ""reg_lambda"": 1.0, ""subsample"": 0.9}",False,False,rebuilt,,,,,,
d11d99afee0ddc86,xgb,full,False,0.8070038910505837,0.0,0.7898526072651458,0.6243223086534043,58.16,"{""class_weight_mode"": ""none"", ""colsample_bytree"": 0.8, ""learning_rate"": 0.12, ""max_depth"": 6, ""min_child_weight"": 1, ""n_estimators"": 400, ""reg_lambda"": 1.0, ""subsample"": 0.7}",False,False,rebuilt,,,,,,
cbc0357e1aaae575,xgb,full,False,0.8070038910505837,0.0,0.788196828742157,0.5690432995891731,134.2,"{""class_weight_mode"": ""none"", ""colsample_bytree"": 0.8, ""learning_rate"": 0.03, ""max_depth"": 3, ""min_child_weight"": 1, ""n_estimators"": 800, ""reg_lambda"": 5.0, ""subsample"": 0.7}",False,False,rebuilt,,,,,,
10dae2bd9107d717,xgb,full,False,0.8070038910505837,0.0,0.7944313386107436,0.6109255559608288,51.54,"{""class_weight_mode"": ""balanced"", ""colsample_bytree"": 0.5, ""learning_rate"": 0.12, ""max_depth"": 4, ""min_child_weight"": 3, ""n_estimators"": 800, ""reg_lambda"": 5.0, ""subsample"": 0.9}",False,False,rebuilt,,,,,,
6336da8e1d9bc4b1,xgb,full,False,0.8070038910505837,0.0,0.7943856936245972,0.5737620472114273,90.92,"{""class_weight_mode"": ""balanced"", ""colsample_bytree"": 0.8, ""learning_rate"": 0.06, ""max_depth"": 4, ""min_child_weight"": 1, ""n_estimators"": 400, ""reg_lambda"": 5.0, ""subsample"": 0.9}",False,False,rebuilt,,,,,,
3d9bc1d1887d712a,xgb,full,False,0.8070038910505837,0.0,0.7870582818438356,0.5959009720976465,62.46,"{""class_weight_mode"": ""none"", ""colsample_bytree"": 0.5, ""learning_rate"": 0.06, ""max_depth"": 3, ""min_child_weight"": 3, ""n_estimators"": 800, ""reg_lambda"": 1.0, ""subsample"": 0.7}",False,False,rebuilt,,,,,,
c945e78fed27059d,lgbm,full,False,0.8070038910505837,0.0,0.7937461423817818,0.586658526725579,71.28,"{""class_weight_mode"": ""balanced"", ""colsample_bytree"": 0.5, ""learning_rate"": 0.06, ""min_child_samples"": 5, ""n_estimators"": 400, ""num_leaves"": 63, ""reg_lambda"": 5.0, ""subsample"": 0.8, ""subsample_freq"": 1}",False,False,rebuilt,,,,,,
366097d471144e48,lgbm,full,False,0.8070038910505837,0.0,0.7868444231108652,0.587561465480488,45.76,"{""class_weight_mode"": ""none"", ""colsample_bytree"": 0.5, ""learning_rate"": 0.06, ""min_child_samples"": 5, ""n_estimators"": 400, ""num_leaves"": 15, ""reg_lambda"": 5.0, ""subsample"": 0.8, ""subsample_freq"": 1}",False,False,rebuilt,,,,,,
3cf328288647bf4a,cat,full,False,0.8070038910505837,0.0,0.789533872827826,0.5918960920306162,296.13,"{""class_weight_mode"": ""balanced"", ""depth"": 4, ""iterations"": 1000, ""l2_leaf_reg"": 1.0, ""learning_rate"": 0.08}",False,False,rebuilt,,,,,,
befa542509460004,lgbm,full,True,0.8070038910505837,0.0,0.7935095851654652,0.6849689438101818,247.58,"{""class_weight_mode"": ""none"", ""colsample_bytree"": 0.5426592579469938, ""learning_rate"": 0.010332377667787919, ""min_child_samples"": 25, ""n_estimators"": 1100, ""num_leaves"": 80, ""reg_alpha"": 0.005712019888851103, ""reg_lambda"": 0.0024882434655881893, ""subsample"": 0.665172463491272, ""subsample_freq"": 1}",False,False,rebuilt,,,,,,
c4c5456843f9d1a8,xgb,full,False,0.8070038910505837,0.0,0.7941411730556365,0.5803026528061717,40.6,"{""class_weight_mode"": ""balanced"", ""colsample_bytree"": 0.5, ""learning_rate"": 0.06, ""max_depth"": 3, ""min_child_weight"": 3, ""n_estimators"": 400, ""reg_lambda"": 1.0, ""subsample"": 0.7}",False,False,rebuilt,,,,,,
bdeb25895822e6a5,lgbm,full,False,0.8070038910505837,0.0,0.7952915257788994,0.582470941616827,56.44,"{""class_weight_mode"": ""balanced"", ""colsample_bytree"": 0.5, ""learning_rate"": 0.03, ""min_child_samples"": 5, ""n_estimators"": 400, ""num_leaves"": 31, ""reg_lambda"": 5.0, ""subsample"": 0.8, ""subsample_freq"": 1}",False,False,rebuilt,,,,,,
7197727aa262bcb3,lgbm,full,False,0.8070038910505837,0.0,0.7943011224173636,0.5811106481126693,95.01,"{""class_weight_mode"": ""balanced"", ""colsample_bytree"": 0.5, ""learning_rate"": 0.03, ""min_child_samples"": 10, ""n_estimators"": 800, ""num_leaves"": 63, ""reg_lambda"": 5.0, ""subsample"": 0.8, ""subsample_freq"": 1}",False,False,rebuilt,,,,,,
85cc4824fefd54ea,xgb,full,False,0.8070038910505837,0.0,0.7940371169587567,0.5922176393271426,56.09,"{""class_weight_mode"": ""balanced"", ""colsample_bytree"": 0.8, ""learning_rate"": 0.06, ""max_depth"": 4, ""min_child_weight"": 1, ""n_estimators"": 400, ""reg_lambda"": 1.0, ""subsample"": 0.7}",False,False,rebuilt,,,,,,
2ea9a1eaadc4f8b9,xgb,full,False,0.8070038910505837,0.0,0.7895762048432599,0.6029613371059119,53.88,"{""class_weight_mode"": ""none"", ""colsample_bytree"": 0.5, ""learning_rate"": 0.12, ""max_depth"": 6, ""min_child_weight"": 3, ""n_estimators"": 800, ""reg_lambda"": 5.0, ""subsample"": 0.7}",False,False,rebuilt,,,,,,
d463e7ffaf288521,lgbm,full,False,0.8070038910505837,0.0,0.7945943067333816,0.5762678883041382,41.5,"{""class_weight_mode"": ""balanced"", ""colsample_bytree"": 0.5, ""learning_rate"": 0.03, ""min_child_samples"": 20, ""n_estimators"": 400, ""num_leaves"": 63, ""reg_lambda"": 5.0, ""subsample"": 0.8, ""subsample_freq"": 1}",False,False,rebuilt,,,,,,
207643d11e5ef4c3,xgb,full,False,0.8070038910505837,0.0,0.7955868981801169,0.5782117942824144,115.55,"{""class_weight_mode"": ""balanced"", ""colsample_bytree"": 0.8, ""learning_rate"": 0.03, ""max_depth"": 6, ""min_child_weight"": 3, ""n_estimators"": 400, ""reg_lambda"": 5.0, ""subsample"": 0.9}",False,False,rebuilt,,,,,,
af282e34d8b96d98,xgb,full,False,0.8070038910505837,0.0,0.7940122285897446,0.5770593497861255,68.63,"{""class_weight_mode"": ""balanced"", ""colsample_bytree"": 0.5, ""learning_rate"": 0.03, ""max_depth"": 6, ""min_child_weight"": 3, ""n_estimators"": 400, ""reg_lambda"": 5.0, ""subsample"": 0.9}",False,False,rebuilt,,,,,,
76f7015cc2af4088,xgb,full,False,0.8070038910505837,0.0,0.7912271221378195,0.5881088949279712,49.76,"{""class_weight_mode"": ""none"", ""colsample_bytree"": 0.8801560592059757, ""gamma"": 0.00255367332259792, ""learning_rate"": 0.1678730658739473, ""max_depth"": 6, ""min_child_weight"": 4.409698603071621, ""n_estimators"": 1000, ""reg_alpha"": 0.43030269827075707, ""reg_lambda"": 0.9206590637908256, ""subsample"": 0.9342871471839073}",False,False,rebuilt,,,,,,
cb117cac03578d92,xgb,full,False,0.8070038910505837,0.0,0.7857116737743068,0.5753691909174582,87.88,"{""class_weight_mode"": ""none"", ""colsample_bytree"": 0.5, ""learning_rate"": 0.06, ""max_depth"": 6, ""min_child_weight"": 1, ""n_estimators"": 400, ""reg_lambda"": 5.0, ""subsample"": 0.7}",False,False,rebuilt,,,,,,
3a26a7e5fb296190,xgb,full,False,0.8070038910505837,0.0,0.7916037039279675,0.6073572691794378,96.56,"{""class_weight_mode"": ""none"", ""colsample_bytree"": 0.5, ""learning_rate"": 0.12, ""max_depth"": 8, ""min_child_weight"": 1, ""n_estimators"": 800, ""reg_lambda"": 5.0, ""subsample"": 0.7}",False,False,rebuilt,,,,,,
b5085b27c45ca9d5,xgb,full,False,0.8070038910505837,0.0,0.7911379733059343,0.5812483243982888,61.55,"{""class_weight_mode"": ""none"", ""colsample_bytree"": 0.5, ""learning_rate"": 0.06, ""max_depth"": 3, ""min_child_weight"": 3, ""n_estimators"": 800, ""reg_lambda"": 5.0, ""subsample"": 0.7}",False,False,rebuilt,,,,,,
b54ce668aa1b3866,lgbm,full,False,0.8062256809338522,0.0,0.7855398575654396,0.5921994067532688,69.09,"{""class_weight_mode"": ""none"", ""colsample_bytree"": 0.5, ""learning_rate"": 0.06, ""min_child_samples"": 5, ""n_estimators"": 400, ""num_leaves"": 63, ""reg_lambda"": 5.0, ""subsample"": 0.8, ""subsample_freq"": 1}",False,False,rebuilt,,,,,,
c12470a0199267b8,xgb,full,False,0.8062256809338522,0.0,0.788754727637445,0.5996729170116288,49.15,"{""class_weight_mode"": ""none"", ""colsample_bytree"": 0.5, ""learning_rate"": 0.12, ""max_depth"": 8, ""min_child_weight"": 3, ""n_estimators"": 800, ""reg_lambda"": 5.0, ""subsample"": 0.7}",False,False,rebuilt,,,,,,
e21d574149714a63,xgb,full,False,0.8062256809338522,0.0,0.7910580238491935,0.5655972334832536,92.59,"{""class_weight_mode"": ""none"", ""colsample_bytree"": 0.8, ""learning_rate"": 0.03, ""max_depth"": 3, ""min_child_weight"": 3, ""n_estimators"": 800, ""reg_lambda"": 1.0, ""subsample"": 0.9}",False,False,rebuilt,,,,,,
c9e19bc769153fd4,lgbm,full,False,0.8062256809338522,0.0,0.7850062233066856,0.5824455783955421,66.28,"{""class_weight_mode"": ""none"", ""colsample_bytree"": 0.8, ""learning_rate"": 0.03, ""min_child_samples"": 5, ""n_estimators"": 400, ""num_leaves"": 15, ""reg_lambda"": 5.0, ""subsample"": 0.8, ""subsample_freq"": 1}",False,False,rebuilt,,,,,,
8c1ef71a81877ac1,xgb,full,False,0.8062256809338522,0.0,0.7901582424518616,0.5793798660171672,90.69,"{""class_weight_mode"": ""none"", ""colsample_bytree"": 0.5, ""learning_rate"": 0.06, ""max_depth"": 6, ""min_child_weight"": 3, ""n_estimators"": 800, ""reg_lambda"": 5.0, ""subsample"": 0.9}",False,False,rebuilt,,,,,,
b6ff5fae97c21a5d,xgb,full,False,0.8062256809338522,0.0,0.792046019654188,0.622575633604929,38.0,"{""class_weight_mode"": ""none"", ""colsample_bytree"": 0.5, ""learning_rate"": 0.12, ""max_depth"": 6, ""min_child_weight"": 3, ""n_estimators"": 800, ""reg_lambda"": 1.0, ""subsample"": 0.7}",False,False,rebuilt,,,,,,
b4c19ee934ece76d,xgb,full,False,0.8062256809338522,0.0,0.7945515449578333,0.5724764159943245,148.75,"{""class_weight_mode"": ""balanced"", ""colsample_bytree"": 0.5782133102251885, ""gamma"": 0.0016747984893204948, ""learning_rate"": 0.012122705284285518, ""max_depth"": 7, ""min_child_weight"": 4.399297450852448, ""n_estimators"": 1000, ""reg_alpha"": 0.0321504532992647, ""reg_lambda"": 0.1582471480883963, ""subsample"": 0.9652840126993921}",False,False,rebuilt,,,,,,
f902ded30cd4fb1a,xgb,full,False,0.8062256809338522,0.0,0.7923627739860237,0.6159997982656824,111.24,"{""class_weight_mode"": ""balanced"", ""colsample_bytree"": 0.5, ""learning_rate"": 0.06, ""max_depth"": 8, ""min_child_weight"": 1, ""n_estimators"": 800, ""reg_lambda"": 1.0, ""subsample"": 0.9}",False,False,rebuilt,,,,,,
2390ac807bc629d5,xgb,full,False,0.8062256809338522,0.0,0.7857841613753853,0.5728952365340051,72.55,"{""class_weight_mode"": ""none"", ""colsample_bytree"": 0.8, ""learning_rate"": 0.03, ""max_depth"": 4, ""min_child_weight"": 3, ""n_estimators"": 400, ""reg_lambda"": 1.0, ""subsample"": 0.7}",False,False,rebuilt,,,,,,
b33e6edde8ec4f5c,xgb,full,False,0.8062256809338522,0.0,0.7897660091776525,0.5921808461721322,74.31,"{""class_weight_mode"": ""none"", ""colsample_bytree"": 0.8, ""learning_rate"": 0.06, ""max_depth"": 8, ""min_child_weight"": 1, ""n_estimators"": 400, ""reg_lambda"": 1.0, ""subsample"": 0.7}",False,False,rebuilt,,,,,,
5d39440f1bb16f3b,xgb,full,False,0.8062256809338522,0.0,0.7900755800176817,0.5762718509763006,80.62,"{""class_weight_mode"": ""none"", ""colsample_bytree"": 0.5, ""learning_rate"": 0.03, ""max_depth"": 4, ""min_child_weight"": 3, ""n_estimators"": 800, ""reg_lambda"": 1.0, ""subsample"": 0.9}",False,False,rebuilt,,,,,,
156f86893b8f074f,lgbm,full,True,0.8062256809338522,0.0,0.7945632959656268,0.6672978510671915,88.78,"{""class_weight_mode"": ""none"", ""colsample_bytree"": 0.413833306505315, ""learning_rate"": 0.023042505973921792, ""min_child_samples"": 31, ""n_estimators"": 1300, ""num_leaves"": 65, ""reg_alpha"": 0.03435620105064015, ""reg_lambda"": 0.005260566301567521, ""subsample"": 0.6376244805768888, ""subsample_freq"": 1}",False,False,rebuilt,,,,,,
474623b803371068,xgb,full,False,0.8062256809338522,0.0,0.7919671489501122,0.5945163530682087,67.56,"{""class_weight_mode"": ""balanced"", ""colsample_bytree"": 0.8, ""learning_rate"": 0.06, ""max_depth"": 6, ""min_child_weight"": 1, ""n_estimators"": 400, ""reg_lambda"": 1.0, ""subsample"": 0.7}",False,False,rebuilt,,,,,,
5b9618be2e3c6f1d,xgb,full,False,0.8062256809338522,0.0,0.7937949825887164,0.5713377654263778,177.17,"{""class_weight_mode"": ""balanced"", ""colsample_bytree"": 0.5882459015190835, ""gamma"": 0.08466187886501882, ""learning_rate"": 0.01155189724679225, ""max_depth"": 8, ""min_child_weight"": 1.611740203833919, ""n_estimators"": 900, ""reg_alpha"": 0.008695481007609675, ""reg_lambda"": 0.1018139205747416, ""subsample"": 0.7982977239316433}",False,False,rebuilt,,,,,,
76a1cddec4a7ad61,xgb,full,False,0.8062256809338522,0.0,0.7932439511624961,0.5855348426733916,112.92,"{""class_weight_mode"": ""balanced"", ""colsample_bytree"": 0.8, ""learning_rate"": 0.03, ""max_depth"": 4, ""min_child_weight"": 1, ""n_estimators"": 400, ""reg_lambda"": 5.0, ""subsample"": 0.7}",False,False,rebuilt,,,,,,
b830aabddd2e770e,xgb,full,False,0.8062256809338522,0.0,0.7962100300892977,0.5911280346057863,89.05,"{""class_weight_mode"": ""balanced"", ""colsample_bytree"": 0.8, ""learning_rate"": 0.03, ""max_depth"": 8, ""min_child_weight"": 3, ""n_estimators"": 400, ""reg_lambda"": 5.0, ""subsample"": 0.7}",False,False,rebuilt,,,,,,
df62f9d18fb1d4ad,xgb,full,False,0.8062256809338522,0.0,0.7918724513605784,0.5672849151110071,49.86,"{""class_weight_mode"": ""none"", ""colsample_bytree"": 0.5, ""learning_rate"": 0.06, ""max_depth"": 8, ""min_child_weight"": 3, ""n_estimators"": 400, ""reg_lambda"": 5.0, ""subsample"": 0.9}",False,False,rebuilt,,,,,,
ee068707d311cc74,xgb,full,False,0.8062256809338522,0.0,0.7886039144006391,0.5765728504621161,75.22,"{""class_weight_mode"": ""none"", ""colsample_bytree"": 0.5, ""learning_rate"": 0.03, ""max_depth"": 8, ""min_child_weight"": 3, ""n_estimators"": 800, ""reg_lambda"": 1.0, ""subsample"": 0.7}",False,False,rebuilt,,,,,,
72680fa7d368f668,xgb,full,False,0.8062256809338522,0.0,0.7878084786702162,0.5944779607386076,61.99,"{""class_weight_mode"": ""none"", ""colsample_bytree"": 0.9336444341865976, ""gamma"": 0.00011389028209234153, ""learning_rate"": 0.09362016106278198, ""max_depth"": 5, ""min_child_weight"": 0.7229293217267453, ""n_estimators"": 300, ""reg_alpha"": 0.2037187780540189, ""reg_lambda"": 0.726658353983704, ""subsample"": 0.8302800026258426}",False,False,rebuilt,,,,,,
72d6c4d82f98a393,xgb,full,False,0.8062256809338522,0.0,0.7905867942606368,0.6035825966891549,33.03,"{""class_weight_mode"": ""none"", ""colsample_bytree"": 0.8, ""learning_rate"": 0.12, ""max_depth"": 4, ""min_child_weight"": 3, ""n_estimators"": 400, ""reg_lambda"": 1.0, ""subsample"": 0.9}",False,False,rebuilt,,,,,,
acc222ea7b4d4114,lgbm,top120,True,0.8062256809338522,0.0,0.7897037457282674,0.5879215272609697,65.22,"{""class_weight_mode"": ""none"", ""colsample_bytree"": 0.3833829349338844, ""learning_rate"": 0.01505567141321177, ""min_child_samples"": 36, ""n_estimators"": 800, ""num_leaves"": 92, ""reg_alpha"": 0.47802650217280857, ""reg_lambda"": 0.00864006472148774, ""subsample"": 0.79984742247691, ""subsample_freq"": 1}",False,False,rebuilt,,,,,,
73edac04f81e33e8,xgb,full,False,0.8062256809338522,0.0,0.7895405963743106,0.5906482958630537,85.15,"{""class_weight_mode"": ""none"", ""colsample_bytree"": 0.7871179287219868, ""gamma"": 0.0003235043660927916, ""learning_rate"": 0.06851481156760399, ""max_depth"": 9, ""min_child_weight"": 1.9061842335474373, ""n_estimators"": 600, ""reg_alpha"": 0.04939158809999665, ""reg_lambda"": 1.7052191524255425, ""subsample"": 0.711797954193956}",False,False,rebuilt,,,,,,
1dbc9dd846087405,xgb,full,False,0.8062256809338522,0.0,0.7867015661006986,0.5719358399839074,182.07,"{""class_weight_mode"": ""none"", ""colsample_bytree"": 0.8, ""learning_rate"": 0.03, ""max_depth"": 8, ""min_child_weight"": 1, ""n_estimators"": 800, ""reg_lambda"": 5.0, ""subsample"": 0.7}",False,False,rebuilt,,,,,,
5f4568822e8f60ad,xgb,full,False,0.8062256809338522,0.0,0.7882455792567684,0.5699957758526971,127.58,"{""class_weight_mode"": ""none"", ""colsample_bytree"": 0.8, ""learning_rate"": 0.06, ""max_depth"": 6, ""min_child_weight"": 1, ""n_estimators"": 400, ""reg_lambda"": 5.0, ""subsample"": 0.9}",False,False,rebuilt,,,,,,
d862c402a45f14ab,xgb,full,False,0.8062256809338522,0.0,0.7910298670937816,0.5730633435249995,44.51,"{""class_weight_mode"": ""none"", ""colsample_bytree"": 0.5, ""learning_rate"": 0.06, ""max_depth"": 3, ""min_child_weight"": 3, ""n_estimators"": 400, ""reg_lambda"": 5.0, ""subsample"": 0.7}",False,False,rebuilt,,,,,,
2ca59ac554cb1a6d,xgb,full,False,0.8062256809338522,0.0,0.7938016514089985,0.5902979216639642,60.06,"{""class_weight_mode"": ""balanced"", ""colsample_bytree"": 0.5, ""learning_rate"": 0.03, ""max_depth"": 6, ""min_child_weight"": 3, ""n_estimators"": 400, ""reg_lambda"": 5.0, ""subsample"": 0.7}",False,False,rebuilt,,,,,,
46877fea0c2f7089,xgb,full,False,0.8062256809338522,0.0,0.7964554900317371,0.6084913705323342,52.84,"{""class_weight_mode"": ""balanced"", ""colsample_bytree"": 0.5, ""learning_rate"": 0.12, ""max_depth"": 8, ""min_child_weight"": 3, ""n_estimators"": 800, ""reg_lambda"": 5.0, ""subsample"": 0.7}",False,False,rebuilt,,,,,,
ef91ba582c26bd02,lgbm,full,False,0.8062256809338522,0.0,0.7850898260833854,0.8963818402308378,37.16,"{""class_weight_mode"": ""none"", ""colsample_bytree"": 0.5, ""learning_rate"": 0.12, ""min_child_samples"": 5, ""n_estimators"": 400, ""num_leaves"": 31, ""reg_lambda"": 0.0, ""subsample"": 0.8, ""subsample_freq"": 1}",False,False,rebuilt,,,,,,
0346b29d0eda979e,xgb,full,False,0.8062256809338522,0.0,0.7875873694459433,0.5732862674635856,115.55,"{""class_weight_mode"": ""none"", ""colsample_bytree"": 0.8, ""learning_rate"": 0.03, ""max_depth"": 3, ""min_child_weight"": 1, ""n_estimators"": 800, ""reg_lambda"": 1.0, ""subsample"": 0.7}",False,False,rebuilt,,,,,,
8191c0754055921d,xgb,full,False,0.8062256809338522,0.0,0.7898482203600572,0.5616368937330612,65.69,"{""class_weight_mode"": ""none"", ""colsample_bytree"": 0.5, ""learning_rate"": 0.03, ""max_depth"": 3, ""min_child_weight"": 3, ""n_estimators"": 800, ""reg_lambda"": 5.0, ""subsample"": 0.9}",False,False,rebuilt,,,,,,
7efecd7ac19ab78a,xgb,full,True,0.8062256809338522,0.0,0.7963691602152589,0.625936928197469,156.63,"{""class_weight_mode"": ""balanced"", ""colsample_bytree"": 0.4786577719681862, ""gamma"": 0.0006683725338328489, ""learning_rate"": 0.09077442233418498, ""max_depth"": 3, ""min_child_weight"": 0.7725957303375968, ""n_estimators"": 1300, ""reg_alpha"": 0.006741459615823863, ""reg_lambda"": 17.15149756160549, ""subsample"": 0.9043434857062412}",False,False,rebuilt,,,,,,
f16d3dd150f658a9,xgb,full,False,0.8062256809338522,0.0,0.7924050576264181,0.5948410079273062,183.73,"{""class_weight_mode"": ""balanced"", ""colsample_bytree"": 0.7906624262238531, ""gamma"": 0.046375222542277536, ""learning_rate"": 0.02007256645959622, ""max_depth"": 7, ""min_child_weight"": 2.286075231718579, ""n_estimators"": 1200, ""reg_alpha"": 0.011672378614617444, ""reg_lambda"": 0.16222995069779342, ""subsample"": 0.9761798493946823}",False,False,rebuilt,,,,,,
7f11db2174c064c8,et,full,False,0.8062256809338522,0.005447470817120603,0.7945851184198313,0.5781580112252166,246.6,"{""class_weight_mode"": ""none"", ""max_depth"": null, ""max_features"": 0.3, ""min_samples_leaf"": 1, ""n_estimators"": 1200}",,,finalists,0.7981841763942931,0.006674282921021349,0.785389143796461,0.5822214746974298,,/work/oof/et_7f11db2174c064c8.npz
dfdddfdedcf92146,xgb,full,False,0.8062256809338522,0.0,0.790803149311038,0.5997165268124658,64.22,"{""class_weight_mode"": ""balanced"", ""colsample_bytree"": 0.8, ""learning_rate"": 0.12, ""max_depth"": 8, ""min_child_weight"": 1, ""n_estimators"": 400, ""reg_lambda"": 5.0, ""subsample"": 0.7}",False,False,rebuilt,,,,,,
68aa85573a8efcfd,xgb,full,False,0.8062256809338522,0.0,0.7885128251396363,0.5726353843023323,97.9,"{""class_weight_mode"": ""none"", ""colsample_bytree"": 0.8, ""learning_rate"": 0.03, ""max_depth"": 8, ""min_child_weight"": 3, ""n_estimators"": 400, ""reg_lambda"": 1.0, ""subsample"": 0.7}",False,False,rebuilt,,,,,,
c51eae51936866e8,xgb,full,False,0.8062256809338522,0.0,0.797010003384675,0.5959834141694865,52.2,"{""class_weight_mode"": ""balanced"", ""colsample_bytree"": 0.5, ""learning_rate"": 0.12, ""max_depth"": 6, ""min_child_weight"": 3, ""n_estimators"": 400, ""reg_lambda"": 5.0, ""subsample"": 0.7}",False,False,rebuilt,,,,,,
601296dd23ae8d6a,xgb,full,False,0.8062256809338522,0.0,0.7910086522684031,0.6194751846001881,73.55,"{""class_weight_mode"": ""balanced"", ""colsample_bytree"": 0.5, ""learning_rate"": 0.12, ""max_depth"": 6, ""min_child_weight"": 1, ""n_estimators"": 800, ""reg_lambda"": 5.0, ""subsample"": 0.9}",False,False,rebuilt,,,,,,
9abd32998920dfca,xgb,full,False,0.8062256809338522,0.0,0.7889314235177796,0.5647655075946212,119.14,"{""class_weight_mode"": ""none"", ""colsample_bytree"": 0.5, ""learning_rate"": 0.03, ""max_depth"": 4, ""min_child_weight"": 1, ""n_estimators"": 800, ""reg_lambda"": 5.0, ""subsample"": 0.9}",False,False,rebuilt,,,,,,
c1490b093b967242,xgb,full,False,0.8062256809338522,0.0,0.7903091492370393,0.6086158227759055,107.01,"{""class_weight_mode"": ""none"", ""colsample_bytree"": 0.8, ""learning_rate"": 0.06, ""max_depth"": 8, ""min_child_weight"": 1, ""n_estimators"": 800, ""reg_lambda"": 1.0, ""subsample"": 0.7}",False,False,rebuilt,,,,,,
61416956b4ca467f,xgb,full,False,0.8062256809338522,0.0,0.7918353607207369,0.5939758587813768,42.82,"{""class_weight_mode"": ""balanced"", ""colsample_bytree"": 0.5, ""learning_rate"": 0.12, ""max_depth"": 4, ""min_child_weight"": 1, ""n_estimators"": 400, ""reg_lambda"": 5.0, ""subsample"": 0.9}",False,False,rebuilt,,,,,,
42b4851590d9339b,lgbm,full,False,0.8062256809338522,0.0,0.7875568339953958,0.9031015196423936,53.99,"{""class_weight_mode"": ""none"", ""colsample_bytree"": 0.5, ""learning_rate"": 0.12, ""min_child_samples"": 10, ""n_estimators"": 400, ""num_leaves"": 63, ""reg_lambda"": 0.0, ""subsample"": 0.8, ""subsample_freq"": 1}",False,False,rebuilt,,,,,,
c5ce5ddf2e233f3d,xgb,full,False,0.8062256809338522,0.0,0.7972886644796556,0.5822881701676388,65.84,"{""class_weight_mode"": ""balanced"", ""colsample_bytree"": 0.6495822862153632, ""gamma"": 0.006413666889964167, ""learning_rate"": 0.09251985451484941, ""max_depth"": 8, ""min_child_weight"": 2.035747028523418, ""n_estimators"": 700, ""reg_alpha"": 0.6218180590461567, ""reg_lambda"": 0.3794679151810122, ""subsample"": 0.8524439758911287}",False,False,rebuilt,,,,,,
5188b84b9c61bea0,xgb,full,False,0.8062256809338522,0.0,0.7852538828295549,0.5663852364557341,78.39,"{""class_weight_mode"": ""none"", ""colsample_bytree"": 0.8, ""learning_rate"": 0.03, ""max_depth"": 4, ""min_child_weight"": 1, ""n_estimators"": 400, ""reg_lambda"": 1.0, ""subsample"": 0.9}",False,False,rebuilt,,,,,,
eaa01e6790ff7c04,xgb,full,False,0.8062256809338522,0.0,0.7876900842629535,0.5651889459245111,197.05,"{""class_weight_mode"": ""none"", ""colsample_bytree"": 0.5, ""learning_rate"": 0.03, ""max_depth"": 6, ""min_child_weight"": 1, ""n_estimators"": 800, ""reg_lambda"": 5.0, ""subsample"": 0.9}",False,False,rebuilt,,,,,,
96405dbf1f4a31d5,lgbm,top120,True,0.8062256809338522,0.0,0.7901364624703404,0.6292054425571338,121.69,"{""class_weight_mode"": ""none"", ""colsample_bytree"": 0.5523965110746057, ""learning_rate"": 0.01180117431140153, ""min_child_samples"": 18, ""n_estimators"": 1400, ""num_leaves"": 73, ""reg_alpha"": 0.1732182037161764, ""reg_lambda"": 0.0013585946186563207, ""subsample"": 0.709135118350687, ""subsample_freq"": 1}",False,False,rebuilt,,,,,,
de4fb8b9b01400e4,xgb,full,False,0.8062256809338522,0.0,0.7896451416741556,0.5892413269216021,44.07,"{""class_weight_mode"": ""none"", ""colsample_bytree"": 0.5, ""learning_rate"": 0.12, ""max_depth"": 6, ""min_child_weight"": 3, ""n_estimators"": 400, ""reg_lambda"": 5.0, ""subsample"": 0.7}",False,False,rebuilt,,,,,,
91fe604e537ad1c6,xgb,full,False,0.8062256809338522,0.0,0.7883136136716257,0.5920072865114732,66.23,"{""class_weight_mode"": ""none"", ""colsample_bytree"": 0.5, ""learning_rate"": 0.12, ""max_depth"": 6, ""min_child_weight"": 1, ""n_estimators"": 400, ""reg_lambda"": 5.0, ""subsample"": 0.7}",False,False,rebuilt,,,,,,
69a2ca00b8c5ae73,xgb,full,False,0.8062256809338522,0.0,0.7947295542240562,0.6062904366238083,66.86,"{""class_weight_mode"": ""balanced"", ""colsample_bytree"": 0.8, ""learning_rate"": 0.06, ""max_depth"": 4, ""min_child_weight"": 3, ""n_estimators"": 800, ""reg_lambda"": 1.0, ""subsample"": 0.9}",False,False,rebuilt,,,,,,
256de095cfca06c1,xgb,full,False,0.8062256809338522,0.0,0.7949475166577219,0.5889730314862316,97.96,"{""class_weight_mode"": ""balanced"", ""colsample_bytree"": 0.8607680355978566, ""gamma"": 0.0010846782234589555, ""learning_rate"": 0.032354040774638104, ""max_depth"": 6, ""min_child_weight"": 5.280139845894268, ""n_estimators"": 700, ""reg_alpha"": 0.6694474313238383, ""reg_lambda"": 0.26924216778877486, ""subsample"": 0.6333442338243664}",False,False,rebuilt,,,,,,
441e6e44ae7a2d41,lgbm,full,False,0.8062256809338522,0.0,0.7836570021002235,0.587942442496767,106.56,"{""class_weight_mode"": ""none"", ""colsample_bytree"": 0.5, ""learning_rate"": 0.03, ""min_child_samples"": 5, ""n_estimators"": 800, ""num_leaves"": 31, ""reg_lambda"": 5.0, ""subsample"": 0.8, ""subsample_freq"": 1}",False,False,rebuilt,,,,,,
38f44dd86789ab05,lgbm,full,False,0.8062256809338522,0.0,0.7876486172336635,0.6376758834146875,114.79,"{""class_weight_mode"": ""none"", ""colsample_bytree"": 0.8, ""learning_rate"": 0.12, ""min_child_samples"": 10, ""n_estimators"": 800, ""num_leaves"": 63, ""reg_lambda"": 5.0, ""subsample"": 0.8, ""subsample_freq"": 1}",False,False,rebuilt,,,,,,
e68fdcff187f1ced,lgbm,full,False,0.8062256809338522,0.0,0.7931519873321023,0.6030570345569867,64.29,"{""class_weight_mode"": ""balanced"", ""colsample_bytree"": 0.5, ""learning_rate"": 0.12, ""min_child_samples"": 10, ""n_estimators"": 400, ""num_leaves"": 63, ""reg_lambda"": 5.0, ""subsample"": 0.8, ""subsample_freq"": 1}",False,False,rebuilt,,,,,,
792950da6c64025a,xgb,full,False,0.8062256809338522,0.0,0.789675488353035,0.5663622566608789,87.62,"{""class_weight_mode"": ""none"", ""colsample_bytree"": 0.5, ""learning_rate"": 0.03, ""max_depth"": 6, ""min_child_weight"": 3, ""n_estimators"": 400, ""reg_lambda"": 1.0, ""subsample"": 0.9}",False,False,rebuilt,,,,,,
ab6e7d3b686b0b79,lgbm,top120,True,0.8062256809338522,0.0,0.7934852677708207,0.6047394254467193,62.7,"{""class_weight_mode"": ""none"", ""colsample_bytree"": 0.58575557204956, ""learning_rate"": 0.019667716454744785, ""min_child_samples"": 35, ""n_estimators"": 600, ""num_leaves"": 46, ""reg_alpha"": 0.26677998004846154, ""reg_lambda"": 0.0015857980729958995, ""subsample"": 0.6918528204477561, ""subsample_freq"": 1}",False,False,rebuilt,,,,,,
02172dd20fe8f3b0,xgb,full,False,0.8062256809338522,0.0,0.7886731692178561,0.5868947835932785,41.13,"{""class_weight_mode"": ""none"", ""colsample_bytree"": 0.5, ""learning_rate"": 0.12, ""max_depth"": 8, ""min_child_weight"": 3, ""n_estimators"": 400, ""reg_lambda"": 5.0, ""subsample"": 0.7}",False,False,rebuilt,,,,,,
66c0fcbd41763f7f,xgb,full,False,0.8062256809338522,0.0,0.7883373329568603,0.5839934847253451,87.15,"{""class_weight_mode"": ""none"", ""colsample_bytree"": 0.8, ""learning_rate"": 0.06, ""max_depth"": 6, ""min_child_weight"": 1, ""n_estimators"": 400, ""reg_lambda"": 1.0, ""subsample"": 0.7}",False,False,rebuilt,,,,,,
c0435526f31acd89,xgb,full,False,0.8062256809338522,0.0,0.7882672788373861,0.5803608631191646,133.01,"{""class_weight_mode"": ""none"", ""colsample_bytree"": 0.5, ""learning_rate"": 0.03, ""max_depth"": 8, ""min_child_weight"": 1, ""n_estimators"": 400, ""reg_lambda"": 5.0, ""subsample"": 0.7}",False,False,rebuilt,,,,,,
54ea4f684249d961,xgb,full,False,0.8062256809338522,0.0,0.7889562477727285,0.5642218217901298,40.94,"{""class_weight_mode"": ""none"", ""colsample_bytree"": 0.5, ""learning_rate"": 0.06, ""max_depth"": 3, ""min_child_weight"": 3, ""n_estimators"": 400, ""reg_lambda"": 5.0, ""subsample"": 0.9}",False,False,rebuilt,,,,,,
cd8f6bd7fc8cf676,xgb,full,False,0.8062256809338522,0.0,0.7897725769839495,0.558460223921557,60.31,"{""class_weight_mode"": ""none"", ""colsample_bytree"": 0.8, ""learning_rate"": 0.03, ""max_depth"": 3, ""min_child_weight"": 3, ""n_estimators"": 400, ""reg_lambda"": 1.0, ""subsample"": 0.9}",False,False,rebuilt,,,,,,
12a3631b8b3113f8,lgbm,full,False,0.8062256809338522,0.0,0.7875886139072266,0.5791331520952957,46.85,"{""class_weight_mode"": ""none"", ""colsample_bytree"": 0.5, ""learning_rate"": 0.06, ""min_child_samples"": 20, ""n_estimators"": 400, ""num_leaves"": 15, ""reg_lambda"": 5.0, ""subsample"": 0.8, ""subsample_freq"": 1}",False,False,rebuilt,,,,,,
2ed6a7f4813ad8e7,xgb,full,False,0.8062256809338522,0.0,0.7941616816248492,0.5872501545497266,168.67,"{""class_weight_mode"": ""balanced"", ""colsample_bytree"": 0.8, ""learning_rate"": 0.03, ""max_depth"": 6, ""min_child_weight"": 1, ""n_estimators"": 400, ""reg_lambda"": 5.0, ""subsample"": 0.7}",False,False,rebuilt,,,,,,
3c6d5a6e3941308f,xgb,full,True,0.8062256809338522,0.0,0.7963568613650416,0.6130177790092687,152.9,"{""class_weight_mode"": ""balanced"", ""colsample_bytree"": 0.3569441464493298, ""gamma"": 0.003927742356930385, ""learning_rate"": 0.11729097309134347, ""max_depth"": 3, ""min_child_weight"": 0.6325935961238329, ""n_estimators"": 1200, ""reg_alpha"": 0.024233516961836152, ""reg_lambda"": 18.63319225734964, ""subsample"": 0.8531211135782482}",False,False,rebuilt,,,,,,
108752efae4cc891,xgb,full,False,0.8062256809338522,0.0,0.7891332217473881,0.6062925705132641,64.89,"{""class_weight_mode"": ""none"", ""colsample_bytree"": 0.5, ""learning_rate"": 0.06, ""max_depth"": 4, ""min_child_weight"": 1, ""n_estimators"": 800, ""reg_lambda"": 1.0, ""subsample"": 0.7}",False,False,rebuilt,,,,,,
0357cdd710602e85,hgb,full,False,0.8058365758754864,0.005058365758754846,0.787923261653949,0.8203615676857022,765.29,"{""l2_regularization"": 0.0, ""learning_rate"": 0.05, ""max_iter"": 400, ""max_leaf_nodes"": 15, ""min_samples_leaf"": 20}",,,finalists,0.8075226977950712,0.008170176782372848,0.792490934110723,0.7710340833760823,,/work/oof/hgb_0357cdd710602e85.npz
ade2980faacfa1b7,xgb,full,False,0.8054474708171206,0.0,0.7871083058092343,0.6033470724620488,52.32,"{""class_weight_mode"": ""none"", ""colsample_bytree"": 0.5, ""learning_rate"": 0.12, ""max_depth"": 4, ""min_child_weight"": 3, ""n_estimators"": 800, ""reg_lambda"": 5.0, ""subsample"": 0.7}",False,False,rebuilt,,,,,,
e35dc61e87bbe6a2,lgbm,full,False,0.8054474708171206,0.0,0.7912242844989994,0.5871639416921892,34.12,"{""class_weight_mode"": ""balanced"", ""colsample_bytree"": 0.46607436124776, ""learning_rate"": 0.07050520093274679, ""min_child_samples"": 11, ""n_estimators"": 1000, ""num_leaves"": 69, ""reg_alpha"": 0.5770976635605863, ""reg_lambda"": 0.02509307371178035, ""subsample"": 0.8560896106737679, ""subsample_freq"": 1}",False,False,rebuilt,,,,,,
8c369cf6822cd30a,lgbm,top120,True,0.8054474708171206,0.0,0.7928824624031925,0.6351505727506133,137.27,"{""class_weight_mode"": ""balanced"", ""colsample_bytree"": 0.32515959165771946, ""learning_rate"": 0.030806665090604285, ""min_child_samples"": 6, ""n_estimators"": 1400, ""num_leaves"": 37, ""reg_alpha"": 0.10167782012707004, ""reg_lambda"": 0.10058912767865799, ""subsample"": 0.789140070498087, ""subsample_freq"": 1}",False,False,rebuilt,,,,,,
af1147f550e3943d,xgb,full,False,0.8054474708171206,0.0,0.7891574072731469,0.5661031215775858,69.73,"{""class_weight_mode"": ""none"", ""colsample_bytree"": 0.5, ""learning_rate"": 0.06, ""max_depth"": 4, ""min_child_weight"": 1, ""n_estimators"": 400, ""reg_lambda"": 5.0, ""subsample"": 0.9}",False,False,rebuilt,,,,,,
89896d1826bc905e,xgb,full,False,0.8054474708171206,0.0,0.7910196543571233,0.6424463323396314,67.29,"{""class_weight_mode"": ""balanced"", ""colsample_bytree"": 0.5, ""learning_rate"": 0.12, ""max_depth"": 8, ""min_child_weight"": 1, ""n_estimators"": 800, ""reg_lambda"": 1.0, ""subsample"": 0.9}",False,False,rebuilt,,,,,,
d73275c02599cfef,lgbm,full,False,0.8054474708171206,0.0,0.7965603873609328,0.5992318686242165,33.01,"{""class_weight_mode"": ""balanced"", ""colsample_bytree"": 0.559111090178811, ""learning_rate"": 0.1673265389108744, ""min_child_samples"": 39, ""n_estimators"": 1100, ""num_leaves"": 22, ""reg_alpha"": 2.7153293722004457, ""reg_lambda"": 0.0011654116932989938, ""subsample"": 0.9574321951102243, ""subsample_freq"": 1}",False,False,rebuilt,,,,,,
a9773242c36860f5,xgb,full,False,0.8054474708171206,0.0,0.7876237131208813,0.5715588914474007,134.34,"{""class_weight_mode"": ""none"", ""colsample_bytree"": 0.8, ""learning_rate"": 0.03, ""max_depth"": 4, ""min_child_weight"": 1, ""n_estimators"": 800, ""reg_lambda"": 5.0, ""subsample"": 0.7}",False,False,rebuilt,,,,,,
3f6cc171888006ab,xgb,top120,False,0.8054474708171206,0.0,0.7885413230508049,0.575862884062293,111.56,"{""class_weight_mode"": ""balanced"", ""colsample_bytree"": 0.4484918280687081, ""gamma"": 0.00303845000159168, ""learning_rate"": 0.0478648634944085, ""max_depth"": 4, ""min_child_weight"": 0.7895328795228799, ""n_estimators"": 900, ""reg_alpha"": 0.006972476512820143, ""reg_lambda"": 19.77202986863604, ""subsample"": 0.9577339883847398}",False,False,rebuilt,,,,,,
2a7da13aec346408,xgb,full,False,0.8054474708171206,0.0,0.7946378214079586,0.6094733849497825,31.54,"{""class_weight_mode"": ""balanced"", ""colsample_bytree"": 0.5, ""learning_rate"": 0.12, ""max_depth"": 3, ""min_child_weight"": 3, ""n_estimators"": 400, ""reg_lambda"": 1.0, ""subsample"": 0.7}",False,False,rebuilt,,,,,,
f9a7464e59af75b8,lgbm,full,False,0.8054474708171206,0.0,0.7913912423157142,0.577230843511053,55.99,"{""class_weight_mode"": ""balanced"", ""colsample_bytree"": 0.5, ""learning_rate"": 0.03, ""min_child_samples"": 10, ""n_estimators"": 400, ""num_leaves"": 31, ""reg_lambda"": 5.0, ""subsample"": 0.8, ""subsample_freq"": 1}",False,False,rebuilt,,,,,,
a154ebd3a1292910,xgb,full,False,0.8054474708171206,0.0,0.7880512414346713,0.569056686162986,139.67,"{""class_weight_mode"": ""none"", ""colsample_bytree"": 0.8, ""learning_rate"": 0.03, ""max_depth"": 8, ""min_child_weight"": 3, ""n_estimators"": 800, ""reg_lambda"": 5.0, ""subsample"": 0.9}",False,False,rebuilt,,,,,,
df35de81fd67678e,xgb,full,False,0.8054474708171206,0.0,0.785792148403093,0.5787231349559606,85.04,"{""class_weight_mode"": ""none"", ""colsample_bytree"": 0.8, ""learning_rate"": 0.06, ""max_depth"": 6, ""min_child_weight"": 1, ""n_estimators"": 400, ""reg_lambda"": 5.0, ""subsample"": 0.7}",False,False,rebuilt,,,,,,
702969968bb2b995,xgb,full,False,0.8054474708171206,0.0,0.7867830582906711,0.5635250826930025,109.97,"{""class_weight_mode"": ""none"", ""colsample_bytree"": 0.5, ""learning_rate"": 0.03, ""max_depth"": 8, ""min_child_weight"": 3, ""n_estimators"": 800, ""reg_lambda"": 5.0, ""subsample"": 0.9}",False,False,rebuilt,,,,,,
6817c72f9e63939e,xgb,full,False,0.8054474708171206,0.0,0.7858539588143781,0.5654052250425208,52.68,"{""class_weight_mode"": ""none"", ""colsample_bytree"": 0.8, ""learning_rate"": 0.06, ""max_depth"": 3, ""min_child_weight"": 3, ""n_estimators"": 400, ""reg_lambda"": 5.0, ""subsample"": 0.9}",False,False,rebuilt,,,,,,
bfd4173a26198d6f,xgb,full,False,0.8054474708171206,0.0,0.7877239672626121,0.588923755362461,74.19,"{""class_weight_mode"": ""none"", ""colsample_bytree"": 0.8, ""learning_rate"": 0.06, ""max_depth"": 4, ""min_child_weight"": 1, ""n_estimators"": 400, ""reg_lambda"": 1.0, ""subsample"": 0.7}",False,False,rebuilt,,,,,,
5a35ffb4fad4efb7,xgb,full,False,0.8054474708171206,0.0,0.7864710015060684,0.5703320877870413,39.16,"{""class_weight_mode"": ""none"", ""colsample_bytree"": 0.5, ""learning_rate"": 0.06, ""max_depth"": 3, ""min_child_weight"": 1, ""n_estimators"": 400, ""reg_lambda"": 5.0, ""subsample"": 0.7}",False,False,rebuilt,,,,,,
4328a6f9828a0158,xgb,full,False,0.8054474708171206,0.0,0.784962226997376,0.5771238729072823,132.31,"{""class_weight_mode"": ""none"", ""colsample_bytree"": 0.8, ""learning_rate"": 0.03, ""max_depth"": 6, ""min_child_weight"": 1, ""n_estimators"": 400, ""reg_lambda"": 1.0, ""subsample"": 0.9}",False,False,rebuilt,,,,,,
1fa2ce1c037f743d,xgb,full,False,0.8054474708171206,0.0,0.7873120600402559,0.6004011888827351,47.9,"{""class_weight_mode"": ""none"", ""colsample_bytree"": 0.8, ""learning_rate"": 0.12, ""max_depth"": 8, ""min_child_weight"": 3, ""n_estimators"": 400, ""reg_lambda"": 5.0, ""subsample"": 0.7}",False,False,rebuilt,,,,,,
ecdf7220874ff948,xgb,full,False,0.8054474708171206,0.0,0.786089879980716,0.6419111789209495,58.98,"{""class_weight_mode"": ""none"", ""colsample_bytree"": 0.8, ""learning_rate"": 0.12, ""max_depth"": 8, ""min_child_weight"": 1, ""n_estimators"": 800, ""reg_lambda"": 1.0, ""subsample"": 0.7}",False,False,rebuilt,,,,,,
25ab012cdb2faa79,xgb,full,False,0.8054474708171206,0.0,0.7891608181292025,0.5732047713269374,131.64,"{""class_weight_mode"": ""none"", ""colsample_bytree"": 0.8, ""learning_rate"": 0.03, ""max_depth"": 8, ""min_child_weight"": 3, ""n_estimators"": 800, ""reg_lambda"": 5.0, ""subsample"": 0.7}",False,False,rebuilt,,,,,,
07e8568f3a9685c4,xgb,full,False,0.8054474708171206,0.0,0.786601302780042,0.562752213758047,106.03,"{""class_weight_mode"": ""none"", ""colsample_bytree"": 0.8, ""learning_rate"": 0.03, ""max_depth"": 3, ""min_child_weight"": 3, ""n_estimators"": 800, ""reg_lambda"": 5.0, ""subsample"": 0.9}",False,False,rebuilt,,,,,,
01f3cb2c1e1b446f,xgb,full,False,0.8054474708171206,0.0,0.7940008781811905,0.5876350725884676,70.47,"{""class_weight_mode"": ""balanced"", ""colsample_bytree"": 0.8, ""learning_rate"": 0.06, ""max_depth"": 8, ""min_child_weight"": 3, ""n_estimators"": 400, ""reg_lambda"": 1.0, ""subsample"": 0.7}",False,False,rebuilt,,,,,,
14b2e722ef9213e0,xgb,full,False,0.8054474708171206,0.0,0.7886274899564889,0.5975411152888307,40.95,"{""class_weight_mode"": ""none"", ""colsample_bytree"": 0.8, ""learning_rate"": 0.12, ""max_depth"": 4, ""min_child_weight"": 3, ""n_estimators"": 400, ""reg_lambda"": 5.0, ""subsample"": 0.7}",False,False,rebuilt,,,,,,
06378e032f2fdaf6,xgb,full,False,0.8054474708171206,0.0,0.790929810790338,0.6033054534543151,62.26,"{""class_weight_mode"": ""balanced"", ""colsample_bytree"": 0.5, ""learning_rate"": 0.12, ""max_depth"": 6, ""min_child_weight"": 1, ""n_estimators"": 400, ""reg_lambda"": 5.0, ""subsample"": 0.9}",False,False,rebuilt,,,,,,
1479a02635ab5b5f,xgb,full,False,0.8054474708171206,0.0,0.7896472459258604,0.5747475223457724,79.58,"{""class_weight_mode"": ""none"", ""colsample_bytree"": 0.8, ""learning_rate"": 0.06, ""max_depth"": 6, ""min_child_weight"": 3, ""n_estimators"": 400, ""reg_lambda"": 5.0, ""subsample"": 0.7}",False,False,rebuilt,,,,,,
ecb4bfa324d9e3c4,et,full,False,0.8054474708171206,0.0,0.8004077129028071,0.5883525539471584,22.84,"{""class_weight_mode"": ""balanced"", ""max_depth"": 16, ""max_features"": 0.3, ""min_samples_leaf"": 2, ""n_estimators"": 600}",False,False,rebuilt,,,,,,
d1638a49341ed2ba,xgb,full,False,0.8054474708171206,0.0,0.7927715289578051,0.5903711898947042,35.41,"{""class_weight_mode"": ""balanced"", ""colsample_bytree"": 0.8, ""learning_rate"": 0.12, ""max_depth"": 3, ""min_child_weight"": 3, ""n_estimators"": 400, ""reg_lambda"": 5.0, ""subsample"": 0.7}",False,False,rebuilt,,,,,,
e51caa1c331c058d,xgb,full,False,0.8054474708171206,0.0,0.792916164439359,0.5985966122991341,64.69,"{""class_weight_mode"": ""balanced"", ""colsample_bytree"": 0.5, ""learning_rate"": 0.06, ""max_depth"": 8, ""min_child_weight"": 1, ""n_estimators"": 400, ""reg_lambda"": 1.0, ""subsample"": 0.9}",False,False,rebuilt,,,,,,
afc00a7da27b01b1,xgb,full,False,0.8054474708171206,0.0,0.7855949651718801,0.5684362160020479,176.37,"{""class_weight_mode"": ""none"", ""colsample_bytree"": 0.5, ""learning_rate"": 0.03, ""max_depth"": 6, ""min_child_weight"": 1, ""n_estimators"": 800, ""reg_lambda"": 5.0, ""subsample"": 0.7}",False,False,rebuilt,,,,,,
45babea08b79967c,xgb,full,False,0.8054474708171206,0.0,0.7927663609451329,0.5728706417983742,80.6,"{""class_weight_mode"": ""balanced"", ""colsample_bytree"": 0.5, ""learning_rate"": 0.03, ""max_depth"": 4, ""min_child_weight"": 1, ""n_estimators"": 400, ""reg_lambda"": 1.0, ""subsample"": 0.9}",False,False,rebuilt,,,,,,
16684a104506fd28,xgb,full,False,0.8054474708171206,0.0,0.7995433380449734,0.5953920782863737,61.1,"{""class_weight_mode"": ""balanced"", ""colsample_bytree"": 0.8, ""learning_rate"": 0.03, ""max_depth"": 3, ""min_child_weight"": 3, ""n_estimators"": 400, ""reg_lambda"": 5.0, ""subsample"": 0.7}",False,False,rebuilt,,,,,,
3d77c3ecef5f648b,et,full,False,0.8054474708171206,0.0,0.800641226282125,0.5822022559495844,42.86,"{""class_weight_mode"": ""balanced"", ""max_depth"": 16, ""max_features"": 0.3, ""min_samples_leaf"": 2, ""n_estimators"": 1200}",False,False,rebuilt,,,,,,
0bcf8670cc020a86,xgb,full,False,0.8054474708171206,0.0,0.7902611675564121,0.6284600619213919,40.37,"{""class_weight_mode"": ""balanced"", ""colsample_bytree"": 0.5, ""learning_rate"": 0.12, ""max_depth"": 8, ""min_child_weight"": 1, ""n_estimators"": 400, ""reg_lambda"": 1.0, ""subsample"": 0.9}",False,False,rebuilt,,,,,,
40d2f0dacb1cfd55,xgb,top120,False,0.8054474708171206,0.0,0.7919166193535581,0.5868009799800542,47.23,"{""class_weight_mode"": ""balanced"", ""colsample_bytree"": 0.6579396792026564, ""gamma"": 0.10451547412778453, ""learning_rate"": 0.13430342707628237, ""max_depth"": 9, ""min_child_weight"": 2.008425822025922, ""n_estimators"": 1300, ""reg_alpha"": 0.25362793388516286, ""reg_lambda"": 6.869120772681416, ""subsample"": 0.9566202762782356}",False,False,rebuilt,,,,,,
08d9c738c6259924,xgb,full,False,0.8054474708171206,0.0,0.7909299790624089,0.5827011991417093,273.1,"{""class_weight_mode"": ""balanced"", ""colsample_bytree"": 0.8, ""learning_rate"": 0.03, ""max_depth"": 8, ""min_child_weight"": 1, ""n_estimators"": 800, ""reg_lambda"": 5.0, ""subsample"": 0.9}",False,False,rebuilt,,,,,,
37369bf9318bd58b,xgb,full,False,0.8054474708171206,0.0,0.7890228138328241,0.5716840148693884,156.06,"{""class_weight_mode"": ""none"", ""colsample_bytree"": 0.8, ""learning_rate"": 0.03, ""max_depth"": 4, ""min_child_weight"": 1, ""n_estimators"": 800, ""reg_lambda"": 5.0, ""subsample"": 0.9}",False,False,rebuilt,,,,,,
28cfc7dba56b8773,xgb,full,False,0.8054474708171206,0.0,0.788801453049357,0.6159661944815644,119.81,"{""class_weight_mode"": ""none"", ""colsample_bytree"": 0.8, ""learning_rate"": 0.12, ""max_depth"": 8, ""min_child_weight"": 1, ""n_estimators"": 800, ""reg_lambda"": 5.0, ""subsample"": 0.7}",False,False,rebuilt,,,,,,
6afca02e06cd132d,xgb,full,False,0.8054474708171206,0.0,0.7866986972953214,0.6108926216838962,75.86,"{""class_weight_mode"": ""none"", ""colsample_bytree"": 0.5, ""learning_rate"": 0.12, ""max_depth"": 3, ""min_child_weight"": 1, ""n_estimators"": 800, ""reg_lambda"": 5.0, ""subsample"": 0.7}",False,False,rebuilt,,,,,,
a879d98b726e08a1,xgb,full,False,0.8054474708171206,0.0,0.785512811052739,0.5651909728296992,96.54,"{""class_weight_mode"": ""none"", ""colsample_bytree"": 0.8, ""learning_rate"": 0.03, ""max_depth"": 6, ""min_child_weight"": 3, ""n_estimators"": 400, ""reg_lambda"": 1.0, ""subsample"": 0.9}",False,False,rebuilt,,,,,,
5925d1f05ef5e137,lgbm,full,False,0.8054474708171206,0.0,0.7859452976415203,0.6140679199661544,73.26,"{""class_weight_mode"": ""none"", ""colsample_bytree"": 0.8, ""learning_rate"": 0.12, ""min_child_samples"": 10, ""n_estimators"": 400, ""num_leaves"": 63, ""reg_lambda"": 5.0, ""subsample"": 0.8, ""subsample_freq"": 1}",False,False,rebuilt,,,,,,
a7a8e56c4a56dfe8,xgb,full,False,0.8054474708171206,0.0,0.7865922254453321,0.6033142611848084,78.22,"{""class_weight_mode"": ""none"", ""colsample_bytree"": 0.5, ""learning_rate"": 0.12, ""max_depth"": 4, ""min_child_weight"": 1, ""n_estimators"": 800, ""reg_lambda"": 5.0, ""subsample"": 0.7}",False,False,rebuilt,,,,,,
0b3d6a30b2f17ae0,xgb,full,False,0.8054474708171206,0.0,0.790669491841434,0.5948134154120561,24.77,"{""class_weight_mode"": ""none"", ""colsample_bytree"": 0.5, ""learning_rate"": 0.12, ""max_depth"": 3, ""min_child_weight"": 3, ""n_estimators"": 400, ""reg_lambda"": 1.0, ""subsample"": 0.9}",False,False,rebuilt,,,,,,
1203450bdf85a04e,xgb,full,False,0.8054474708171206,0.0,0.7923694912277798,0.5901561594851611,49.3,"{""class_weight_mode"": ""none"", ""colsample_bytree"": 0.5, ""learning_rate"": 0.12, ""max_depth"": 6, ""min_child_weight"": 1, ""n_estimators"": 400, ""reg_lambda"": 5.0, ""subsample"": 0.9}",False,False,rebuilt,,,,,,
535a7639478c9f4a,xgb,full,False,0.8054474708171206,0.0,0.7943459417224136,0.5922228416420696,96.26,"{""class_weight_mode"": ""balanced"", ""colsample_bytree"": 0.8854057093291463, ""gamma"": 0.011492597029493066, ""learning_rate"": 0.09938839033922046, ""max_depth"": 7, ""min_child_weight"": 0.9998856804035534, ""n_estimators"": 900, ""reg_alpha"": 0.28537625320701737, ""reg_lambda"": 0.7155486390947244, ""subsample"": 0.6512614381046828}",False,False,rebuilt,,,,,,
d6b78937324e9353,xgb,full,False,0.8054474708171206,0.0,0.7953839873178908,0.5692508295618554,84.92,"{""class_weight_mode"": ""balanced"", ""colsample_bytree"": 0.8, ""learning_rate"": 0.03, ""max_depth"": 4, ""min_child_weight"": 3, ""n_estimators"": 400, ""reg_lambda"": 1.0, ""subsample"": 0.9}",False,False,rebuilt,,,,,,
9dbff88cf91f2ea2,xgb,full,True,0.8054474708171206,0.0,0.7967937828627446,0.6673775744392506,83.02,"{""class_weight_mode"": ""balanced"", ""colsample_bytree"": 0.3170107991153584, ""gamma"": 0.0018292993476510444, ""learning_rate"": 0.19528702003521992, ""max_depth"": 3, ""min_child_weight"": 1.4171405482815327, ""n_estimators"": 1400, ""reg_alpha"": 0.008540916004165504, ""reg_lambda"": 5.141219991191905, ""subsample"": 0.7770000526520295}",False,False,rebuilt,,,,,,
ac3cb810810a3e01,lgbm,full,False,0.8054474708171206,0.0,0.788965946666607,0.8854213725613884,87.05,"{""class_weight_mode"": ""balanced"", ""colsample_bytree"": 0.8, ""learning_rate"": 0.06, ""min_child_samples"": 5, ""n_estimators"": 800, ""num_leaves"": 31, ""reg_lambda"": 0.0, ""subsample"": 0.8, ""subsample_freq"": 1}",False,False,rebuilt,,,,,,
7eb127bd461da36b,lgbm,full,False,0.8054474708171206,0.0,0.7928257424790633,0.5860394345728561,129.82,"{""class_weight_mode"": ""balanced"", ""colsample_bytree"": 0.5, ""learning_rate"": 0.03, ""min_child_samples"": 5, ""n_estimators"": 800, ""num_leaves"": 15, ""reg_lambda"": 5.0, ""subsample"": 0.8, ""subsample_freq"": 1}",False,False,rebuilt,,,,,,
7caa6f10b0f78513,xgb,full,False,0.8054474708171206,0.0,0.7945334566568436,0.5817233161918836,91.66,"{""class_weight_mode"": ""balanced"", ""colsample_bytree"": 0.8, ""learning_rate"": 0.03, ""max_depth"": 4, ""min_child_weight"": 3, ""n_estimators"": 400, ""reg_lambda"": 5.0, ""subsample"": 0.9}",False,False,rebuilt,,,,,,
811da77e84251837,xgb,full,False,0.8054474708171206,0.0,0.7918817458099084,0.6132472560854024,105.41,"{""class_weight_mode"": ""balanced"", ""colsample_bytree"": 0.8, ""learning_rate"": 0.06, ""max_depth"": 4, ""min_child_weight"": 1, ""n_estimators"": 800, ""reg_lambda"": 1.0, ""subsample"": 0.7}",False,False,rebuilt,,,,,,
844cc0e216daa909,xgb,full,False,0.8054474708171206,0.0,0.7863006918949054,0.5661291648732056,109.77,"{""class_weight_mode"": ""none"", ""colsample_bytree"": 0.5, ""learning_rate"": 0.03, ""max_depth"": 6, ""min_child_weight"": 3, ""n_estimators"": 800, ""reg_lambda"": 5.0, ""subsample"": 0.9}",False,False,rebuilt,,,,,,
ef34c388c51945ba,xgb,full,False,0.8054474708171206,0.0,0.7941762113966265,0.5933803575894228,35.49,"{""class_weight_mode"": ""balanced"", ""colsample_bytree"": 0.5, ""learning_rate"": 0.12, ""max_depth"": 6, ""min_child_weight"": 3, ""n_estimators"": 400, ""reg_lambda"": 5.0, ""subsample"": 0.9}",False,False,rebuilt,,,,,,
0aa5508884bdac47,xgb,full,True,0.8054474708171206,0.0,0.7973123539230748,0.6054165203838581,68.07,"{""class_weight_mode"": ""balanced"", ""colsample_bytree"": 0.31825706755136335, ""gamma"": 0.022234359553387924, ""learning_rate"": 0.18739559006838352, ""max_depth"": 3, ""min_child_weight"": 0.8296013358233597, ""n_estimators"": 1300, ""reg_alpha"": 0.010044379724459441, ""reg_lambda"": 11.482387026717905, ""subsample"": 0.8624948893744379}",False,False,rebuilt,,,,,,
caad62e32d5b6d56,xgb,full,False,0.8054474708171206,0.0,0.7875806812663484,0.570330165079327,182.15,"{""class_weight_mode"": ""none"", ""colsample_bytree"": 0.5, ""learning_rate"": 0.03, ""max_depth"": 8, ""min_child_weight"": 1, ""n_estimators"": 800, ""reg_lambda"": 5.0, ""subsample"": 0.7}",False,False,rebuilt,,,,,,
c3439c8726e47280,xgb,full,False,0.8054474708171206,0.0,0.7872569327056158,0.5688483385605159,61.75,"{""class_weight_mode"": ""none"", ""colsample_bytree"": 0.5, ""learning_rate"": 0.03, ""max_depth"": 6, ""min_child_weight"": 3, ""n_estimators"": 400, ""reg_lambda"": 1.0, ""subsample"": 0.7}",False,False,rebuilt,,,,,,
d90a67ebae2ace22,xgb,full,False,0.8054474708171206,0.0,0.7892077646674078,0.6151778858800567,95.23,"{""class_weight_mode"": ""balanced"", ""colsample_bytree"": 0.8, ""learning_rate"": 0.12, ""max_depth"": 8, ""min_child_weight"": 1, ""n_estimators"": 800, ""reg_lambda"": 5.0, ""subsample"": 0.7}",False,False,rebuilt,,,,,,
cf32f151907313f2,xgb,full,False,0.8054474708171206,0.0,0.7928880314709132,0.5942991505945375,42.52,"{""class_weight_mode"": ""balanced"", ""colsample_bytree"": 0.5, ""learning_rate"": 0.12, ""max_depth"": 4, ""min_child_weight"": 3, ""n_estimators"": 400, ""reg_lambda"": 5.0, ""subsample"": 0.9}",False,False,rebuilt,,,,,,
17c3e1b3c6c66cc9,lgbm,full,False,0.8054474708171206,0.0,0.790298452093225,0.5882487474363878,54.16,"{""class_weight_mode"": ""balanced"", ""colsample_bytree"": 0.5, ""learning_rate"": 0.06, ""min_child_samples"": 5, ""n_estimators"": 400, ""num_leaves"": 31, ""reg_lambda"": 5.0, ""subsample"": 0.8, ""subsample_freq"": 1}",False,False,rebuilt,,,,,,
c6a0d9be5286c4f8,xgb,full,False,0.8054474708171206,0.0,0.7841762971325463,0.574266663928326,100.38,"{""class_weight_mode"": ""none"", ""colsample_bytree"": 0.8, ""learning_rate"": 0.06, ""max_depth"": 4, ""min_child_weight"": 1, ""n_estimators"": 400, ""reg_lambda"": 5.0, ""subsample"": 0.7}",False,False,rebuilt,,,,,,
e1e3e8e5fd653211,lgbm,full,False,0.8054474708171206,0.0,0.7868759100419227,0.6193732568995092,75.14,"{""class_weight_mode"": ""none"", ""colsample_bytree"": 0.8, ""learning_rate"": 0.12, ""min_child_samples"": 5, ""n_estimators"": 400, ""num_leaves"": 15, ""reg_lambda"": 5.0, ""subsample"": 0.8, ""subsample_freq"": 1}",False,False,rebuilt,,,,,,
c11e8d4dd9dbf4ed,et,full,False,0.8050583657587549,0.00739299610894939,0.7930500945326457,0.5769559731652845,92.71,"{""class_weight_mode"": ""none"", ""max_depth"": null, ""max_features"": 0.3, ""min_samples_leaf"": 1, ""n_estimators"": 600}",,,finalists,0.7971465629053177,0.006999085635918077,0.783266719599594,0.5820446626535468,,/work/oof/et_c11e8d4dd9dbf4ed.npz
76742efe1ed5171b,et,full,False,0.8050583657587549,0.005836575875486361,0.7905996858254456,0.5891372248238109,179.77,"{""class_weight_mode"": ""none"", ""max_depth"": 16, ""max_features"": 0.3, ""min_samples_leaf"": 2, ""n_estimators"": 1200}",,,finalists,0.7968871595330739,0.006724503967219597,0.7816673237815094,0.5928268428470035,,/work/oof/et_76742efe1ed5171b.npz
2dc59cab18b40736,et,full,False,0.8050583657587549,0.005836575875486361,0.7921118551212444,0.577163983311804,103.71,"{""class_weight_mode"": ""none"", ""max_depth"": 16, ""max_features"": 0.3, ""min_samples_leaf"": 1, ""n_estimators"": 600}",,,finalists,0.7997405966277561,0.005175081022894956,0.7850824174613246,0.5807175286011667,,/work/oof/et_2dc59cab18b40736.npz
94e9152a0620931e,xgb,full,False,0.8046692607003891,0.0,0.7876476149696956,0.5868324523698778,139.71,"{""class_weight_mode"": ""none"", ""colsample_bytree"": 0.5, ""learning_rate"": 0.06, ""max_depth"": 6, ""min_child_weight"": 1, ""n_estimators"": 800, ""reg_lambda"": 5.0, ""subsample"": 0.9}",False,False,rebuilt,,,,,,
6f45c62c1f196fbc,xgb,full,False,0.8046692607003891,0.0,0.7946284983695389,0.6080517615700867,81.57,"{""class_weight_mode"": ""balanced"", ""colsample_bytree"": 0.8, ""learning_rate"": 0.06, ""max_depth"": 4, ""min_child_weight"": 3, ""n_estimators"": 800, ""reg_lambda"": 1.0, ""subsample"": 0.7}",False,False,rebuilt,,,,,,
cb12606584ea0aa9,xgb,full,False,0.8046692607003891,0.0,0.7855924214041804,0.5780782037341886,128.83,"{""class_weight_mode"": ""none"", ""colsample_bytree"": 0.5, ""learning_rate"": 0.03, ""max_depth"": 6, ""min_child_weight"": 1, ""n_estimators"": 400, ""reg_lambda"": 5.0, ""subsample"": 0.7}",False,False,rebuilt,,,,,,
604367b711b63225,lgbm,full,False,0.8046692607003891,0.0,0.7831229145115756,0.5804343275973568,68.28,"{""class_weight_mode"": ""none"", ""colsample_bytree"": 0.5, ""learning_rate"": 0.03, ""min_child_samples"": 5, ""n_estimators"": 400, ""num_leaves"": 63, ""reg_lambda"": 5.0, ""subsample"": 0.8, ""subsample_freq"": 1}",False,False,rebuilt,,,,,,
cb93f5cf2d8f7c55,lgbm,top120,True,0.8046692607003891,0.0,0.7916245332197933,0.617240816131696,55.02,"{""class_weight_mode"": ""balanced"", ""colsample_bytree"": 0.31124651778359613, ""learning_rate"": 0.020604135864657085, ""min_child_samples"": 37, ""n_estimators"": 1300, ""num_leaves"": 23, ""reg_alpha"": 0.16287448073176017, ""reg_lambda"": 0.0022341175717360225, ""subsample"": 0.8140282162417273, ""subsample_freq"": 1}",False,False,rebuilt,,,,,,
39d50a5d798b3a04,xgb,full,False,0.8046692607003891,0.0,0.78916802523157,0.5637391025809938,65.41,"{""class_weight_mode"": ""none"", ""colsample_bytree"": 0.8, ""learning_rate"": 0.03, ""max_depth"": 4, ""min_child_weight"": 3, ""n_estimators"": 400, ""reg_lambda"": 1.0, ""subsample"": 0.9}",False,False,rebuilt,,,,,,
8f0808f1c79d122e,xgb,full,False,0.8046692607003891,0.0,0.7925179874590407,0.6241636506956176,82.45,"{""class_weight_mode"": ""balanced"", ""colsample_bytree"": 0.8, ""learning_rate"": 0.12, ""max_depth"": 8, ""min_child_weight"": 1, ""n_estimators"": 400, ""reg_lambda"": 1.0, ""subsample"": 0.7}",False,False,rebuilt,,,,,,
6fb820b2c33eba58,xgb,full,False,0.8046692607003891,0.0,0.7937260187356047,0.5920650737011875,58.83,"{""class_weight_mode"": ""balanced"", ""colsample_bytree"": 0.5, ""learning_rate"": 0.03, ""max_depth"": 4, ""min_child_weight"": 3, ""n_estimators"": 400, ""reg_lambda"": 5.0, ""subsample"": 0.7}",False,False,rebuilt,,,,,,
523a46ab84e03fdc,xgb,full,False,0.8046692607003891,0.0,0.7837995701334013,0.596912426043539,150.34,"{""class_weight_mode"": ""none"", ""colsample_bytree"": 0.8, ""learning_rate"": 0.03, ""max_depth"": 6, ""min_child_weight"": 1, ""n_estimators"": 800, ""reg_lambda"": 1.0, ""subsample"": 0.9}",False,False,rebuilt,,,,,,
5169c03263fc99cd,lgbm,full,False,0.8046692607003891,0.0,0.7842501268032289,0.5875896825869082,97.04,"{""class_weight_mode"": ""none"", ""colsample_bytree"": 0.5, ""learning_rate"": 0.03, ""min_child_samples"": 5, ""n_estimators"": 800, ""num_leaves"": 15, ""reg_lambda"": 5.0, ""subsample"": 0.8, ""subsample_freq"": 1}",False,False,rebuilt,,,,,,
d77b7878b096294d,xgb,full,False,0.8046692607003891,0.0,0.7876882960602962,0.5824576958648274,65.95,"{""class_weight_mode"": ""none"", ""colsample_bytree"": 0.5, ""learning_rate"": 0.03, ""max_depth"": 4, ""min_child_weight"": 3, ""n_estimators"": 400, ""reg_lambda"": 5.0, ""subsample"": 0.7}",False,False,rebuilt,,,,,,
a9b5334a4ece0e28,xgb,full,False,0.8046692607003891,0.0,0.7860801829826791,0.6154839883310509,50.3,"{""class_weight_mode"": ""none"", ""colsample_bytree"": 0.5, ""learning_rate"": 0.12, ""max_depth"": 3, ""min_child_weight"": 1, ""n_estimators"": 400, ""reg_lambda"": 1.0, ""subsample"": 0.7}",False,False,rebuilt,,,,,,
e9317b7821966378,xgb,full,False,0.8046692607003891,0.0,0.792226383514863,0.5798469089217997,124.7,"{""class_weight_mode"": ""balanced"", ""colsample_bytree"": 0.5, ""learning_rate"": 0.03, ""max_depth"": 6, ""min_child_weight"": 1, ""n_estimators"": 400, ""reg_lambda"": 5.0, ""subsample"": 0.9}",False,False,rebuilt,,,,,,
353a768f095e560f,xgb,full,False,0.8046692607003891,0.0,0.7859328766807098,0.5974461234849777,188.05,"{""class_weight_mode"": ""none"", ""colsample_bytree"": 0.8, ""learning_rate"": 0.03, ""max_depth"": 8, ""min_child_weight"": 1, ""n_estimators"": 800, ""reg_lambda"": 1.0, ""subsample"": 0.9}",False,False,rebuilt,,,,,,
3c4a515968e00688,xgb,full,False,0.8046692607003891,0.0,0.7891687012949575,0.5880638799479596,68.69,"{""class_weight_mode"": ""none"", ""colsample_bytree"": 0.9043414458363627, ""gamma"": 0.015418749170629877, ""learning_rate"": 0.14471725857450435, ""max_depth"": 4, ""min_child_weight"": 3.5876228635157514, ""n_estimators"": 1000, ""reg_alpha"": 2.0501632706292643, ""reg_lambda"": 1.1542269771698292, ""subsample"": 0.815189964426434}",False,False,rebuilt,,,,,,
bd71819045930c2a,xgb,full,False,0.8046692607003891,0.0,0.7914904660517882,0.5831287785911131,150.16,"{""class_weight_mode"": ""balanced"", ""colsample_bytree"": 0.5, ""learning_rate"": 0.03, ""max_depth"": 8, ""min_child_weight"": 1, ""n_estimators"": 400, ""reg_lambda"": 5.0, ""subsample"": 0.9}",False,False,rebuilt,,,,,,
b171605878260995,xgb,top120,False,0.8046692607003891,0.0,0.7916579015612505,0.5867969032904254,23.72,"{""class_weight_mode"": ""none"", ""colsample_bytree"": 0.8459128821003365, ""gamma"": 0.7323328533963399, ""learning_rate"": 0.14694924450340516, ""max_depth"": 8, ""min_child_weight"": 2.9651941795791896, ""n_estimators"": 700, ""reg_alpha"": 0.003961500957894168, ""reg_lambda"": 0.1561739458789161, ""subsample"": 0.9435432121325587}",False,False,rebuilt,,,,,,
5517eb84cfd3c480,xgb,full,False,0.8046692607003891,0.0,0.7863182087715505,0.6063090520813771,83.28,"{""class_weight_mode"": ""none"", ""colsample_bytree"": 0.5, ""learning_rate"": 0.12, ""max_depth"": 6, ""min_child_weight"": 1, ""n_estimators"": 800, ""reg_lambda"": 5.0, ""subsample"": 0.7}",False,False,rebuilt,,,,,,
d8e932c260344da5,xgb,full,False,0.8046692607003891,0.0,0.7901019932371265,0.5807981698803159,133.1,"{""class_weight_mode"": ""balanced"", ""colsample_bytree"": 0.8, ""learning_rate"": 0.06, ""max_depth"": 8, ""min_child_weight"": 1, ""n_estimators"": 400, ""reg_lambda"": 5.0, ""subsample"": 0.9}",False,False,rebuilt,,,,,,
5b75101a25535c18,xgb,full,False,0.8046692607003891,0.0,0.786308265501314,0.6088439991576177,32.23,"{""class_weight_mode"": ""none"", ""colsample_bytree"": 0.8, ""learning_rate"": 0.12, ""max_depth"": 6, ""min_child_weight"": 3, ""n_estimators"": 400, ""reg_lambda"": 1.0, ""subsample"": 0.7}",False,False,rebuilt,,,,,,
9734fd80066ae705,xgb,full,False,0.8046692607003891,0.0,0.7941758191987187,0.5618278643409449,54.47,"{""class_weight_mode"": ""balanced"", ""colsample_bytree"": 0.5, ""learning_rate"": 0.03, ""max_depth"": 3, ""min_child_weight"": 1, ""n_estimators"": 400, ""reg_lambda"": 1.0, ""subsample"": 0.9}",False,False,rebuilt,,,,,,
0a2aed31579f0b51,xgb,full,True,0.8046692607003891,0.0,0.7938407782063457,0.6107851383290027,93.76,"{""class_weight_mode"": ""balanced"", ""colsample_bytree"": 0.32783658371046853, ""gamma"": 0.015420131283559497, ""learning_rate"": 0.1408996820988197, ""max_depth"": 3, ""min_child_weight"": 1.3470634461709672, ""n_estimators"": 1200, ""reg_alpha"": 0.02857152032213692, ""reg_lambda"": 12.166816646014967, ""subsample"": 0.8653086629891947}",False,False,rebuilt,,,,,,
1fe5abc4001a43aa,xgb,full,False,0.8046692607003891,0.0,0.7866572748046883,0.562206332215372,101.89,"{""class_weight_mode"": ""none"", ""colsample_bytree"": 0.5, ""learning_rate"": 0.03, ""max_depth"": 3, ""min_child_weight"": 1, ""n_estimators"": 800, ""reg_lambda"": 5.0, ""subsample"": 0.9}",False,False,rebuilt,,,,,,
28cb87e598c42b96,lgbm,full,False,0.8046692607003891,0.0,0.7844375619491328,0.587162473503774,106.39,"{""class_weight_mode"": ""none"", ""colsample_bytree"": 0.8, ""learning_rate"": 0.03, ""min_child_samples"": 10, ""n_estimators"": 800, ""num_leaves"": 15, ""reg_lambda"": 5.0, ""subsample"": 0.8, ""subsample_freq"": 1}",False,False,rebuilt,,,,,,
4d5596aa511be98e,xgb,full,False,0.8046692607003891,0.0,0.787554555537515,0.5703849658253295,85.75,"{""class_weight_mode"": ""none"", ""colsample_bytree"": 0.5, ""learning_rate"": 0.03, ""max_depth"": 8, ""min_child_weight"": 3, ""n_estimators"": 400, ""reg_lambda"": 1.0, ""subsample"": 0.7}",False,False,rebuilt,,,,,,
5d628310d9e7b371,xgb,full,False,0.8046692607003891,0.0,0.786242304605722,0.5785761630166539,38.18,"{""class_weight_mode"": ""none"", ""colsample_bytree"": 0.5, ""learning_rate"": 0.06, ""max_depth"": 3, ""min_child_weight"": 3, ""n_estimators"": 400, ""reg_lambda"": 1.0, ""subsample"": 0.7}",False,False,rebuilt,,,,,,
e904039386cfcfde,xgb,full,False,0.8046692607003891,0.0,0.7879235165971685,0.5687335718215185,92.53,"{""class_weight_mode"": ""none"", ""colsample_bytree"": 0.8, ""learning_rate"": 0.03, ""max_depth"": 6, ""min_child_weight"": 3, ""n_estimators"": 400, ""reg_lambda"": 1.0, ""subsample"": 0.7}",False,False,rebuilt,,,,,,
8a607965758b34d9,xgb,full,False,0.8046692607003891,0.0,0.7874642335964268,0.6060085748988122,32.44,"{""class_weight_mode"": ""none"", ""colsample_bytree"": 0.5, ""learning_rate"": 0.12, ""max_depth"": 3, ""min_child_weight"": 3, ""n_estimators"": 400, ""reg_lambda"": 1.0, ""subsample"": 0.7}",False,False,rebuilt,,,,,,
56f887fd08af950a,xgb,full,False,0.8046692607003891,0.0,0.7891293639797435,0.6230058969740648,29.22,"{""class_weight_mode"": ""none"", ""colsample_bytree"": 0.5, ""learning_rate"": 0.12, ""max_depth"": 4, ""min_child_weight"": 1, ""n_estimators"": 400, ""reg_lambda"": 1.0, ""subsample"": 0.7}",False,False,rebuilt,,,,,,
1a598791fb8640cf,xgb,full,False,0.8046692607003891,0.0,0.7952282302287921,0.6203216442603916,39.58,"{""class_weight_mode"": ""balanced"", ""colsample_bytree"": 0.5, ""learning_rate"": 0.12, ""max_depth"": 6, ""min_child_weight"": 3, ""n_estimators"": 800, ""reg_lambda"": 1.0, ""subsample"": 0.7}",False,False,rebuilt,,,,,,
aa70457ec423bb7d,xgb,full,False,0.8046692607003891,0.0,0.7873039768933873,0.5684341386972764,117.08,"{""class_weight_mode"": ""none"", ""colsample_bytree"": 0.8, ""learning_rate"": 0.03, ""max_depth"": 6, ""min_child_weight"": 3, ""n_estimators"": 400, ""reg_lambda"": 5.0, ""subsample"": 0.9}",False,False,rebuilt,,,,,,
c84f9530ac8ce58a,xgb,full,False,0.8046692607003891,0.0,0.7858418903359512,0.5881711131759487,53.39,"{""class_weight_mode"": ""none"", ""colsample_bytree"": 0.8, ""learning_rate"": 0.06, ""max_depth"": 4, ""min_child_weight"": 3, ""n_estimators"": 400, ""reg_lambda"": 1.0, ""subsample"": 0.7}",False,False,rebuilt,,,,,,
5305f8eb4db4684d,xgb,full,False,0.8046692607003891,0.0,0.7850865280348848,0.6011858650722068,71.8,"{""class_weight_mode"": ""none"", ""colsample_bytree"": 0.5, ""learning_rate"": 0.12, ""max_depth"": 8, ""min_child_weight"": 1, ""n_estimators"": 800, ""reg_lambda"": 5.0, ""subsample"": 0.9}",False,False,rebuilt,,,,,,
f3c0ab02ae44e455,xgb,full,False,0.8046692607003891,0.0,0.7903360046910011,0.5687601059510536,74.73,"{""class_weight_mode"": ""balanced"", ""colsample_bytree"": 0.5, ""learning_rate"": 0.03, ""max_depth"": 6, ""min_child_weight"": 3, ""n_estimators"": 400, ""reg_lambda"": 1.0, ""subsample"": 0.9}",False,False,rebuilt,,,,,,
93408e18d306cbf1,xgb,full,False,0.8046692607003891,0.0,0.7843658941731062,0.5722489058930798,64.08,"{""class_weight_mode"": ""none"", ""colsample_bytree"": 0.5, ""learning_rate"": 0.06, ""max_depth"": 4, ""min_child_weight"": 1, ""n_estimators"": 400, ""reg_lambda"": 5.0, ""subsample"": 0.7}",False,False,rebuilt,,,,,,
9084e89954dfb554,xgb,full,True,0.8046692607003891,0.0,0.7958528210837617,0.6039547502490193,275.15,"{""class_weight_mode"": ""balanced"", ""colsample_bytree"": 0.3443029634430517, ""gamma"": 0.001387537009758302, ""learning_rate"": 0.08284223729007922, ""max_depth"": 4, ""min_child_weight"": 0.5339048678541527, ""n_estimators"": 1400, ""reg_alpha"": 0.04029266256280657, ""reg_lambda"": 17.106924823166416, ""subsample"": 0.8071256695305523}",False,False,rebuilt,,,,,,
a2013d6b67ac4cb9,lgbm,top120,True,0.8046692607003891,0.0,0.7926878512575903,0.6103754280628481,124.51,"{""class_weight_mode"": ""balanced"", ""colsample_bytree"": 0.7088768889546317, ""learning_rate"": 0.011673170510910833, ""min_child_samples"": 22, ""n_estimators"": 1100, ""num_leaves"": 85, ""reg_alpha"": 0.4842837275689317, ""reg_lambda"": 0.0012862241276589616, ""subsample"": 0.7013394190100909, ""subsample_freq"": 1}",False,False,rebuilt,,,,,,
13d9c8fb07ad6db6,xgb,full,False,0.8038910505836576,0.0,0.7862874145050056,0.5634715547191804,48.43,"{""class_weight_mode"": ""none"", ""colsample_bytree"": 0.5, ""learning_rate"": 0.03, ""max_depth"": 4, ""min_child_weight"": 3, ""n_estimators"": 400, ""reg_lambda"": 1.0, ""subsample"": 0.9}",False,False,rebuilt,,,,,,
bf8d10408f0cfdc7,xgb,full,False,0.8038910505836576,0.0,0.7962513174984444,0.6000033458147674,39.96,"{""class_weight_mode"": ""balanced"", ""colsample_bytree"": 0.5, ""learning_rate"": 0.03, ""max_depth"": 3, ""min_child_weight"": 3, ""n_estimators"": 400, ""reg_lambda"": 5.0, ""subsample"": 0.7}",False,False,rebuilt,,,,,,
c046793b5d795905,xgb,full,False,0.8038910505836576,0.0,0.7900641545697427,0.5774822161812846,88.87,"{""class_weight_mode"": ""balanced"", ""colsample_bytree"": 0.8, ""learning_rate"": 0.03, ""max_depth"": 4, ""min_child_weight"": 1, ""n_estimators"": 400, ""reg_lambda"": 5.0, ""subsample"": 0.9}",False,False,rebuilt,,,,,,
3bfc44b59afe497f,xgb,full,True,0.8038910505836576,0.0,0.7923956053497703,0.6060513603111439,102.85,"{""class_weight_mode"": ""balanced"", ""colsample_bytree"": 0.35518371873763843, ""gamma"": 0.0017149746413134624, ""learning_rate"": 0.18384541000921342, ""max_depth"": 3, ""min_child_weight"": 0.564254069422155, ""n_estimators"": 1300, ""reg_alpha"": 0.361302136398784, ""reg_lambda"": 13.208781921020153, ""subsample"": 0.9881795432525075}",False,False,rebuilt,,,,,,
411a7a900e73274d,lgbm,full,False,0.8038910505836576,0.0,0.7830605567543789,0.5780748698582824,65.92,"{""class_weight_mode"": ""none"", ""colsample_bytree"": 0.8, ""learning_rate"": 0.03, ""min_child_samples"": 10, ""n_estimators"": 400, ""num_leaves"": 15, ""reg_lambda"": 5.0, ""subsample"": 0.8, ""subsample_freq"": 1}",False,False,rebuilt,,,,,,
433db898d479a07b,xgb,full,False,0.8038910505836576,0.0,0.7854232001873728,0.5900394334610161,34.33,"{""class_weight_mode"": ""none"", ""colsample_bytree"": 0.5, ""learning_rate"": 0.12, ""max_depth"": 4, ""min_child_weight"": 3, ""n_estimators"": 400, ""reg_lambda"": 5.0, ""subsample"": 0.7}",False,False,rebuilt,,,,,,
3eb3834935387cc1,xgb,full,False,0.8038910505836576,0.0,0.7842750600048507,0.5578503844720766,56.42,"{""class_weight_mode"": ""none"", ""colsample_bytree"": 0.8, ""learning_rate"": 0.03, ""max_depth"": 3, ""min_child_weight"": 1, ""n_estimators"": 400, ""reg_lambda"": 1.0, ""subsample"": 0.9}",False,False,rebuilt,,,,,,
63a3e02641065482,xgb,full,False,0.8038910505836576,0.0,0.7892647179346414,0.6095967683755243,38.82,"{""class_weight_mode"": ""none"", ""colsample_bytree"": 0.5, ""learning_rate"": 0.12, ""max_depth"": 6, ""min_child_weight"": 3, ""n_estimators"": 400, ""reg_lambda"": 1.0, ""subsample"": 0.7}",False,False,rebuilt,,,,,,
7794d01c55d8b9c5,xgb,full,False,0.8038910505836576,0.0,0.7867155505551041,0.5977322549937046,49.25,"{""class_weight_mode"": ""none"", ""colsample_bytree"": 0.5, ""learning_rate"": 0.12, ""max_depth"": 4, ""min_child_weight"": 3, ""n_estimators"": 800, ""reg_lambda"": 5.0, ""subsample"": 0.9}",False,False,rebuilt,,,,,,
0c49e340c4805da7,xgb,full,False,0.8038910505836576,0.0,0.7871367308344224,0.5841395073647431,82.26,"{""class_weight_mode"": ""none"", ""colsample_bytree"": 0.8, ""learning_rate"": 0.03, ""max_depth"": 4, ""min_child_weight"": 3, ""n_estimators"": 400, ""reg_lambda"": 5.0, ""subsample"": 0.7}",False,False,rebuilt,,,,,,
b5e208564e9cde41,lgbm,top120,True,0.8038910505836576,0.0,0.7908961180531552,0.591657255428501,222.99,"{""class_weight_mode"": ""none"", ""colsample_bytree"": 0.6815669088966976, ""learning_rate"": 0.010043952231311552, ""min_child_samples"": 17, ""n_estimators"": 1000, ""num_leaves"": 75, ""reg_alpha"": 0.5222470147352998, ""reg_lambda"": 0.005877716598893157, ""subsample"": 0.5111181286135504, ""subsample_freq"": 1}",False,False,rebuilt,,,,,,
c9477bf581a716fb,xgb,full,False,0.8038910505836576,0.0,0.7810987730718859,0.626010113778104,66.31,"{""class_weight_mode"": ""none"", ""colsample_bytree"": 0.82406636029437, ""gamma"": 0.00015753049625297916, ""learning_rate"": 0.09213457823686291, ""max_depth"": 7, ""min_child_weight"": 0.8100821940438868, ""n_estimators"": 400, ""reg_alpha"": 0.042396248335678004, ""reg_lambda"": 0.22656152520978873, ""subsample"": 0.8963594064948617}",False,False,rebuilt,,,,,,
9b18bc75ab1ccd1c,xgb,full,False,0.8038910505836576,0.0,0.7897209140006965,0.5973111762330734,203.61,"{""class_weight_mode"": ""balanced"", ""colsample_bytree"": 0.5, ""learning_rate"": 0.03, ""max_depth"": 8, ""min_child_weight"": 1, ""n_estimators"": 800, ""reg_lambda"": 1.0, ""subsample"": 0.9}",False,False,rebuilt,,,,,,
f4d70c490254124f,xgb,full,False,0.8038910505836576,0.0,0.7903046435595595,0.5802966576496809,98.03,"{""class_weight_mode"": ""balanced"", ""colsample_bytree"": 0.5, ""learning_rate"": 0.03, ""max_depth"": 6, ""min_child_weight"": 3, ""n_estimators"": 800, ""reg_lambda"": 1.0, ""subsample"": 0.9}",False,False,rebuilt,,,,,,
8ac0ae3594d4e333,xgb,full,False,0.8038910505836576,0.0,0.792967727817475,0.5925976456665439,58.0,"{""class_weight_mode"": ""balanced"", ""colsample_bytree"": 0.5, ""learning_rate"": 0.03, ""max_depth"": 8, ""min_child_weight"": 3, ""n_estimators"": 400, ""reg_lambda"": 5.0, ""subsample"": 0.7}",False,False,rebuilt,,,,,,
8c941b3b7ff09297,xgb,full,False,0.8038910505836576,0.0,0.7881038209255493,0.5793158017994814,189.75,"{""class_weight_mode"": ""balanced"", ""colsample_bytree"": 0.8, ""learning_rate"": 0.03, ""max_depth"": 6, ""min_child_weight"": 1, ""n_estimators"": 800, ""reg_lambda"": 5.0, ""subsample"": 0.9}",False,False,rebuilt,,,,,,
d1b359bf0860a30c,xgb,full,False,0.8038910505836576,0.0,0.7855784957194782,0.5735528281228226,50.44,"{""class_weight_mode"": ""none"", ""colsample_bytree"": 0.8, ""learning_rate"": 0.06, ""max_depth"": 3, ""min_child_weight"": 3, ""n_estimators"": 400, ""reg_lambda"": 1.0, ""subsample"": 0.7}",False,False,rebuilt,,,,,,
a456eae22221b93b,xgb,full,False,0.8038910505836576,0.0,0.7861170437042599,0.5721942600620481,66.09,"{""class_weight_mode"": ""none"", ""colsample_bytree"": 0.5, ""learning_rate"": 0.06, ""max_depth"": 6, ""min_child_weight"": 1, ""n_estimators"": 400, ""reg_lambda"": 5.0, ""subsample"": 0.9}",False,False,rebuilt,,,,,,
de17548c201453b3,xgb,full,False,0.8038910505836576,0.0,0.7859494054432681,0.5910618900952622,37.69,"{""class_weight_mode"": ""none"", ""colsample_bytree"": 0.5, ""learning_rate"": 0.03, ""max_depth"": 3, ""min_child_weight"": 3, ""n_estimators"": 400, ""reg_lambda"": 5.0, ""subsample"": 0.7}",False,False,rebuilt,,,,,,
983c6d4883524859,xgb,full,False,0.8038910505836576,0.0,0.7869935356284399,0.5700924592320042,118.0,"{""class_weight_mode"": ""none"", ""colsample_bytree"": 0.8, ""learning_rate"": 0.03, ""max_depth"": 4, ""min_child_weight"": 1, ""n_estimators"": 400, ""reg_lambda"": 5.0, ""subsample"": 0.9}",False,False,rebuilt,,,,,,
04f491631e7641b1,xgb,full,True,0.8038910505836576,0.0,0.7943278254107348,0.5941504392932355,291.6,"{""class_weight_mode"": ""balanced"", ""colsample_bytree"": 0.3592409550196274, ""gamma"": 0.007184703043398762, ""learning_rate"": 0.05735131587047051, ""max_depth"": 5, ""min_child_weight"": 0.6773502559006316, ""n_estimators"": 1200, ""reg_alpha"": 0.018909364622167475, ""reg_lambda"": 14.630265134875362, ""subsample"": 0.862125992827606}",False,False,rebuilt,,,,,,
09b2f63288337999,lgbm,full,True,0.8038910505836576,0.0,0.7914426708560118,0.6467355311572729,180.13,"{""class_weight_mode"": ""none"", ""colsample_bytree"": 0.5659195431508433, ""learning_rate"": 0.01106012580593251, ""min_child_samples"": 27, ""n_estimators"": 1100, ""num_leaves"": 79, ""reg_alpha"": 0.036364185488285065, ""reg_lambda"": 0.008358453972180303, ""subsample"": 0.6320750582751354, ""subsample_freq"": 1}",False,False,rebuilt,,,,,,
0c3d9bc38ac92b8e,xgb,full,False,0.8038910505836576,0.0,0.7892475753563559,0.5954449470094989,53.04,"{""class_weight_mode"": ""none"", ""colsample_bytree"": 0.608577539951055, ""gamma"": 0.003798976128066135, ""learning_rate"": 0.07775304319543964, ""max_depth"": 5, ""min_child_weight"": 7.113617028654565, ""n_estimators"": 700, ""reg_alpha"": 0.5713099940824536, ""reg_lambda"": 1.2364575135561933, ""subsample"": 0.7180330922491579}",False,False,rebuilt,,,,,,
1620fae7ad603d1e,xgb,full,False,0.8038910505836576,0.0,0.7899420449960168,0.5600259670934232,44.16,"{""class_weight_mode"": ""none"", ""colsample_bytree"": 0.5, ""learning_rate"": 0.03, ""max_depth"": 3, ""min_child_weight"": 3, ""n_estimators"": 400, ""reg_lambda"": 1.0, ""subsample"": 0.9}",False,False,rebuilt,,,,,,
ccdfe1c4fa5e31f5,xgb,full,False,0.8038910505836576,0.0,0.7851875661993686,0.5956773359090517,63.63,"{""class_weight_mode"": ""none"", ""colsample_bytree"": 0.7442890855704938, ""gamma"": 0.004692960189515569, ""learning_rate"": 0.07232407014787252, ""max_depth"": 4, ""min_child_weight"": 7.277544225399106, ""n_estimators"": 800, ""reg_alpha"": 0.41910914199103727, ""reg_lambda"": 0.48366116462453507, ""subsample"": 0.8318450564258928}",False,False,rebuilt,,,,,,
c03f94e4b4a71ae8,xgb,full,False,0.8038910505836576,0.0,0.7854981033175001,0.5761073266147463,140.21,"{""class_weight_mode"": ""none"", ""colsample_bytree"": 0.8, ""learning_rate"": 0.06, ""max_depth"": 8, ""min_child_weight"": 1, ""n_estimators"": 400, ""reg_lambda"": 5.0, ""subsample"": 0.7}",False,False,rebuilt,,,,,,
9c254fba4b573290,lgbm,full,False,0.8038910505836576,0.0,0.7851068440710849,0.5921853928523325,67.89,"{""class_weight_mode"": ""none"", ""colsample_bytree"": 0.8670793762754265, ""learning_rate"": 0.029356803839267386, ""min_child_samples"": 14, ""n_estimators"": 1200, ""num_leaves"": 70, ""reg_alpha"": 2.3880829649710567, ""reg_lambda"": 5.361719013955213, ""subsample"": 0.9046805777392568, ""subsample_freq"": 1}",False,False,rebuilt,,,,,,
8d949f09d7e41114,xgb,full,False,0.8038910505836576,0.0,0.788076224119435,0.6026800248855204,92.78,"{""class_weight_mode"": ""none"", ""colsample_bytree"": 0.7978019770600642, ""gamma"": 0.00012195935317326926, ""learning_rate"": 0.07672846417344421, ""max_depth"": 6, ""min_child_weight"": 0.5431822133393744, ""n_estimators"": 500, ""reg_alpha"": 0.08505127160819255, ""reg_lambda"": 1.5094594355063538, ""subsample"": 0.9199347465330662}",False,False,rebuilt,,,,,,
261f87bd8ca4e976,xgb,full,False,0.8038910505836576,0.0,0.7868319933267646,0.562137001325947,104.87,"{""class_weight_mode"": ""none"", ""colsample_bytree"": 0.8, ""learning_rate"": 0.03, ""max_depth"": 3, ""min_child_weight"": 1, ""n_estimators"": 800, ""reg_lambda"": 5.0, ""subsample"": 0.9}",False,False,rebuilt,,,,,,
ca84657b382c3171,xgb,top120,False,0.8038910505836576,0.0,0.7830879027770282,0.6384630395672665,37.4,"{""class_weight_mode"": ""none"", ""colsample_bytree"": 0.9397806593688809, ""gamma"": 0.00014116616948628516, ""learning_rate"": 0.18715681486905172, ""max_depth"": 5, ""min_child_weight"": 0.5552883590890201, ""n_estimators"": 500, ""reg_alpha"": 0.333866496678248, ""reg_lambda"": 0.3519172678692256, ""subsample"": 0.8721789596081005}",False,False,rebuilt,,,,,,
cbc349b3aa5e5a14,xgb,full,False,0.8038910505836576,0.0,0.791399025623418,0.5734703487710364,101.11,"{""class_weight_mode"": ""balanced"", ""colsample_bytree"": 0.8, ""learning_rate"": 0.03, ""max_depth"": 4, ""min_child_weight"": 1, ""n_estimators"": 400, ""reg_lambda"": 1.0, ""subsample"": 0.9}",False,False,rebuilt,,,,,,
a33db323fd0fe79c,xgb,full,False,0.8038910505836576,0.0,0.7864253572715352,0.5703892885290266,138.46,"{""class_weight_mode"": ""none"", ""colsample_bytree"": 0.8, ""learning_rate"": 0.06, ""max_depth"": 8, ""min_child_weight"": 1, ""n_estimators"": 400, ""reg_lambda"": 5.0, ""subsample"": 0.9}",False,False,rebuilt,,,,,,
2b213912c30f20ef,xgb,full,False,0.8038910505836576,0.0,0.7860661041648056,0.5643021504446956,66.42,"{""class_weight_mode"": ""none"", ""colsample_bytree"": 0.5, ""learning_rate"": 0.03, ""max_depth"": 4, ""min_child_weight"": 1, ""n_estimators"": 400, ""reg_lambda"": 1.0, ""subsample"": 0.7}",False,False,rebuilt,,,,,,
507c78d355b44cce,xgb,full,False,0.8038910505836576,0.0,0.7872366217511318,0.6236170699691049,58.27,"{""class_weight_mode"": ""none"", ""colsample_bytree"": 0.5, ""learning_rate"": 0.12, ""max_depth"": 4, ""min_child_weight"": 3, ""n_estimators"": 800, ""reg_lambda"": 1.0, ""subsample"": 0.7}",False,False,rebuilt,,,,,,
3ac917773c5b95e3,xgb,full,False,0.8038910505836576,0.0,0.7866011509259303,0.626446023626271,58.72,"{""class_weight_mode"": ""none"", ""colsample_bytree"": 0.5, ""learning_rate"": 0.12, ""max_depth"": 8, ""min_child_weight"": 1, ""n_estimators"": 800, ""reg_lambda"": 1.0, ""subsample"": 0.7}",False,False,rebuilt,,,,,,
13ebfa7efa7fd7af,lgbm,top120,True,0.8038910505836576,0.0,0.7935554567891334,0.6222475617686393,68.46,"{""class_weight_mode"": ""none"", ""colsample_bytree"": 0.5030139534174833, ""learning_rate"": 0.018316426913160183, ""min_child_samples"": 22, ""n_estimators"": 700, ""num_leaves"": 32, ""reg_alpha"": 0.10870124292997142, ""reg_lambda"": 0.09890606804705694, ""subsample"": 0.5627000304576496, ""subsample_freq"": 1}",False,False,rebuilt,,,,,,
5faf536a6a6a0790,xgb,full,True,0.8038910505836576,0.0,0.7942051364942124,0.6708702080388045,151.61,"{""class_weight_mode"": ""balanced"", ""colsample_bytree"": 0.44332663735531425, ""gamma"": 0.000492404277428469, ""learning_rate"": 0.13038972209783087, ""max_depth"": 3, ""min_child_weight"": 0.5204887431115701, ""n_estimators"": 1500, ""reg_alpha"": 0.005977121956723045, ""reg_lambda"": 8.112349900451587, ""subsample"": 0.8558312806312429}",False,False,rebuilt,,,,,,
7be0e519199bd038,xgb,full,False,0.8038910505836576,0.0,0.7864273661238305,0.5644272991922047,71.28,"{""class_weight_mode"": ""none"", ""colsample_bytree"": 0.5, ""learning_rate"": 0.03, ""max_depth"": 4, ""min_child_weight"": 1, ""n_estimators"": 400, ""reg_lambda"": 1.0, ""subsample"": 0.9}",False,False,rebuilt,,,,,,
42042476499bfaea,xgb,full,False,0.8038910505836576,0.0,0.7860219697928008,0.6209054757077817,44.35,"{""class_weight_mode"": ""none"", ""colsample_bytree"": 0.8, ""learning_rate"": 0.12, ""max_depth"": 4, ""min_child_weight"": 1, ""n_estimators"": 400, ""reg_lambda"": 1.0, ""subsample"": 0.9}",False,False,rebuilt,,,,,,
81fb23344632232b,xgb,full,False,0.8038910505836576,0.0,0.7882341988684558,0.5808970171349518,103.8,"{""class_weight_mode"": ""none"", ""colsample_bytree"": 0.5, ""learning_rate"": 0.03, ""max_depth"": 6, ""min_child_weight"": 3, ""n_estimators"": 800, ""reg_lambda"": 1.0, ""subsample"": 0.9}",False,False,rebuilt,,,,,,
ecb44e4f21648876,xgb,full,False,0.8038910505836576,0.0,0.783512870380353,0.5802687468663709,152.7,"{""class_weight_mode"": ""none"", ""colsample_bytree"": 0.8, ""learning_rate"": 0.03, ""max_depth"": 8, ""min_child_weight"": 1, ""n_estimators"": 400, ""reg_lambda"": 1.0, ""subsample"": 0.9}",False,False,rebuilt,,,,,,
f0e4309b06d4fa56,lgbm,full,False,0.8031128404669261,0.0,0.7906170259063753,0.5828466323401105,79.35,"{""class_weight_mode"": ""balanced"", ""colsample_bytree"": 0.5, ""learning_rate"": 0.03, ""min_child_samples"": 10, ""n_estimators"": 800, ""num_leaves"": 15, ""reg_lambda"": 5.0, ""subsample"": 0.8, ""subsample_freq"": 1}",False,False,rebuilt,,,,,,
a4b492c4d586f15e,hgb,full,False,0.8031128404669261,0.0,0.7828832151934313,0.9859028154699028,73.37,"{""l2_regularization"": 0.0, ""learning_rate"": 0.05, ""max_iter"": 400, ""max_leaf_nodes"": 15, ""min_samples_leaf"": 5}",False,False,rebuilt,,,,,,
26b9b9cad4e00878,xgb,full,False,0.8031128404669261,0.0,0.7893272953929428,0.6437984993574084,46.63,"{""class_weight_mode"": ""balanced"", ""colsample_bytree"": 0.5, ""learning_rate"": 0.12, ""max_depth"": 4, ""min_child_weight"": 1, ""n_estimators"": 800, ""reg_lambda"": 1.0, ""subsample"": 0.9}",False,False,rebuilt,,,,,,
23e158a9fb6ad144,xgb,full,False,0.8031128404669261,0.0,0.7958136384694223,0.6170943798301205,75.31,"{""class_weight_mode"": ""balanced"", ""colsample_bytree"": 0.9631002361073154, ""gamma"": 0.0004057117314869105, ""learning_rate"": 0.026661477864534194, ""max_depth"": 6, ""min_child_weight"": 2.9930723687391714, ""n_estimators"": 300, ""reg_alpha"": 1.8759341631992164, ""reg_lambda"": 0.28546543371130606, ""subsample"": 0.8004694601379179}",False,False,rebuilt,,,,,,
f076e6a9866ebc64,xgb,full,False,0.8031128404669261,0.0,0.7843646447954712,0.5707979219990642,119.28,"{""class_weight_mode"": ""none"", ""colsample_bytree"": 0.8, ""learning_rate"": 0.03, ""max_depth"": 6, ""min_child_weight"": 3, ""n_estimators"": 800, ""reg_lambda"": 5.0, ""subsample"": 0.9}",False,False,rebuilt,,,,,,
5326eed612e47608,xgb,full,False,0.8031128404669261,0.0,0.7859241296968663,0.5783732464676015,50.44,"{""class_weight_mode"": ""none"", ""colsample_bytree"": 0.8, ""learning_rate"": 0.06, ""max_depth"": 6, ""min_child_weight"": 3, ""n_estimators"": 400, ""reg_lambda"": 1.0, ""subsample"": 0.7}",False,False,rebuilt,,,,,,
efdf146b7ac663ea,lgbm,full,False,0.8031128404669261,0.0,0.7873829834466604,0.8860585885156307,51.09,"{""class_weight_mode"": ""balanced"", ""colsample_bytree"": 0.5, ""learning_rate"": 0.12, ""min_child_samples"": 5, ""n_estimators"": 400, ""num_leaves"": 63, ""reg_lambda"": 0.0, ""subsample"": 0.8, ""subsample_freq"": 1}",False,False,rebuilt,,,,,,
15f6e0fe0d424d6f,xgb,full,False,0.8031128404669261,0.0,0.7880746507580063,0.6070659647229477,40.26,"{""class_weight_mode"": ""none"", ""colsample_bytree"": 0.5, ""learning_rate"": 0.12, ""max_depth"": 8, ""min_child_weight"": 3, ""n_estimators"": 400, ""reg_lambda"": 1.0, ""subsample"": 0.7}",False,False,rebuilt,,,,,,
5358307f72673a96,xgb,full,False,0.8031128404669261,0.0,0.7818925634522629,0.5825853909432058,58.02,"{""class_weight_mode"": ""none"", ""colsample_bytree"": 0.7657283232409386, ""gamma"": 0.42924112632839095, ""learning_rate"": 0.07934480280393165, ""max_depth"": 5, ""min_child_weight"": 3.963683641951893, ""n_estimators"": 900, ""reg_alpha"": 0.23088868274441834, ""reg_lambda"": 1.4317428518493607, ""subsample"": 0.7032915765573685}",False,False,rebuilt,,,,,,
08df9ccd9b3c4b88,xgb,full,False,0.8031128404669261,0.0,0.7859080591820847,0.5817644055592943,88.88,"{""class_weight_mode"": ""none"", ""colsample_bytree"": 0.8, ""learning_rate"": 0.03, ""max_depth"": 6, ""min_child_weight"": 3, ""n_estimators"": 400, ""reg_lambda"": 5.0, ""subsample"": 0.7}",False,False,rebuilt,,,,,,
bd7ca8ec14c3562c,xgb,full,False,0.8031128404669261,0.0,0.7849941831117091,0.5704373504995341,121.15,"{""class_weight_mode"": ""none"", ""colsample_bytree"": 0.8, ""learning_rate"": 0.03, ""max_depth"": 3, ""min_child_weight"": 1, ""n_estimators"": 800, ""reg_lambda"": 1.0, ""subsample"": 0.9}",False,False,rebuilt,,,,,,
f9c79c5ecb40c7e1,xgb,full,False,0.8031128404669261,0.0,0.7868626090011835,0.6110999796393876,35.86,"{""class_weight_mode"": ""none"", ""colsample_bytree"": 0.8, ""learning_rate"": 0.12, ""max_depth"": 8, ""min_child_weight"": 3, ""n_estimators"": 400, ""reg_lambda"": 1.0, ""subsample"": 0.7}",False,False,rebuilt,,,,,,
bd63df35a1072c2b,xgb,full,False,0.8031128404669261,0.0,0.7906079578625099,0.5809708528479303,278.47,"{""class_weight_mode"": ""balanced"", ""colsample_bytree"": 0.8, ""learning_rate"": 0.03, ""max_depth"": 8, ""min_child_weight"": 1, ""n_estimators"": 800, ""reg_lambda"": 5.0, ""subsample"": 0.7}",False,False,rebuilt,,,,,,
38b303785433bda8,xgb,full,True,0.8031128404669261,0.0,0.793682296459923,0.6242510133041673,93.87,"{""class_weight_mode"": ""balanced"", ""colsample_bytree"": 0.4050108359760206, ""gamma"": 0.00824929616418363, ""learning_rate"": 0.08862126006582109, ""max_depth"": 3, ""min_child_weight"": 0.5684684800134301, ""n_estimators"": 800, ""reg_alpha"": 0.0130868805791924, ""reg_lambda"": 7.387148043022663, ""subsample"": 0.8955848220597726}",False,False,rebuilt,,,,,,
f483ff4b14e76ba1,xgb,full,False,0.8031128404669261,0.0,0.7933160011459759,0.6217648701090543,51.54,"{""class_weight_mode"": ""balanced"", ""colsample_bytree"": 0.5, ""learning_rate"": 0.12, ""max_depth"": 8, ""min_child_weight"": 3, ""n_estimators"": 800, ""reg_lambda"": 1.0, ""subsample"": 0.7}",False,False,rebuilt,,,,,,
9e696c068a4af1d8,xgb,full,False,0.8031128404669261,0.0,0.7891327738890955,0.6108890521418906,35.13,"{""class_weight_mode"": ""none"", ""colsample_bytree"": 0.5, ""learning_rate"": 0.12, ""max_depth"": 6, ""min_child_weight"": 1, ""n_estimators"": 400, ""reg_lambda"": 1.0, ""subsample"": 0.7}",False,False,rebuilt,,,,,,
a08954db9db9fe3c,xgb,full,True,0.8031128404669261,0.0,0.7919355723687699,0.6184728957544052,171.95,"{""class_weight_mode"": ""balanced"", ""colsample_bytree"": 0.47537332974809776, ""gamma"": 0.0007576026512653042, ""learning_rate"": 0.1179404180933065, ""max_depth"": 4, ""min_child_weight"": 1.0932567610930117, ""n_estimators"": 1300, ""reg_alpha"": 0.03052550544669773, ""reg_lambda"": 19.202379234228847, ""subsample"": 0.8162457570366023}",False,False,rebuilt,,,,,,
c3d8db8e3fc97580,lgbm,full,False,0.8031128404669261,0.0,0.7895587452005148,0.5767805810133833,49.24,"{""class_weight_mode"": ""balanced"", ""colsample_bytree"": 0.5, ""learning_rate"": 0.03, ""min_child_samples"": 10, ""n_estimators"": 400, ""num_leaves"": 63, ""reg_lambda"": 5.0, ""subsample"": 0.8, ""subsample_freq"": 1}",False,False,rebuilt,,,,,,
11467d039d151f2a,xgb,full,False,0.8031128404669261,0.0,0.784116555883627,0.5951930507214014,73.27,"{""class_weight_mode"": ""none"", ""colsample_bytree"": 0.7459546328439104, ""gamma"": 0.01292586189017814, ""learning_rate"": 0.10405528479608774, ""max_depth"": 5, ""min_child_weight"": 6.2911742854296415, ""n_estimators"": 1200, ""reg_alpha"": 0.43781277316812917, ""reg_lambda"": 1.5614049150160456, ""subsample"": 0.8360145881414808}",False,False,rebuilt,,,,,,
3a257afc00b04ca7,xgb,full,False,0.8031128404669261,0.0,0.7857014535985105,0.576469095943901,158.7,"{""class_weight_mode"": ""none"", ""colsample_bytree"": 0.8, ""learning_rate"": 0.03, ""max_depth"": 6, ""min_child_weight"": 1, ""n_estimators"": 400, ""reg_lambda"": 5.0, ""subsample"": 0.7}",False,False,rebuilt,,,,,,
02325d6754b051c1,xgb,full,False,0.8031128404669261,0.0,0.7877991778410405,0.5844738408727519,181.6,"{""class_weight_mode"": ""balanced"", ""colsample_bytree"": 0.8, ""learning_rate"": 0.03, ""max_depth"": 8, ""min_child_weight"": 1, ""n_estimators"": 400, ""reg_lambda"": 5.0, ""subsample"": 0.9}",False,False,rebuilt,,,,,,
25482d0895e0d637,xgb,full,False,0.8023346303501946,0.0,0.791920250127236,0.5694823652264824,58.17,"{""class_weight_mode"": ""balanced"", ""colsample_bytree"": 0.5, ""learning_rate"": 0.03, ""max_depth"": 4, ""min_child_weight"": 3, ""n_estimators"": 400, ""reg_lambda"": 1.0, ""subsample"": 0.9}",False,False,rebuilt,,,,,,
d528653e0b451c11,xgb,full,False,0.8023346303501946,0.0,0.7869176070811423,0.6003208979750457,33.7,"{""class_weight_mode"": ""none"", ""colsample_bytree"": 0.854477485230752, ""gamma"": 0.02826469542330532, ""learning_rate"": 0.1652738500980523, ""max_depth"": 6, ""min_child_weight"": 0.6048258196292878, ""n_estimators"": 300, ""reg_alpha"": 0.07275972301138842, ""reg_lambda"": 1.1891080929231361, ""subsample"": 0.7808422024981767}",False,False,rebuilt,,,,,,
2aefc7f9d6e4159d,xgb,full,False,0.8023346303501946,0.0,0.7935090166315691,0.5928457879823722,42.62,"{""class_weight_mode"": ""balanced"", ""colsample_bytree"": 0.5, ""learning_rate"": 0.03, ""max_depth"": 3, ""min_child_weight"": 1, ""n_estimators"": 400, ""reg_lambda"": 5.0, ""subsample"": 0.7}",False,False,rebuilt,,,,,,
8d207c1a0542d99f,lgbm,full,False,0.8023346303501946,0.0,0.7844898061473226,0.5968954486377878,106.14,"{""class_weight_mode"": ""none"", ""colsample_bytree"": 0.9642198760773333, ""learning_rate"": 0.061721159481070736, ""min_child_samples"": 9, ""n_estimators"": 1000, ""num_leaves"": 11, ""reg_alpha"": 0.9777718780862645, ""reg_lambda"": 14.230243744913723, ""subsample"": 0.5325257964926398, ""subsample_freq"": 1}",False,False,rebuilt,,,,,,
eaca42bd2a246eea,lgbm,full,False,0.8023346303501946,0.0,0.7839655034396695,0.5819809581714771,42.34,"{""class_weight_mode"": ""none"", ""colsample_bytree"": 0.37772319478532357, ""learning_rate"": 0.02143821235131689, ""min_child_samples"": 15, ""n_estimators"": 1000, ""num_leaves"": 84, ""reg_alpha"": 1.7571867488525392, ""reg_lambda"": 0.00268484626500974, ""subsample"": 0.7087423725226253, ""subsample_freq"": 1}",False,False,rebuilt,,,,,,
3f35a0e4b6d548d7,xgb,top120,True,0.8023346303501946,0.0,0.790010886655135,0.611363446079757,61.13,"{""class_weight_mode"": ""balanced"", ""colsample_bytree"": 0.5038603981386294, ""gamma"": 0.0037647251670546327, ""learning_rate"": 0.048164145309070844, ""max_depth"": 5, ""min_child_weight"": 2.727183127344505, ""n_estimators"": 500, ""reg_alpha"": 0.012040216379191714, ""reg_lambda"": 0.20940138873937433, ""subsample"": 0.7159725093210578}",False,False,rebuilt,,,,,,
5bb0e4369980b3f5,rf,full,True,0.8023346303501946,0.0,0.7866210060059253,0.6361768976878096,87.1,"{""class_weight_mode"": ""balanced_subsample"", ""max_depth"": 32, ""max_features"": 0.13964877567667833, ""min_samples_leaf"": 2, ""min_samples_split"": 6, ""n_estimators"": 800}",False,False,rebuilt,,,,,,
cd5feaaa11e64447,xgb,full,False,0.8023346303501946,0.0,0.791314618299898,0.5897556323855547,129.65,"{""class_weight_mode"": ""balanced"", ""colsample_bytree"": 0.5, ""learning_rate"": 0.03, ""max_depth"": 8, ""min_child_weight"": 1, ""n_estimators"": 400, ""reg_lambda"": 5.0, ""subsample"": 0.7}",False,False,rebuilt,,,,,,
1439e25f06a42506,xgb,full,False,0.8023346303501946,0.0,0.7828643121632618,0.5753683099422982,45.96,"{""class_weight_mode"": ""none"", ""colsample_bytree"": 0.5, ""learning_rate"": 0.06, ""max_depth"": 3, ""min_child_weight"": 1, ""n_estimators"": 400, ""reg_lambda"": 1.0, ""subsample"": 0.7}",False,False,rebuilt,,,,,,
266a7ba440151e74,xgb,full,False,0.8023346303501946,0.0,0.7836880262967904,0.5691841209141216,78.24,"{""class_weight_mode"": ""none"", ""colsample_bytree"": 0.5, ""learning_rate"": 0.03, ""max_depth"": 3, ""min_child_weight"": 1, ""n_estimators"": 800, ""reg_lambda"": 1.0, ""subsample"": 0.7}",False,False,rebuilt,,,,,,
68e9b2818f95243d,xgb,full,False,0.8023346303501946,0.0,0.790978191493697,0.5742616552280932,49.8,"{""class_weight_mode"": ""balanced"", ""colsample_bytree"": 0.8, ""learning_rate"": 0.06, ""max_depth"": 3, ""min_child_weight"": 1, ""n_estimators"": 400, ""reg_lambda"": 5.0, ""subsample"": 0.7}",False,False,rebuilt,,,,,,
b3839b4d9d7a3b80,xgb,full,False,0.8023346303501946,0.0,0.7844632130736674,0.6277664069763648,72.08,"{""class_weight_mode"": ""none"", ""colsample_bytree"": 0.9922147574704073, ""gamma"": 0.004176331149118872, ""learning_rate"": 0.13316437990021288, ""max_depth"": 7, ""min_child_weight"": 4.370379874974118, ""n_estimators"": 700, ""reg_alpha"": 0.09700966835742106, ""reg_lambda"": 0.44869065208262154, ""subsample"": 0.6100373879542929}",False,False,rebuilt,,,,,,
de8b72517c01f5a5,lgbm,full,False,0.8023346303501946,0.0,0.785708555520046,0.871404277362802,66.79,"{""class_weight_mode"": ""balanced"", ""colsample_bytree"": 0.8, ""learning_rate"": 0.06, ""min_child_samples"": 5, ""n_estimators"": 400, ""num_leaves"": 31, ""reg_lambda"": 0.0, ""subsample"": 0.8, ""subsample_freq"": 1}",False,False,rebuilt,,,,,,
ab7bd6000bd697bb,xgb,full,False,0.8023346303501946,0.0,0.7919787797514768,0.5886214144052476,126.92,"{""class_weight_mode"": ""balanced"", ""colsample_bytree"": 0.5, ""learning_rate"": 0.03, ""max_depth"": 6, ""min_child_weight"": 1, ""n_estimators"": 400, ""reg_lambda"": 5.0, ""subsample"": 0.7}",False,False,rebuilt,,,,,,
f442cf884f31c401,xgb,full,False,0.8023346303501946,0.0,0.7915632517375488,0.6062718257166293,38.45,"{""class_weight_mode"": ""balanced"", ""colsample_bytree"": 0.5, ""learning_rate"": 0.12, ""max_depth"": 6, ""min_child_weight"": 3, ""n_estimators"": 400, ""reg_lambda"": 1.0, ""subsample"": 0.7}",False,False,rebuilt,,,,,,
53fa9794ef5ff9f5,xgb,full,False,0.8023346303501946,0.0,0.7842429890022068,0.5887598278439413,65.2,"{""class_weight_mode"": ""none"", ""colsample_bytree"": 0.8450156802709222, ""gamma"": 0.0007574368547896977, ""learning_rate"": 0.05415708670031363, ""max_depth"": 4, ""min_child_weight"": 0.7047998232019589, ""n_estimators"": 300, ""reg_alpha"": 0.067697225279633, ""reg_lambda"": 0.7174057793785305, ""subsample"": 0.9724194315788981}",False,False,rebuilt,,,,,,
c6c7ee8fd683426a,xgb,full,True,0.8023346303501946,0.0,0.7892053246400736,0.6122262073641446,98.56,"{""class_weight_mode"": ""balanced"", ""colsample_bytree"": 0.4817022159042638, ""gamma"": 0.0326747314305568, ""learning_rate"": 0.1294819234739463, ""max_depth"": 3, ""min_child_weight"": 0.6143530498656665, ""n_estimators"": 1400, ""reg_alpha"": 0.027997410626075043, ""reg_lambda"": 12.991606305509652, ""subsample"": 0.8627887027899566}",False,False,rebuilt,,,,,,
ab85b96cb4f1afa3,xgb,full,True,0.8023346303501946,0.0,0.7888208434563919,0.6099460284250254,135.93,"{""class_weight_mode"": ""none"", ""colsample_bytree"": 0.3130032344265047, ""gamma"": 0.005419377544929342, ""learning_rate"": 0.13547194357322528, ""max_depth"": 4, ""min_child_weight"": 0.562138014374121, ""n_estimators"": 900, ""reg_alpha"": 0.031774109650705776, ""reg_lambda"": 15.215046074996698, ""subsample"": 0.925663247634625}",False,False,rebuilt,,,,,,
ac2fa2feee956953,xgb,full,False,0.8023346303501946,0.0,0.7846115012257563,0.5759303553504523,84.82,"{""class_weight_mode"": ""none"", ""colsample_bytree"": 0.5, ""learning_rate"": 0.03, ""max_depth"": 4, ""min_child_weight"": 1, ""n_estimators"": 400, ""reg_lambda"": 5.0, ""subsample"": 0.7}",False,False,rebuilt,,,,,,
cd51a1aecd2d7b04,xgb,full,False,0.8023346303501946,0.0,0.7846938335546434,0.5890879807793369,58.14,"{""class_weight_mode"": ""none"", ""colsample_bytree"": 0.8, ""learning_rate"": 0.03, ""max_depth"": 3, ""min_child_weight"": 3, ""n_estimators"": 400, ""reg_lambda"": 5.0, ""subsample"": 0.7}",False,False,rebuilt,,,,,,
47cec0673c0c96b0,xgb,full,True,0.8023346303501946,0.0,0.792250822695247,0.6026705266449082,140.81,"{""class_weight_mode"": ""balanced"", ""colsample_bytree"": 0.3169215096336621, ""gamma"": 0.0008988245358724638, ""learning_rate"": 0.09098639545418329, ""max_depth"": 4, ""min_child_weight"": 1.0219598763891673, ""n_estimators"": 900, ""reg_alpha"": 0.12694339626647339, ""reg_lambda"": 10.88036472599812, ""subsample"": 0.9363954805429997}",False,False,rebuilt,,,,,,
18322212fe2f3df0,lgbm,full,False,0.8023346303501946,0.0,0.7880923829229058,0.5808858013182036,57.8,"{""class_weight_mode"": ""balanced"", ""colsample_bytree"": 0.5, ""learning_rate"": 0.03, ""min_child_samples"": 5, ""n_estimators"": 400, ""num_leaves"": 15, ""reg_lambda"": 5.0, ""subsample"": 0.8, ""subsample_freq"": 1}",False,False,rebuilt,,,,,,
e1e15f32882be341,xgb,full,False,0.8023346303501946,0.0,0.7826668229544456,0.5715929294578784,76.43,"{""class_weight_mode"": ""none"", ""colsample_bytree"": 0.8, ""learning_rate"": 0.03, ""max_depth"": 3, ""min_child_weight"": 1, ""n_estimators"": 400, ""reg_lambda"": 5.0, ""subsample"": 0.9}",False,False,rebuilt,,,,,,
7ed4e61e85eab5f2,xgb,full,False,0.8023346303501946,0.0,0.7921733175503263,0.6131947033733569,152.76,"{""class_weight_mode"": ""balanced"", ""colsample_bytree"": 0.8082412222177962, ""gamma"": 0.0029376378156677307, ""learning_rate"": 0.020002428467922728, ""max_depth"": 6, ""min_child_weight"": 2.332554835102837, ""n_estimators"": 600, ""reg_alpha"": 1.3163874822796995, ""reg_lambda"": 0.6411262489725443, ""subsample"": 0.510298051833647}",False,False,rebuilt,,,,,,
73382e2a3112b8c2,xgb,full,False,0.8023346303501946,0.0,0.7855517002341198,0.6255018379225723,53.97,"{""class_weight_mode"": ""none"", ""colsample_bytree"": 0.5, ""learning_rate"": 0.12, ""max_depth"": 6, ""min_child_weight"": 1, ""n_estimators"": 800, ""reg_lambda"": 1.0, ""subsample"": 0.7}",False,False,rebuilt,,,,,,
620ccb969342a330,et,full,False,0.8023346303501946,0.0,0.7855225533009821,0.5685543884168868,36.07,"{""class_weight_mode"": ""balanced"", ""max_depth"": null, ""max_features"": 0.3, ""min_samples_leaf"": 1, ""n_estimators"": 1200}",False,False,rebuilt,,,,,,
377862eb45ee47d2,xgb,full,True,0.8023346303501946,0.0,0.7879163173370812,0.6676821569596664,74.04,"{""class_weight_mode"": ""balanced"", ""colsample_bytree"": 0.8610442468046052, ""gamma"": 0.0003695954518174796, ""learning_rate"": 0.17721055646431502, ""max_depth"": 7, ""min_child_weight"": 2.6275658547499403, ""n_estimators"": 500, ""reg_alpha"": 0.11550598123407439, ""reg_lambda"": 1.105828431366147, ""subsample"": 0.9533390265106388}",False,False,rebuilt,,,,,,
36c9e648bcac44e6,xgb,full,False,0.8023346303501946,0.0,0.7842963994247976,0.5882730254692384,209.41,"{""class_weight_mode"": ""none"", ""colsample_bytree"": 0.9321185348046033, ""gamma"": 0.00024509967002039727, ""learning_rate"": 0.02422517784508983, ""max_depth"": 7, ""min_child_weight"": 0.691937594607422, ""n_estimators"": 1000, ""reg_alpha"": 0.0012951528691379712, ""reg_lambda"": 1.1965864675873694, ""subsample"": 0.7458404813539564}",False,False,rebuilt,,,,,,
c82c0a1022221f5a,lgbm,top120,False,0.8023346303501946,0.0,0.7906468248033545,0.596882263514493,29.32,"{""class_weight_mode"": ""balanced"", ""colsample_bytree"": 0.5901341573748341, ""learning_rate"": 0.02801522131645404, ""min_child_samples"": 34, ""n_estimators"": 400, ""num_leaves"": 80, ""reg_alpha"": 1.945135379054241, ""reg_lambda"": 6.907431777665269, ""subsample"": 0.9498169205199294, ""subsample_freq"": 1}",False,False,rebuilt,,,,,,
99c25eb59d763291,xgb,full,False,0.8023346303501946,0.0,0.7912013845134822,0.6090966446878663,126.86,"{""class_weight_mode"": ""balanced"", ""colsample_bytree"": 0.8441057675884789, ""gamma"": 0.038627226651531496, ""learning_rate"": 0.02691891090627027, ""max_depth"": 5, ""min_child_weight"": 2.4763496631227593, ""n_estimators"": 1200, ""reg_alpha"": 2.10151172669082, ""reg_lambda"": 0.2636027754074336, ""subsample"": 0.6215553361303774}",False,False,rebuilt,,,,,,
1c0718c550de7e7d,xgb,full,False,0.8015564202334631,0.0,0.7835126689924452,0.5822136501708904,73.72,"{""class_weight_mode"": ""none"", ""colsample_bytree"": 0.8, ""learning_rate"": 0.03, ""max_depth"": 3, ""min_child_weight"": 1, ""n_estimators"": 400, ""reg_lambda"": 5.0, ""subsample"": 0.7}",False,False,rebuilt,,,,,,
bb6d96cd67dda119,xgb,full,False,0.8015564202334631,0.0,0.7951150142230061,0.5922750244328099,71.95,"{""class_weight_mode"": ""balanced"", ""colsample_bytree"": 0.8, ""learning_rate"": 0.03, ""max_depth"": 3, ""min_child_weight"": 1, ""n_estimators"": 400, ""reg_lambda"": 5.0, ""subsample"": 0.7}",False,False,rebuilt,,,,,,
38fb6ff81959e67c,lgbm,full,True,0.8015564202334631,0.0,0.7900703832065317,0.6220183264678771,196.26,"{""class_weight_mode"": ""balanced"", ""colsample_bytree"": 0.44575630077573797, ""learning_rate"": 0.05876591773225837, ""min_child_samples"": 33, ""n_estimators"": 1400, ""num_leaves"": 86, ""reg_alpha"": 0.1358405225389712, ""reg_lambda"": 12.212440340921187, ""subsample"": 0.9249722065905032, ""subsample_freq"": 1}",False,False,rebuilt,,,,,,
f3736f92de5bcafe,lgbm,top120,False,0.8015564202334631,0.0,0.7949703924934889,0.6023720534228594,39.51,"{""class_weight_mode"": ""balanced"", ""colsample_bytree"": 0.35741977829274685, ""learning_rate"": 0.01020173606800473, ""min_child_samples"": 36, ""n_estimators"": 900, ""num_leaves"": 69, ""reg_alpha"": 2.544259598736087, ""reg_lambda"": 0.005271095459487295, ""subsample"": 0.7474887286501963, ""subsample_freq"": 1}",False,False,rebuilt,,,,,,
4f637b2bd5e090a1,lgbm,top120,True,0.8015564202334631,0.0,0.7858059783071054,0.667089633359926,57.57,"{""class_weight_mode"": ""none"", ""colsample_bytree"": 0.5178465114976327, ""learning_rate"": 0.028076863509911478, ""min_child_samples"": 31, ""n_estimators"": 500, ""num_leaves"": 9, ""reg_alpha"": 0.030576829983335507, ""reg_lambda"": 0.01788754388264858, ""subsample"": 0.6035217409569272, ""subsample_freq"": 1}",False,False,rebuilt,,,,,,
ebec1b8c8c5b3566,et,full,False,0.8015564202334631,0.0,0.7936976971179573,0.5897300558958981,15.74,"{""class_weight_mode"": ""balanced"", ""max_depth"": null, ""max_features"": 0.3, ""min_samples_leaf"": 2, ""n_estimators"": 600}",False,False,rebuilt,,,,,,
a3ab6ed66291e228,xgb,full,True,0.8015564202334631,0.0,0.7921223013172325,0.6117279738954051,127.6,"{""class_weight_mode"": ""balanced"", ""colsample_bytree"": 0.37540094763193316, ""gamma"": 0.00870261096487367, ""learning_rate"": 0.11272094984398942, ""max_depth"": 4, ""min_child_weight"": 0.7267637238962351, ""n_estimators"": 900, ""reg_alpha"": 0.0578091798891379, ""reg_lambda"": 9.385118953703637, ""subsample"": 0.8875733286247318}",False,False,rebuilt,,,,,,
6ba356f0755a4457,hgb,full,False,0.8015564202334631,0.0,0.7834243346308257,0.7031836132322595,134.43,"{""l2_regularization"": 1.0, ""learning_rate"": 0.1, ""max_iter"": 400, ""max_leaf_nodes"": 15, ""min_samples_leaf"": 5}",False,False,rebuilt,,,,,,
6b1a7dbf89abfc12,xgb,full,False,0.8015564202334631,0.0,0.7860007809559859,0.5944115227142759,34.49,"{""class_weight_mode"": ""none"", ""colsample_bytree"": 0.8997791848004867, ""gamma"": 0.0004963406176100854, ""learning_rate"": 0.05741659271972926, ""max_depth"": 7, ""min_child_weight"": 7.950397817984361, ""n_estimators"": 300, ""reg_alpha"": 0.030686050801314677, ""reg_lambda"": 0.530070223783544, ""subsample"": 0.72457730675896}",False,False,rebuilt,,,,,,
fbae35b6958eeb47,et,full,False,0.8015564202334631,0.0,0.786948793463667,0.5861063509702046,20.29,"{""class_weight_mode"": ""balanced"", ""max_depth"": null, ""max_features"": 0.3, ""min_samples_leaf"": 1, ""n_estimators"": 600}",False,False,rebuilt,,,,,,
8aa1bb6bdc3d5ab5,lgbm,full,False,0.8015564202334631,0.0,0.7887152337912813,0.5766993632007178,41.62,"{""class_weight_mode"": ""balanced"", ""colsample_bytree"": 0.5, ""learning_rate"": 0.03, ""min_child_samples"": 10, ""n_estimators"": 400, ""num_leaves"": 15, ""reg_lambda"": 5.0, ""subsample"": 0.8, ""subsample_freq"": 1}",False,False,rebuilt,,,,,,
aa3b930b537c105b,xgb,full,False,0.8015564202334631,0.0,0.7857078023261179,0.5811353745329292,141.23,"{""class_weight_mode"": ""none"", ""colsample_bytree"": 0.8, ""learning_rate"": 0.03, ""max_depth"": 8, ""min_child_weight"": 3, ""n_estimators"": 400, ""reg_lambda"": 5.0, ""subsample"": 0.7}",False,False,rebuilt,,,,,,
a2b3ca636fc7f17b,et,full,False,0.8015564202334631,0.0,0.7864287523284538,0.6325756341786646,9.48,"{""class_weight_mode"": ""none"", ""max_depth"": null, ""max_features"": ""sqrt"", ""min_samples_leaf"": 1, ""n_estimators"": 600}",False,False,rebuilt,,,,,,
62491b5e31821a06,xgb,full,False,0.8015564202334631,0.0,0.7842987621934906,0.5850089356625713,52.63,"{""class_weight_mode"": ""none"", ""colsample_bytree"": 0.5, ""learning_rate"": 0.06, ""max_depth"": 4, ""min_child_weight"": 1, ""n_estimators"": 400, ""reg_lambda"": 1.0, ""subsample"": 0.7}",False,False,rebuilt,,,,,,
f2faccac637c3519,xgb,full,False,0.8015564202334631,0.0,0.7839989317176792,0.5987212447590898,59.1,"{""class_weight_mode"": ""none"", ""colsample_bytree"": 0.8, ""learning_rate"": 0.12, ""max_depth"": 6, ""min_child_weight"": 3, ""n_estimators"": 400, ""reg_lambda"": 5.0, ""subsample"": 0.7}",False,False,rebuilt,,,,,,
e61977e9a020fd89,xgb,full,True,0.8015564202334631,0.0,0.789407277600956,0.6333813043839513,207.76,"{""class_weight_mode"": ""balanced"", ""colsample_bytree"": 0.4890139427453046, ""gamma"": 0.003939357631562155, ""learning_rate"": 0.10676803535063895, ""max_depth"": 4, ""min_child_weight"": 0.5917070257875575, ""n_estimators"": 1200, ""reg_alpha"": 0.0053051917859267194, ""reg_lambda"": 9.932144985360358, ""subsample"": 0.7977520999526613}",False,False,rebuilt,,,,,,
4280d6cc51198666,xgb,full,False,0.8015564202334631,0.0,0.7909756043320286,0.5773670914209136,88.22,"{""class_weight_mode"": ""balanced"", ""colsample_bytree"": 0.8, ""learning_rate"": 0.03, ""max_depth"": 3, ""min_child_weight"": 1, ""n_estimators"": 400, ""reg_lambda"": 5.0, ""subsample"": 0.9}",False,False,rebuilt,,,,,,
90a9d030628746c8,xgb,full,False,0.8015564202334631,0.003112840466926,0.7812199573646261,0.5786392768062742,667.72,"{""learning_rate"": 0.05, ""max_depth"": 4, ""n_estimators"": 600}",False,False,rebuilt,0.8057068741893646,0.0025679623700678,0.7888606408695976,0.5629482606011805,,
426eb1570071ddd7,xgb,full,False,0.8015564202334631,0.0,0.7828245586513366,0.5717579725639236,96.32,"{""class_weight_mode"": ""none"", ""colsample_bytree"": 0.8, ""learning_rate"": 0.03, ""max_depth"": 4, ""min_child_weight"": 1, ""n_estimators"": 400, ""reg_lambda"": 1.0, ""subsample"": 0.7}",False,False,rebuilt,,,,,,
f258fe5c3a2a6f9e,xgb,full,True,0.8007782101167316,0.0,0.7901177857355799,0.6218170414998676,155.99,"{""class_weight_mode"": ""balanced"", ""colsample_bytree"": 0.32230283683751676, ""gamma"": 0.005179301810002537, ""learning_rate"": 0.14264276855668329, ""max_depth"": 5, ""min_child_weight"": 0.9938722570611944, ""n_estimators"": 1300, ""reg_alpha"": 0.015085168042509284, ""reg_lambda"": 10.081613544305315, ""subsample"": 0.8007400206119029}",False,False,rebuilt,,,,,,
f853192251fb7ce8,xgb,full,False,0.8007782101167316,0.0,0.7865840938667251,0.6250060375464884,32.45,"{""class_weight_mode"": ""balanced"", ""colsample_bytree"": 0.5, ""learning_rate"": 0.12, ""max_depth"": 4, ""min_child_weight"": 1, ""n_estimators"": 400, ""reg_lambda"": 1.0, ""subsample"": 0.9}",False,False,rebuilt,,,,,,
03d04ef34ab00118,xgb,full,False,0.8007782101167316,0.0,0.7846357434252792,0.5882820971000539,106.09,"{""class_weight_mode"": ""balanced"", ""colsample_bytree"": 0.8, ""learning_rate"": 0.03, ""max_depth"": 6, ""min_child_weight"": 1, ""n_estimators"": 400, ""reg_lambda"": 1.0, ""subsample"": 0.9}",False,False,rebuilt,,,,,,
45bc71f2a88e9e36,xgb,full,False,0.8007782101167316,0.0,0.7830476191109426,0.5752467665092375,46.57,"{""class_weight_mode"": ""none"", ""colsample_bytree"": 0.5, ""learning_rate"": 0.03, ""max_depth"": 3, ""min_child_weight"": 3, ""n_estimators"": 400, ""reg_lambda"": 5.0, ""subsample"": 0.9}",False,False,rebuilt,,,,,,
47078aafe5de51f9,xgb,full,True,0.8007782101167316,0.0,0.7894517784654067,0.6549477916416542,160.42,"{""class_weight_mode"": ""balanced"", ""colsample_bytree"": 0.4282021768837385, ""gamma"": 0.0016132346173670538, ""learning_rate"": 0.10829563243618011, ""max_depth"": 3, ""min_child_weight"": 0.6399378176715677, ""n_estimators"": 1300, ""reg_alpha"": 0.003074874574039749, ""reg_lambda"": 7.6708051510965864, ""subsample"": 0.8706400602737845}",False,False,rebuilt,,,,,,
341106dc4d962182,lgbm,top120,True,0.8007782101167316,0.0,0.7874180203185321,0.7463144285004408,351.5,"{""class_weight_mode"": ""balanced"", ""colsample_bytree"": 0.7872208576724811, ""learning_rate"": 0.016615566291523037, ""min_child_samples"": 24, ""n_estimators"": 1400, ""num_leaves"": 35, ""reg_alpha"": 0.0022879837497494417, ""reg_lambda"": 0.28304154872913007, ""subsample"": 0.9680773870803905, ""subsample_freq"": 1}",False,False,rebuilt,,,,,,
3372be976a72c98d,et,full,False,0.8007782101167316,0.0,0.7878374945859227,0.5700824494359924,46.02,"{""class_weight_mode"": ""balanced"", ""max_depth"": 16, ""max_features"": 0.3, ""min_samples_leaf"": 1, ""n_estimators"": 1200}",False,False,rebuilt,,,,,,
900fae9ce6df2201,lgbm,top120,True,0.8007782101167316,0.0,0.7893460481828736,0.6573053308842882,77.01,"{""class_weight_mode"": ""none"", ""colsample_bytree"": 0.4228246503276797, ""learning_rate"": 0.01711786741191748, ""min_child_samples"": 27, ""n_estimators"": 700, ""num_leaves"": 50, ""reg_alpha"": 0.01640450543879239, ""reg_lambda"": 0.001880679628126123, ""subsample"": 0.5229673233471199, ""subsample_freq"": 1}",False,False,rebuilt,,,,,,
de99373d11e1507d,lgbm,top120,True,0.8007782101167316,0.0,0.7900020727986561,0.5873262725787896,89.07,"{""class_weight_mode"": ""balanced"", ""colsample_bytree"": 0.4700313029935628, ""learning_rate"": 0.012200283732358586, ""min_child_samples"": 31, ""n_estimators"": 1400, ""num_leaves"": 44, ""reg_alpha"": 0.6842203141082464, ""reg_lambda"": 0.012324683613267391, ""subsample"": 0.5400621486599003, ""subsample_freq"": 1}",False,False,rebuilt,,,,,,
2af989d53e00ecfb,lgbm,full,True,0.8007782101167316,0.0,0.7878057570734186,0.6120167227824773,110.38,"{""class_weight_mode"": ""none"", ""colsample_bytree"": 0.5107088805474871, ""learning_rate"": 0.014145412402469268, ""min_child_samples"": 32, ""n_estimators"": 900, ""num_leaves"": 94, ""reg_alpha"": 0.14485813922658278, ""reg_lambda"": 0.0048801425009361256, ""subsample"": 0.5712587927859948, ""subsample_freq"": 1}",False,False,rebuilt,,,,,,
1238240bc3f546e4,xgb,full,True,0.8007782101167316,0.0,0.7875327224013674,0.6032930727683209,88.92,"{""class_weight_mode"": ""balanced"", ""colsample_bytree"": 0.4454713341564529, ""gamma"": 0.05540721784137669, ""learning_rate"": 0.1360766939264506, ""max_depth"": 3, ""min_child_weight"": 0.6134192126572972, ""n_estimators"": 1000, ""reg_alpha"": 0.035330453713937726, ""reg_lambda"": 5.673415139118624, ""subsample"": 0.9051412023250031}",False,False,rebuilt,,,,,,
2827e94cd495273a,xgb,full,False,0.8007782101167316,0.0,0.7919655320492205,0.6213480240785256,40.39,"{""class_weight_mode"": ""balanced"", ""colsample_bytree"": 0.8, ""learning_rate"": 0.12, ""max_depth"": 4, ""min_child_weight"": 3, ""n_estimators"": 400, ""reg_lambda"": 1.0, ""subsample"": 0.7}",False,False,rebuilt,,,,,,
ad537a7a9766c9c9,xgb,full,False,0.8007782101167316,0.0,0.7840604193987402,0.5667109030837134,64.98,"{""class_weight_mode"": ""none"", ""colsample_bytree"": 0.5, ""learning_rate"": 0.03, ""max_depth"": 4, ""min_child_weight"": 3, ""n_estimators"": 400, ""reg_lambda"": 5.0, ""subsample"": 0.9}",False,False,rebuilt,,,,,,
69f92fcb89c6ea22,xgb,full,False,0.8007782101167316,0.0,0.7829287653465078,0.5710879326477262,81.49,"{""class_weight_mode"": ""none"", ""colsample_bytree"": 0.8, ""learning_rate"": 0.03, ""max_depth"": 4, ""min_child_weight"": 3, ""n_estimators"": 400, ""reg_lambda"": 5.0, ""subsample"": 0.9}",False,False,rebuilt,,,,,,
7a4f6c84e3609f1d,lgbm,top120,True,0.8007782101167316,0.0,0.7874281485155601,0.6140579905807594,124.22,"{""class_weight_mode"": ""none"", ""colsample_bytree"": 0.7804423612315586, ""learning_rate"": 0.018685014436863517, ""min_child_samples"": 17, ""n_estimators"": 400, ""num_leaves"": 95, ""reg_alpha"": 0.31565656805900055, ""reg_lambda"": 0.006060958980727898, ""subsample"": 0.7355961261934157, ""subsample_freq"": 1}",False,False,rebuilt,,,,,,
2f47171c423d87ba,rf,full,True,0.8007782101167316,0.0,0.7883951633584639,0.6581658671946187,25.23,"{""class_weight_mode"": ""balanced"", ""max_depth"": 32, ""max_features"": 0.08067052157895971, ""min_samples_leaf"": 1, ""min_samples_split"": 11, ""n_estimators"": 400}",False,False,rebuilt,,,,,,
72420bb7e9a184c7,xgb,full,False,0.8007782101167316,0.0,0.7821913431561723,0.5790227547941426,172.78,"{""class_weight_mode"": ""none"", ""colsample_bytree"": 0.8, ""learning_rate"": 0.03, ""max_depth"": 8, ""min_child_weight"": 1, ""n_estimators"": 400, ""reg_lambda"": 5.0, ""subsample"": 0.7}",False,False,rebuilt,,,,,,
035855ce1cf24a3a,lgbm,full,True,0.8007782101167316,0.0,0.7831517978440995,0.6141903763984002,299.94,"{""class_weight_mode"": ""none"", ""colsample_bytree"": 0.810305017628691, ""learning_rate"": 0.010166803740022877, ""min_child_samples"": 33, ""n_estimators"": 1300, ""num_leaves"": 24, ""reg_alpha"": 0.0018788363146234185, ""reg_lambda"": 2.076141242887665, ""subsample"": 0.8534286719238086, ""subsample_freq"": 1}",False,False,rebuilt,,,,,,
decf902a74c49a98,xgb,full,False,0.8007782101167316,0.0,0.781460504644176,0.5644086076118721,40.93,"{""class_weight_mode"": ""none"", ""colsample_bytree"": 0.5, ""learning_rate"": 0.03, ""max_depth"": 3, ""min_child_weight"": 1, ""n_estimators"": 400, ""reg_lambda"": 1.0, ""subsample"": 0.7}",False,False,rebuilt,,,,,,
e6deb0b8582b319d,xgb,full,False,0.8007782101167316,0.0,0.7834740017542379,0.5733466295550198,41.95,"{""class_weight_mode"": ""none"", ""colsample_bytree"": 0.5, ""learning_rate"": 0.03, ""max_depth"": 3, ""min_child_weight"": 1, ""n_estimators"": 400, ""reg_lambda"": 5.0, ""subsample"": 0.9}",False,False,rebuilt,,,,,,
c89ecc981b0466ff,hgb,full,False,0.8007782101167316,0.0,0.7770512337456302,0.6654413166111556,260.4,"{""l2_regularization"": 1.0, ""learning_rate"": 0.05, ""max_iter"": 400, ""max_leaf_nodes"": 31, ""min_samples_leaf"": 5}",False,False,rebuilt,,,,,,
695415e0566d8480,xgb,full,False,0.8007782101167316,0.0,0.7831047967182673,0.57323621840878,65.74,"{""class_weight_mode"": ""none"", ""colsample_bytree"": 0.8, ""learning_rate"": 0.03, ""max_depth"": 3, ""min_child_weight"": 3, ""n_estimators"": 400, ""reg_lambda"": 5.0, ""subsample"": 0.9}",False,False,rebuilt,,,,,,
d4a45d16ec336ece,rf,full,True,0.8007782101167316,0.0,0.785828662049158,0.6346274845160039,143.19,"{""class_weight_mode"": ""balanced_subsample"", ""max_depth"": null, ""max_features"": 0.12423908744028755, ""min_samples_leaf"": 2, ""min_samples_split"": 5, ""n_estimators"": 1600}",False,False,rebuilt,,,,,,
36243d99e05145ab,xgb,full,False,0.8007782101167316,0.0,0.7819670824313274,0.6286518470916198,56.23,"{""class_weight_mode"": ""none"", ""colsample_bytree"": 0.8, ""learning_rate"": 0.12, ""max_depth"": 8, ""min_child_weight"": 1, ""n_estimators"": 400, ""reg_lambda"": 1.0, ""subsample"": 0.7}",False,False,rebuilt,,,,,,
70e74267f3699ba9,xgb,full,False,0.8007782101167316,0.0,0.7853856404609003,0.5908169844299326,177.12,"{""class_weight_mode"": ""balanced"", ""colsample_bytree"": 0.8, ""learning_rate"": 0.03, ""max_depth"": 8, ""min_child_weight"": 1, ""n_estimators"": 400, ""reg_lambda"": 1.0, ""subsample"": 0.9}",False,False,rebuilt,,,,,,
62ac0a44ac62be2f,xgb,full,False,0.8,0.0,0.7892293684747418,0.6195970326523031,144.14,"{""class_weight_mode"": ""balanced"", ""colsample_bytree"": 0.49729834234137993, ""gamma"": 0.5943379343677285, ""learning_rate"": 0.010722041564348745, ""max_depth"": 9, ""min_child_weight"": 0.6938324930215262, ""n_estimators"": 700, ""reg_alpha"": 0.212051195215342, ""reg_lambda"": 4.010634788550437, ""subsample"": 0.9072342412944678}",False,False,rebuilt,,,,,,
2b6ce48ef2f5c78d,cat,top120,False,0.8,0.0,0.7903381010563345,0.5973601451962651,389.26,"{""bagging_temperature"": 0.8948273504276488, ""class_weight_mode"": ""balanced"", ""depth"": 5, ""iterations"": 1000, ""l2_leaf_reg"": 8.725278311502205, ""learning_rate"": 0.18258230439200238, ""random_strength"": 3.946212980759093}",False,False,rebuilt,,,,,,
b3e03583c0895cf1,xgb,top120,False,0.8,0.0,0.7851396305825633,0.5917165030477807,57.08,"{""class_weight_mode"": ""balanced"", ""colsample_bytree"": 0.7723159551382338, ""gamma"": 0.001330063964506989, ""learning_rate"": 0.111314401859498, ""max_depth"": 6, ""min_child_weight"": 2.4205421583777507, ""n_estimators"": 600, ""reg_alpha"": 0.018904619772964606, ""reg_lambda"": 18.608875947227475, ""subsample"": 0.8830533166424184}",False,False,rebuilt,,,,,,
c081790eb726d0ae,lgbm,full,True,0.8,0.0,0.7847868606654391,0.6273360550822495,104.89,"{""class_weight_mode"": ""none"", ""colsample_bytree"": 0.625367052524256, ""learning_rate"": 0.018207308829209252, ""min_child_samples"": 38, ""n_estimators"": 900, ""num_leaves"": 21, ""reg_alpha"": 0.11195553791809243, ""reg_lambda"": 0.03564895122720466, ""subsample"": 0.5117606712158962, ""subsample_freq"": 1}",False,False,rebuilt,,,,,,
c97d0e88f1bab7f8,et,full,False,0.8,0.0,0.7836989642468464,0.6233445705260674,18.64,"{""class_weight_mode"": ""none"", ""max_depth"": null, ""max_features"": ""sqrt"", ""min_samples_leaf"": 1, ""n_estimators"": 1200}",False,False,rebuilt,,,,,,
1edd39ab0b5c2c1a,xgb,full,False,0.8,0.0,0.7839697848626231,0.5818893666377891,56.44,"{""class_weight_mode"": ""none"", ""colsample_bytree"": 0.5, ""learning_rate"": 0.03, ""max_depth"": 3, ""min_child_weight"": 1, ""n_estimators"": 400, ""reg_lambda"": 5.0, ""subsample"": 0.7}",False,False,rebuilt,,,,,,
fb4c20c17f807896,xgb,full,False,0.8,0.0,0.7875323855134703,0.5753539272540164,85.31,"{""class_weight_mode"": ""balanced"", ""colsample_bytree"": 0.5, ""learning_rate"": 0.03, ""max_depth"": 4, ""min_child_weight"": 1, ""n_estimators"": 400, ""reg_lambda"": 5.0, ""subsample"": 0.9}",False,False,rebuilt,,,,,,
a903bcdc6287b4d4,xgb,full,True,0.8,0.0,0.7862632216142663,0.6670701192797152,125.96,"{""class_weight_mode"": ""balanced"", ""colsample_bytree"": 0.3797968217687971, ""gamma"": 0.0005833581386874795, ""learning_rate"": 0.15460506557899556, ""max_depth"": 3, ""min_child_weight"": 0.5880382957014931, ""n_estimators"": 1200, ""reg_alpha"": 0.03493576794807931, ""reg_lambda"": 3.360086989901681, ""subsample"": 0.8527327394975456}",False,False,rebuilt,,,,,,
eb2e3852d2402f11,xgb,full,True,0.8,0.0,0.7900049395937063,0.6085402386722844,166.17,"{""class_weight_mode"": ""balanced"", ""colsample_bytree"": 0.45348551507899837, ""gamma"": 0.00278805503820009, ""learning_rate"": 0.054270150037333806, ""max_depth"": 3, ""min_child_weight"": 0.6166763466262304, ""n_estimators"": 1000, ""reg_alpha"": 0.047282112739133346, ""reg_lambda"": 7.910783826500176, ""subsample"": 0.8409794379611938}",False,False,rebuilt,,,,,,
ad79cbd4a41c0c0f,xgb,top120,True,0.8,0.0,0.7894316634611472,0.6240020772158246,41.23,"{""class_weight_mode"": ""none"", ""colsample_bytree"": 0.4805591394006089, ""gamma"": 0.01896893833574408, ""learning_rate"": 0.15960780836641722, ""max_depth"": 3, ""min_child_weight"": 3.1165204600948253, ""n_estimators"": 700, ""reg_alpha"": 0.11315432245150112, ""reg_lambda"": 7.593688810718991, ""subsample"": 0.9386696766904905}",False,False,rebuilt,,,,,,
ecccad7a96201e58,xgb,full,False,0.8,0.0,0.7855466526903294,0.6045175157079686,249.81,"{""class_weight_mode"": ""none"", ""colsample_bytree"": 0.45955461377935913, ""gamma"": 0.0001071275868053241, ""learning_rate"": 0.025925793627054272, ""max_depth"": 10, ""min_child_weight"": 1.6340262437673854, ""n_estimators"": 1300, ""reg_alpha"": 1.5269211449098354, ""reg_lambda"": 7.625643766978774, ""subsample"": 0.5550259622638384}",False,False,rebuilt,,,,,,
933c4eab6ff16543,xgb,full,False,0.8,0.0,0.7809508086138475,0.6077345513587872,57.76,"{""class_weight_mode"": ""none"", ""colsample_bytree"": 0.8, ""learning_rate"": 0.12, ""max_depth"": 3, ""min_child_weight"": 3, ""n_estimators"": 400, ""reg_lambda"": 1.0, ""subsample"": 0.7}",False,False,rebuilt,,,,,,
2f0571a9fc1474ec,xgb,full,False,0.7996108949416343,0.0081712062256809,0.7809545921290626,0.6206330652664329,612.31,"{""colsample_bytree"": 0.5, ""learning_rate"": 0.06, ""max_depth"": 6, ""n_estimators"": 800, ""subsample"": 0.9}",True,False,rebuilt,0.7987029831387807,0.0042307409676524,0.7811734860933731,0.6150702210714533,,
806041dcd64a9b79,xgb,full,True,0.7992217898832685,0.0,0.7887979172824229,0.6049280209278052,236.9,"{""class_weight_mode"": ""balanced"", ""colsample_bytree"": 0.38940669609220724, ""gamma"": 0.0015580271034959518, ""learning_rate"": 0.059393184738786124, ""max_depth"": 3, ""min_child_weight"": 0.642991338821406, ""n_estimators"": 1500, ""reg_alpha"": 0.04854689141059284, ""reg_lambda"": 16.94158462565269, ""subsample"": 0.8846547058635567}",False,False,rebuilt,,,,,,
0fcbff51f861a457,et,full,False,0.7992217898832685,0.0,0.7903052469872492,0.6225035386097716,9.75,"{""class_weight_mode"": ""balanced"", ""max_depth"": 16, ""max_features"": ""sqrt"", ""min_samples_leaf"": 1, ""n_estimators"": 600}",False,False,rebuilt,,,,,,
2199bf77da84a8a6,rf,full,True,0.7992217898832685,0.0,0.7846664388461262,0.6455190396171033,32.01,"{""class_weight_mode"": ""balanced"", ""max_depth"": null, ""max_features"": 0.0962030989616165, ""min_samples_leaf"": 2, ""min_samples_split"": 7, ""n_estimators"": 400}",False,False,rebuilt,,,,,,
d8c58992f9f26f21,xgb,full,False,0.7992217898832685,0.0,0.7877385350852613,0.5787521819567296,48.99,"{""class_weight_mode"": ""balanced"", ""colsample_bytree"": 0.5, ""learning_rate"": 0.03, ""max_depth"": 3, ""min_child_weight"": 1, ""n_estimators"": 400, ""reg_lambda"": 5.0, ""subsample"": 0.9}",False,False,rebuilt,,,,,,
93c5acff35a9103a,xgb,full,False,0.7992217898832685,0.0,0.7812541616820331,0.5750241986321448,57.48,"{""class_weight_mode"": ""none"", ""colsample_bytree"": 0.5, ""learning_rate"": 0.03, ""max_depth"": 4, ""min_child_weight"": 3, ""n_estimators"": 400, ""reg_lambda"": 1.0, ""subsample"": 0.7}",False,False,rebuilt,,,,,,
8658661a6b13a943,xgb,full,False,0.7992217898832685,0.0,0.7867605124299848,0.5912578860638034,172.34,"{""class_weight_mode"": ""balanced"", ""colsample_bytree"": 0.8, ""learning_rate"": 0.03, ""max_depth"": 8, ""min_child_weight"": 1, ""n_estimators"": 400, ""reg_lambda"": 5.0, ""subsample"": 0.7}",False,False,rebuilt,,,,,,
ac9912873191911f,xgb,full,False,0.7992217898832685,0.0,0.7819842647346835,0.574646431285245,37.03,"{""class_weight_mode"": ""none"", ""colsample_bytree"": 0.5, ""learning_rate"": 0.03, ""max_depth"": 3, ""min_child_weight"": 3, ""n_estimators"": 400, ""reg_lambda"": 1.0, ""subsample"": 0.7}",False,False,rebuilt,,,,,,
b02b6112fb5c314b,xgb,full,False,0.7992217898832685,0.0,0.7911590052521369,0.5822863873601121,64.65,"{""class_weight_mode"": ""balanced"", ""colsample_bytree"": 0.8, ""learning_rate"": 0.03, ""max_depth"": 3, ""min_child_weight"": 3, ""n_estimators"": 400, ""reg_lambda"": 5.0, ""subsample"": 0.9}",False,False,rebuilt,,,,,,
4bc3a8b6a2cc05ab,xgb,full,False,0.7992217898832685,0.0,0.7805756560746392,0.5776480669887462,80.83,"{""class_weight_mode"": ""none"", ""colsample_bytree"": 0.8, ""learning_rate"": 0.03, ""max_depth"": 4, ""min_child_weight"": 1, ""n_estimators"": 400, ""reg_lambda"": 5.0, ""subsample"": 0.7}",False,False,rebuilt,,,,,,
01fc3f94683674d8,et,full,False,0.7992217898832685,0.0,0.7843275526638486,0.6250113324543854,15.22,"{""class_weight_mode"": ""none"", ""max_depth"": 16, ""max_features"": ""sqrt"", ""min_samples_leaf"": 1, ""n_estimators"": 1200}",False,False,rebuilt,,,,,,
8c2da154c4adee20,rf,full,True,0.7992217898832685,0.0,0.7837532903147135,0.6294939308640194,229.57,"{""class_weight_mode"": ""balanced_subsample"", ""max_depth"": null, ""max_features"": 0.1709843509749205, ""min_samples_leaf"": 1, ""min_samples_split"": 6, ""n_estimators"": 1800}",False,False,rebuilt,,,,,,
4fdcd528fb739d51,xgb,full,False,0.7992217898832685,0.0,0.7823040101665251,0.6351776562131509,58.27,"{""class_weight_mode"": ""none"", ""colsample_bytree"": 0.8, ""learning_rate"": 0.12, ""max_depth"": 4, ""min_child_weight"": 3, ""n_estimators"": 800, ""reg_lambda"": 1.0, ""subsample"": 0.7}",False,False,rebuilt,,,,,,
1f8a75409a891c6a,xgb,full,True,0.7992217898832685,0.0,0.7902694591343324,0.5990905183264982,148.54,"{""class_weight_mode"": ""balanced"", ""colsample_bytree"": 0.3330038292094247, ""gamma"": 0.0074848993444136536, ""learning_rate"": 0.07588279993180039, ""max_depth"": 4, ""min_child_weight"": 1.3716451522914648, ""n_estimators"": 1100, ""reg_alpha"": 0.11738433524308672, ""reg_lambda"": 13.217562909603137, ""subsample"": 0.9169828930892734}",False,False,rebuilt,,,,,,
66587dd4c4b70534,lgbm,top120,True,0.7992217898832685,0.0,0.7840934031049223,0.594095211995407,79.29,"{""class_weight_mode"": ""none"", ""colsample_bytree"": 0.5946066085015905, ""learning_rate"": 0.012331828628018585, ""min_child_samples"": 31, ""n_estimators"": 700, ""num_leaves"": 26, ""reg_alpha"": 0.21814007100831398, ""reg_lambda"": 0.01727585419846321, ""subsample"": 0.6025064897813037, ""subsample_freq"": 1}",False,False,rebuilt,,,,,,
f63d0dcbf7f785bd,xgb,full,True,0.7992217898832685,0.0,0.7896668932356128,0.594582319387085,146.34,"{""class_weight_mode"": ""balanced"", ""colsample_bytree"": 0.3347406825026548, ""gamma"": 0.009198429879522232, ""learning_rate"": 0.11960398349969395, ""max_depth"": 4, ""min_child_weight"": 0.7146286541506643, ""n_estimators"": 1100, ""reg_alpha"": 0.14738413534244071, ""reg_lambda"": 16.600349044895026, ""subsample"": 0.8750572325392549}",False,False,rebuilt,,,,,,
51c26c2f63062d1f,rf,full,True,0.7992217898832685,0.0,0.7842588715925342,0.6482110636882341,69.63,"{""class_weight_mode"": ""balanced"", ""max_depth"": 24, ""max_features"": 0.15449822362045215, ""min_samples_leaf"": 1, ""min_samples_split"": 12, ""n_estimators"": 400}",False,False,rebuilt,,,,,,
acfcc227dd30829f,lgbm,top120,False,0.7992217898832685,0.0,0.7803959303672408,0.6532122202809992,37.14,"{""class_weight_mode"": ""none"", ""colsample_bytree"": 0.7496934947444209, ""learning_rate"": 0.0719416132979068, ""min_child_samples"": 9, ""n_estimators"": 900, ""num_leaves"": 84, ""reg_alpha"": 0.1468136055171298, ""reg_lambda"": 0.0013002472438361158, ""subsample"": 0.5352843737002149, ""subsample_freq"": 1}",False,False,rebuilt,,,,,,
790dd40830f1ab53,xgb,full,True,0.7992217898832685,0.0,0.7879659559478734,0.606639339417931,136.25,"{""class_weight_mode"": ""balanced"", ""colsample_bytree"": 0.741797038198084, ""gamma"": 0.01313207560778024, ""learning_rate"": 0.03246623523488654, ""max_depth"": 10, ""min_child_weight"": 4.529165363032782, ""n_estimators"": 600, ""reg_alpha"": 0.1361288465368478, ""reg_lambda"": 1.4341118625275706, ""subsample"": 0.9460232775885566}",False,False,rebuilt,,,,,,
83067635f63faecb,rf,full,True,0.7992217898832685,0.0,0.7833409345134472,0.6319801309873245,134.46,"{""class_weight_mode"": ""balanced"", ""max_depth"": 32, ""max_features"": 0.1412764918165226, ""min_samples_leaf"": 1, ""min_samples_split"": 5, ""n_estimators"": 1200}",False,False,rebuilt,,,,,,
048e3ba1e04922b3,cat,full,False,0.7988326848249028,0.00817120622568096,0.7832367079046705,0.5765594556862192,2095.33,"{""class_weight_mode"": ""balanced"", ""depth"": 4, ""iterations"": 1000, ""l2_leaf_reg"": 1.0, ""learning_rate"": 0.08}",,,finalists,0.7958495460440985,0.0009705985439102673,0.7844610416996917,0.582256478346805,,/work/oof/cat_048e3ba1e04922b3.npz
d0b3ffe7f238ed7e,rf,full,True,0.798443579766537,0.0,0.7870261097643668,0.6585491742692974,31.95,"{""class_weight_mode"": ""balanced"", ""max_depth"": null, ""max_features"": 0.09768087851828511, ""min_samples_leaf"": 1, ""min_samples_split"": 12, ""n_estimators"": 400}",False,False,rebuilt,,,,,,
7a7073f8c84111c0,rf,full,True,0.798443579766537,0.0,0.7827094443390294,0.6312707197537075,122.82,"{""class_weight_mode"": ""balanced_subsample"", ""max_depth"": null, ""max_features"": 0.134841565752521, ""min_samples_leaf"": 2, ""min_samples_split"": 4, ""n_estimators"": 800}",False,False,rebuilt,,,,,,
68bf87e0aee69a60,et,full,False,0.798443579766537,0.0,0.7877469818112453,0.568856891397132,24.85,"{""class_weight_mode"": ""balanced"", ""max_depth"": 16, ""max_features"": 0.3, ""min_samples_leaf"": 1, ""n_estimators"": 600}",False,False,rebuilt,,,,,,
6994aa2aff193b9a,et,full,False,0.798443579766537,0.0,0.78394874979257,0.6200985140884229,21.36,"{""class_weight_mode"": ""balanced"", ""max_depth"": null, ""max_features"": ""sqrt"", ""min_samples_leaf"": 1, ""n_estimators"": 1200}",False,False,rebuilt,,,,,,
34d789fc2e6c087d,et,full,False,0.798443579766537,0.0,0.7833990062153182,0.6256444309650463,9.04,"{""class_weight_mode"": ""none"", ""max_depth"": 16, ""max_features"": ""sqrt"", ""min_samples_leaf"": 1, ""n_estimators"": 600}",False,False,rebuilt,,,,,,
a4a3fdbf365b53d9,xgb,full,False,0.798443579766537,0.0,0.7815453454037202,0.6203842585572062,30.72,"{""class_weight_mode"": ""none"", ""colsample_bytree"": 0.8, ""learning_rate"": 0.12, ""max_depth"": 4, ""min_child_weight"": 3, ""n_estimators"": 400, ""reg_lambda"": 1.0, ""subsample"": 0.7}",False,False,rebuilt,,,,,,
38bca541ba845c15,rf,full,True,0.798443579766537,0.0,0.7851056037049572,0.6511920338010819,149.61,"{""class_weight_mode"": ""balanced"", ""max_depth"": 24, ""max_features"": 0.12873588836983696, ""min_samples_leaf"": 1, ""min_samples_split"": 12, ""n_estimators"": 1400}",False,False,rebuilt,,,,,,
3884429c1202bc53,rf,full,True,0.798443579766537,0.0,0.7836759287320725,0.6429473114040367,199.32,"{""class_weight_mode"": ""balanced"", ""max_depth"": 32, ""max_features"": 0.11916433989650517, ""min_samples_leaf"": 2, ""min_samples_split"": 8, ""n_estimators"": 1600}",False,False,rebuilt,,,,,,
f73088d93867fbef,lgbm,top120,True,0.798443579766537,0.0,0.7851888492814513,0.603620796179557,146.06,"{""class_weight_mode"": ""none"", ""colsample_bytree"": 0.9142304094689371, ""learning_rate"": 0.014247412064304842, ""min_child_samples"": 29, ""n_estimators"": 1300, ""num_leaves"": 32, ""reg_alpha"": 0.9376739710104948, ""reg_lambda"": 1.450649886429253, ""subsample"": 0.8144714233899419, ""subsample_freq"": 1}",False,False,rebuilt,,,,,,
8787eedb7a7a99ce,xgb,full,True,0.798443579766537,0.0,0.7912323752145038,0.5857642537703859,202.3,"{""class_weight_mode"": ""balanced"", ""colsample_bytree"": 0.3811083416675908, ""gamma"": 0.00018765769217968418, ""learning_rate"": 0.012483440997339655, ""max_depth"": 9, ""min_child_weight"": 5.473310502975027, ""n_estimators"": 1200, ""reg_alpha"": 0.016748729494641602, ""reg_lambda"": 2.7178637804725723, ""subsample"": 0.6792328642721364}",False,False,rebuilt,,,,,,
363a60eb592f09dd,rf,full,True,0.798443579766537,0.0,0.7870261097643668,0.6585769001692982,31.97,"{""class_weight_mode"": ""balanced"", ""max_depth"": 24, ""max_features"": 0.0995300840960077, ""min_samples_leaf"": 1, ""min_samples_split"": 12, ""n_estimators"": 400}",False,False,rebuilt,,,,,,
18464e4951dc4b3a,xgb,full,True,0.798443579766537,0.0,0.783842586446664,0.6069179760038625,233.0,"{""class_weight_mode"": ""none"", ""colsample_bytree"": 0.7136250602317693, ""gamma"": 0.0009422477802648075, ""learning_rate"": 0.017485021746086436, ""max_depth"": 5, ""min_child_weight"": 3.2721921012744937, ""n_estimators"": 1300, ""reg_alpha"": 0.07838209408657731, ""reg_lambda"": 0.10918653698967058, ""subsample"": 0.520387570777382}",False,False,rebuilt,,,,,,
352c9bc885119412,rf,full,True,0.798443579766537,0.0,0.7825713476000915,0.6307559535045952,177.17,"{""class_weight_mode"": ""balanced_subsample"", ""max_depth"": null, ""max_features"": 0.1733799737599979, ""min_samples_leaf"": 1, ""min_samples_split"": 7, ""n_estimators"": 1400}",False,False,rebuilt,,,,,,
62f900d6c43e4a46,xgb,full,False,0.798443579766537,0.0,0.789227859715012,0.581557253580226,40.3,"{""class_weight_mode"": ""balanced"", ""colsample_bytree"": 0.5, ""learning_rate"": 0.03, ""max_depth"": 3, ""min_child_weight"": 3, ""n_estimators"": 400, ""reg_lambda"": 5.0, ""subsample"": 0.9}",False,False,rebuilt,,,,,,
f72c8a8e94763f89,rf,full,True,0.798443579766537,0.0,0.7840707367423736,0.6419529982589738,225.21,"{""class_weight_mode"": ""balanced_subsample"", ""max_depth"": 32, ""max_features"": 0.1489887779236143, ""min_samples_leaf"": 1, ""min_samples_split"": 10, ""n_estimators"": 2000}",False,False,rebuilt,,,,,,
2c9a891118ecdf00,xgb,full,False,0.798443579766537,0.0,0.7833775357987374,0.5797256418645862,181.96,"{""class_weight_mode"": ""balanced"", ""colsample_bytree"": 0.8, ""learning_rate"": 0.03, ""max_depth"": 6, ""min_child_weight"": 1, ""n_estimators"": 400, ""reg_lambda"": 5.0, ""subsample"": 0.9}",False,False,rebuilt,,,,,,
3ed66548516e2331,xgb,full,False,0.798443579766537,0.0,0.7803452121236559,0.6244573639521184,41.42,"{""class_weight_mode"": ""none"", ""colsample_bytree"": 0.8, ""learning_rate"": 0.12, ""max_depth"": 3, ""min_child_weight"": 3, ""n_estimators"": 800, ""reg_lambda"": 1.0, ""subsample"": 0.7}",False,False,rebuilt,,,,,,
15febd614e4913ef,rf,full,True,0.798443579766537,0.0,0.7846884786763229,0.6415368101428806,85.1,"{""class_weight_mode"": ""balanced_subsample"", ""max_depth"": 32, ""max_features"": 0.13467226330087165, ""min_samples_leaf"": 3, ""min_samples_split"": 5, ""n_estimators"": 600}",False,False,rebuilt,,,,,,
6e5838514fd70576,xgb,full,True,0.798443579766537,0.0,0.7885549787831071,0.6307454282035448,197.65,"{""class_weight_mode"": ""balanced"", ""colsample_bytree"": 0.3247648485295302, ""gamma"": 0.00200677004438148, ""learning_rate"": 0.08613227395905618, ""max_depth"": 3, ""min_child_weight"": 0.5839653769371536, ""n_estimators"": 1500, ""reg_alpha"": 0.0261612077864465, ""reg_lambda"": 13.837544926857582, ""subsample"": 0.9636441540905205}",False,False,rebuilt,,,,,,
45be5aa6538fff1c,xgb,top120,True,0.798443579766537,0.0,0.7882912469968353,0.6096098760738042,540.14,"{""class_weight_mode"": ""none"", ""colsample_bytree"": 0.9899553178774205, ""gamma"": 0.0010521707025674238, ""learning_rate"": 0.015435211146627065, ""max_depth"": 4, ""min_child_weight"": 0.978213368435106, ""n_estimators"": 1400, ""reg_alpha"": 0.6564597632871664, ""reg_lambda"": 3.5204976255071307, ""subsample"": 0.7447263801387816}",False,False,rebuilt,,,,,,
3554cff647b1727a,rf,full,True,0.798443579766537,0.0,0.7842657142727818,0.6510282341895078,286.6,"{""class_weight_mode"": ""balanced"", ""max_depth"": 32, ""max_features"": 0.1271394696131687, ""min_samples_leaf"": 1, ""min_samples_split"": 12, ""n_estimators"": 2000}",False,False,rebuilt,,,,,,
eead721fd7ac8850,rf,full,True,0.798443579766537,0.0,0.7877371668217588,0.6631799301667416,33.61,"{""class_weight_mode"": ""balanced"", ""max_depth"": null, ""max_features"": 0.07907907727678037, ""min_samples_leaf"": 2, ""min_samples_split"": 11, ""n_estimators"": 400}",False,False,rebuilt,,,,,,
e1d68f4963a83ea7,rf,full,True,0.798443579766537,0.0,0.7822777401743602,0.6298110068081635,213.87,"{""class_weight_mode"": ""balanced_subsample"", ""max_depth"": null, ""max_features"": 0.15027329063946007, ""min_samples_leaf"": 1, ""min_samples_split"": 6, ""n_estimators"": 1200}",False,False,rebuilt,,,,,,
02dba110af7b155e,rf,full,True,0.798443579766537,0.0,0.7870261097643668,0.6585769001692982,39.42,"{""class_weight_mode"": ""balanced"", ""max_depth"": 24, ""max_features"": 0.09804197024287824, ""min_samples_leaf"": 1, ""min_samples_split"": 12, ""n_estimators"": 400}",False,False,rebuilt,,,,,,
b1d98be850476ba8,xgb,full,False,0.7976653696498055,0.0,0.7824515607112075,0.6092720113700626,37.75,"{""class_weight_mode"": ""none"", ""colsample_bytree"": 0.5, ""learning_rate"": 0.12, ""max_depth"": 4, ""min_child_weight"": 3, ""n_estimators"": 400, ""reg_lambda"": 1.0, ""subsample"": 0.7}",False,False,rebuilt,,,,,,
8a33321ef6286d91,xgb,full,True,0.7976653696498055,0.0,0.7842909146494117,0.5949442731290643,82.58,"{""class_weight_mode"": ""none"", ""colsample_bytree"": 0.40921304830970556, ""gamma"": 0.038495830758681175, ""learning_rate"": 0.08960785365368121, ""max_depth"": 10, ""min_child_weight"": 0.7705594012729585, ""n_estimators"": 700, ""reg_alpha"": 1.599409170128044, ""reg_lambda"": 0.1360354613611808, ""subsample"": 0.7993292420985183}",False,False,rebuilt,,,,,,
e3575fb7c992f8d7,xgb,full,False,0.7976653696498055,0.0,0.7779877488057033,0.5746065255477965,194.65,"{""class_weight_mode"": ""none"", ""colsample_bytree"": 0.8, ""learning_rate"": 0.03, ""max_depth"": 8, ""min_child_weight"": 1, ""n_estimators"": 400, ""reg_lambda"": 5.0, ""subsample"": 0.9}",False,False,rebuilt,,,,,,
f3a5ea17fc5136c8,rf,full,True,0.7976653696498055,0.0,0.7820992414658918,0.6403986791707521,114.93,"{""class_weight_mode"": ""balanced_subsample"", ""max_depth"": null, ""max_features"": 0.1380673243498411, ""min_samples_leaf"": 3, ""min_samples_split"": 4, ""n_estimators"": 1200}",False,False,rebuilt,,,,,,
4874de4371c1f238,rf,full,True,0.7976653696498055,0.0,0.7865831674619835,0.6529871589273947,50.04,"{""class_weight_mode"": ""balanced_subsample"", ""max_depth"": 32, ""max_features"": 0.10486383391270034, ""min_samples_leaf"": 1, ""min_samples_split"": 11, ""n_estimators"": 400}",False,False,rebuilt,,,,,,
5fa432f5ce41b4fc,rf,full,True,0.7976653696498055,0.0,0.7816318496266585,0.6360544416737004,263.7,"{""class_weight_mode"": ""balanced_subsample"", ""max_depth"": 32, ""max_features"": 0.16548710830924784, ""min_samples_leaf"": 1, ""min_samples_split"": 9, ""n_estimators"": 1800}",False,False,rebuilt,,,,,,
b8105ed72d263a05,rf,full,True,0.7976653696498055,0.0,0.7830741314001214,0.64883359567877,53.21,"{""class_weight_mode"": ""balanced"", ""max_depth"": null, ""max_features"": 0.12415600071224157, ""min_samples_leaf"": 1, ""min_samples_split"": 11, ""n_estimators"": 400}",False,False,rebuilt,,,,,,
13a9408c7d89145b,lgbm,top120,False,0.7976653696498055,0.0,0.7898084013411211,0.601825516989193,36.19,"{""class_weight_mode"": ""balanced"", ""colsample_bytree"": 0.6986051502687785, ""learning_rate"": 0.02788080998014158, ""min_child_samples"": 38, ""n_estimators"": 1300, ""num_leaves"": 52, ""reg_alpha"": 3.1409392305351247, ""reg_lambda"": 0.002451879723120083, ""subsample"": 0.6515508220901053, ""subsample_freq"": 1}",False,False,rebuilt,,,,,,
ad06deed7ef38055,rf,full,True,0.7976653696498055,0.0,0.7828215755063554,0.6460218006897173,98.82,"{""class_weight_mode"": ""balanced"", ""max_depth"": 24, ""max_features"": 0.1192330471923451, ""min_samples_leaf"": 1, ""min_samples_split"": 9, ""n_estimators"": 800}",False,False,rebuilt,,,,,,
38b8aeda6b2d1512,rf,full,True,0.7976653696498055,0.0,0.7845485917547755,0.639603695915158,156.8,"{""class_weight_mode"": ""balanced_subsample"", ""max_depth"": null, ""max_features"": 0.1508743200709365, ""min_samples_leaf"": 3, ""min_samples_split"": 4, ""n_estimators"": 1000}",False,False,rebuilt,,,,,,
ebcf3efd2a2bdc2e,rf,full,True,0.7976653696498055,0.0,0.7824884740688361,0.642638426478614,214.53,"{""class_weight_mode"": ""balanced"", ""max_depth"": 32, ""max_features"": 0.1254263787404545, ""min_samples_leaf"": 1, ""min_samples_split"": 9, ""n_estimators"": 1600}",False,False,rebuilt,,,,,,
d02ccfc9ef8ba9f8,hgb,full,False,0.7976653696498055,0.0,0.7739721239837336,0.6961423177278552,191.88,"{""l2_regularization"": 1.0, ""learning_rate"": 0.1, ""max_iter"": 400, ""max_leaf_nodes"": 31, ""min_samples_leaf"": 5}",False,False,rebuilt,,,,,,
b0e9ea12954b5d18,rf,full,True,0.7976653696498055,0.0,0.7833164120629431,0.6429991784778785,61.93,"{""class_weight_mode"": ""balanced"", ""max_depth"": 24, ""max_features"": 0.20056101777819663, ""min_samples_leaf"": 1, ""min_samples_split"": 11, ""n_estimators"": 400}",False,False,rebuilt,,,,,,
8f79adc6845fb8cc,xgb,full,True,0.7976653696498055,0.0,0.7873861703644144,0.6124795362725816,173.01,"{""class_weight_mode"": ""balanced"", ""colsample_bytree"": 0.43030201505445664, ""gamma"": 0.010920647017835402, ""learning_rate"": 0.11466782579405231, ""max_depth"": 6, ""min_child_weight"": 0.76286643457317, ""n_estimators"": 1200, ""reg_alpha"": 0.031189162856717474, ""reg_lambda"": 15.866702305217053, ""subsample"": 0.9555488301361267}",False,False,rebuilt,,,,,,
aeb4f6ad3bedf3ca,xgb,full,False,0.7976653696498055,0.0,0.7789747113285479,0.570754547536995,62.49,"{""class_weight_mode"": ""none"", ""colsample_bytree"": 0.8, ""learning_rate"": 0.03, ""max_depth"": 3, ""min_child_weight"": 3, ""n_estimators"": 400, ""reg_lambda"": 1.0, ""subsample"": 0.7}",False,False,rebuilt,,,,,,
99818489df9da8f7,xgb,full,True,0.7976653696498055,0.0,0.7837670878454809,0.6243018390245656,101.63,"{""class_weight_mode"": ""balanced"", ""colsample_bytree"": 0.42573619425325576, ""gamma"": 0.014134587637315664, ""learning_rate"": 0.18972048319754747, ""max_depth"": 3, ""min_child_weight"": 0.6690731314382256, ""n_estimators"": 1100, ""reg_alpha"": 0.012284223842250915, ""reg_lambda"": 11.356159448415378, ""subsample"": 0.8958462984850669}",False,False,rebuilt,,,,,,
aea113c52d5fa812,rf,full,True,0.7972762645914397,0.0011673151750973276,0.7829768138127762,0.6294637510118422,943.71,"{""class_weight_mode"": ""balanced_subsample"", ""max_depth"": null, ""max_features"": 0.12423908744028755, ""min_samples_leaf"": 2, ""min_samples_split"": 5, ""n_estimators"": 1600}",,,finalists,0.7792477302204929,0.0024056079106344152,0.7691535071546743,0.6238391620214786,,/work/oof/rf_aea113c52d5fa812.npz
85160838a3e3b9dc,rf,full,True,0.796887159533074,0.0,0.7835558108428529,0.6567980634072362,194.25,"{""class_weight_mode"": ""balanced"", ""max_depth"": 32, ""max_features"": 0.09076298223598298, ""min_samples_leaf"": 1, ""min_samples_split"": 11, ""n_estimators"": 2000}",False,False,rebuilt,,,,,,
5e088d4c6bdc6086,rf,full,True,0.796887159533074,0.0,0.7803712161754484,0.6317772258325921,102.63,"{""class_weight_mode"": ""balanced_subsample"", ""max_depth"": 32, ""max_features"": 0.11954722101604996, ""min_samples_leaf"": 2, ""min_samples_split"": 2, ""n_estimators"": 800}",False,False,rebuilt,,,,,,
1ccb2f625be88b5c,rf,full,True,0.796887159533074,0.0,0.7845818368002758,0.6586669210958271,69.31,"{""class_weight_mode"": ""balanced"", ""max_depth"": 24, ""max_features"": 0.07166093869782764, ""min_samples_leaf"": 1, ""min_samples_split"": 10, ""n_estimators"": 1000}",False,False,rebuilt,,,,,,
84c5fd773b1aa010,lgbm,full,True,0.796887159533074,0.0,0.7863747853567562,0.6874935312253071,79.06,"{""class_weight_mode"": ""none"", ""colsample_bytree"": 0.45854704263855656, ""learning_rate"": 0.0761257455068078, ""min_child_samples"": 3, ""n_estimators"": 300, ""num_leaves"": 60, ""reg_alpha"": 0.004415462397789295, ""reg_lambda"": 0.5955353203070285, ""subsample"": 0.7560465291496405, ""subsample_freq"": 1}",False,False,rebuilt,,,,,,
86440b5ec7a91243,rf,full,True,0.796887159533074,0.0,0.7829296269497101,0.6419128046433299,87.13,"{""class_weight_mode"": ""balanced_subsample"", ""max_depth"": null, ""max_features"": 0.11976194661444019, ""min_samples_leaf"": 2, ""min_samples_split"": 8, ""n_estimators"": 1000}",False,False,rebuilt,,,,,,
adeaaa8a6a370a73,rf,full,True,0.796887159533074,0.0,0.7831229441794494,0.6470060722165797,94.48,"{""class_weight_mode"": ""balanced"", ""max_depth"": 24, ""max_features"": 0.10751226720268882, ""min_samples_leaf"": 1, ""min_samples_split"": 9, ""n_estimators"": 1000}",False,False,rebuilt,,,,,,
6e172b3f2bac6091,rf,full,True,0.796887159533074,0.0,0.7802206949927365,0.6346285563012707,202.51,"{""class_weight_mode"": ""balanced"", ""max_depth"": 24, ""max_features"": 0.15373354398620165, ""min_samples_leaf"": 2, ""min_samples_split"": 7, ""n_estimators"": 1800}",False,False,rebuilt,,,,,,
fb3bceb928407d01,xgb,full,True,0.796887159533074,0.0,0.7815981352138202,0.6430106444583195,77.38,"{""class_weight_mode"": ""none"", ""colsample_bytree"": 0.9778560499512696, ""gamma"": 0.005187125680163949, ""learning_rate"": 0.07467769605985743, ""max_depth"": 7, ""min_child_weight"": 5.0647844110571345, ""n_estimators"": 700, ""reg_alpha"": 0.012501597042548865, ""reg_lambda"": 0.4410369710050829, ""subsample"": 0.7699110623737359}",False,False,rebuilt,,,,,,
f1c603838ca8fd8e,rf,full,True,0.796887159533074,0.0,0.7857923802798809,0.6510659229888781,141.02,"{""class_weight_mode"": ""balanced"", ""max_depth"": 32, ""max_features"": 0.09419474094001469, ""min_samples_leaf"": 2, ""min_samples_split"": 9, ""n_estimators"": 2000}",False,False,rebuilt,,,,,,
2e77dd6b22831201,rf,full,True,0.796887159533074,0.0,0.781250796993507,0.6439839756255852,117.06,"{""class_weight_mode"": ""balanced"", ""max_depth"": 24, ""max_features"": 0.1654294344891128, ""min_samples_leaf"": 1, ""min_samples_split"": 11, ""n_estimators"": 800}",False,False,rebuilt,,,,,,
ed34337b41fca19b,rf,full,True,0.796887159533074,0.0,0.7770209909834631,0.631672858333584,54.4,"{""class_weight_mode"": ""balanced"", ""max_depth"": null, ""max_features"": 0.1482243024235865, ""min_samples_leaf"": 2, ""min_samples_split"": 5, ""n_estimators"": 400}",False,False,rebuilt,,,,,,
62d282b58e12837b,lgbm,full,True,0.796887159533074,0.0062256809338521,0.7784788623615286,0.8448266867958171,761.89,"{""learning_rate"": 0.05, ""n_estimators"": 600, ""num_leaves"": 31}",False,False,rebuilt,0.7924773022049288,0.009038262718643,0.7771772055879955,0.7777769692378428,,
eaf7536f3a697ffb,rf,full,True,0.796887159533074,0.0,0.7808112201556247,0.6393181749735771,45.08,"{""class_weight_mode"": ""balanced"", ""max_depth"": 24, ""max_features"": 0.14261406292560289, ""min_samples_leaf"": 2, ""min_samples_split"": 6, ""n_estimators"": 400}",False,False,rebuilt,,,,,,
2062a01f71a8dff2,rf,full,True,0.796887159533074,0.0,0.7818527397976822,0.6326739546850338,121.53,"{""class_weight_mode"": ""balanced"", ""max_depth"": 24, ""max_features"": 0.13652419431213753, ""min_samples_leaf"": 1, ""min_samples_split"": 6, ""n_estimators"": 1000}",False,False,rebuilt,,,,,,
e9dab0f9df88bb66,rf,full,True,0.796887159533074,0.0,0.7843335979735248,0.647163143423965,41.63,"{""class_weight_mode"": ""balanced"", ""max_depth"": 24, ""max_features"": 0.14282961568748942, ""min_samples_leaf"": 1, ""min_samples_split"": 12, ""n_estimators"": 400}",False,False,rebuilt,,,,,,
a2df52817791279d,rf,full,True,0.7964980544747082,0.002723735408560357,0.7833053198772235,0.6308070072021127,663.57,"{""class_weight_mode"": ""balanced_subsample"", ""max_depth"": 32, ""max_features"": 0.13964877567667833, ""min_samples_leaf"": 2, ""min_samples_split"": 6, ""n_estimators"": 800}",,,finalists,0.7792477302204929,0.004230740967652408,0.7695968090001334,0.6249495042344195,,/work/oof/rf_a2df52817791279d.npz
a9afc3500317dbcd,rf,full,True,0.7961089494163424,0.0,0.7854211091766361,0.6721936682921534,46.43,"{""class_weight_mode"": ""balanced"", ""max_depth"": 24, ""max_features"": 0.057018955110520506, ""min_samples_leaf"": 1, ""min_samples_split"": 11, ""n_estimators"": 800}",False,False,rebuilt,,,,,,
ca5440d8054b9465,et,full,False,0.7961089494163424,0.0,0.7826782484235406,0.6205973916897458,12.46,"{""class_weight_mode"": ""balanced"", ""max_depth"": null, ""max_features"": ""sqrt"", ""min_samples_leaf"": 1, ""n_estimators"": 600}",False,False,rebuilt,,,,,,
a02bdac0e87c0991,cat,full,False,0.7961089494163424,0.0,0.7878775406984669,0.624014622817229,270.49,"{""class_weight_mode"": ""balanced"", ""depth"": 4, ""iterations"": 1000, ""l2_leaf_reg"": 1.0, ""learning_rate"": 0.03}",False,False,rebuilt,,,,,,
667ee0f1e7ea13e4,cat,full,False,0.7961089494163424,0.0,0.7844438899284518,0.6116101773857552,166.69,"{""class_weight_mode"": ""balanced"", ""depth"": 4, ""iterations"": 500, ""l2_leaf_reg"": 1.0, ""learning_rate"": 0.08}",False,False,rebuilt,,,,,,
33895c6a6c793aab,rf,full,True,0.7961089494163424,0.0,0.7812382230028878,0.6428279307689208,68.1,"{""class_weight_mode"": ""balanced"", ""max_depth"": 24, ""max_features"": 0.15560746931520003, ""min_samples_leaf"": 1, ""min_samples_split"": 11, ""n_estimators"": 400}",False,False,rebuilt,,,,,,
6a854d1a03ac0e45,rf,full,True,0.7961089494163424,0.0,0.7811761611059718,0.6399847137464805,190.9,"{""class_weight_mode"": ""balanced"", ""max_depth"": 32, ""max_features"": 0.12394523757519131, ""min_samples_leaf"": 1, ""min_samples_split"": 8, ""n_estimators"": 1400}",False,False,rebuilt,,,,,,
7bfc1c9adc31f0f6,rf,full,True,0.7961089494163424,0.0,0.7798270856058204,0.6267750132375255,132.48,"{""class_weight_mode"": ""balanced_subsample"", ""max_depth"": 32, ""max_features"": 0.20321339650129872, ""min_samples_leaf"": 1, ""min_samples_split"": 5, ""n_estimators"": 600}",False,False,rebuilt,,,,,,
efc95ff8aad618d9,rf,full,True,0.7961089494163424,0.0,0.7799132269714814,0.6402868336439861,106.0,"{""class_weight_mode"": ""balanced"", ""max_depth"": 24, ""max_features"": 0.14933843172625086, ""min_samples_leaf"": 1, ""min_samples_split"": 9, ""n_estimators"": 800}",False,False,rebuilt,,,,,,
e8e88ad5c1757108,rf,full,True,0.7961089494163424,0.0,0.7807366436044333,0.6400173581486212,121.94,"{""class_weight_mode"": ""balanced_subsample"", ""max_depth"": null, ""max_features"": 0.151739074616362, ""min_samples_leaf"": 1, ""min_samples_split"": 9, ""n_estimators"": 1000}",False,False,rebuilt,,,,,,
4cc49b2f2ab0eb2e,cat,top120,False,0.7961089494163424,0.0,0.7877807973455864,0.6044756710889576,158.44,"{""bagging_temperature"": 0.4951769101112702, ""class_weight_mode"": ""balanced"", ""depth"": 4, ""iterations"": 600, ""l2_leaf_reg"": 2.5358333235759627, ""learning_rate"": 0.07766184280392888, ""random_strength"": 0.16119044727609197}",False,False,rebuilt,,,,,,
2d633fdcac4d4a7b,lgbm,top120,True,0.7961089494163424,0.0,0.7798035290786824,0.814032491392921,65.69,"{""class_weight_mode"": ""balanced"", ""colsample_bytree"": 0.7282045223640465, ""learning_rate"": 0.1747062218823497, ""min_child_samples"": 31, ""n_estimators"": 1100, ""num_leaves"": 32, ""reg_alpha"": 0.008248016086646062, ""reg_lambda"": 0.06378410333633831, ""subsample"": 0.7771770262557003, ""subsample_freq"": 1}",False,False,rebuilt,,,,,,
6c702fb265357e86,xgb,full,False,0.7961089494163424,0.0,0.776907291285555,0.5649056023319602,57.49,"{""class_weight_mode"": ""none"", ""colsample_bytree"": 0.8, ""learning_rate"": 0.03, ""max_depth"": 3, ""min_child_weight"": 1, ""n_estimators"": 400, ""reg_lambda"": 1.0, ""subsample"": 0.7}",False,False,rebuilt,,,,,,
6186b05779972ecf,xgb,top120,True,0.7961089494163424,0.0,0.7841817901199992,0.583511749361014,181.39,"{""class_weight_mode"": ""none"", ""colsample_bytree"": 0.47517002871521674, ""gamma"": 0.0015995730836812893, ""learning_rate"": 0.016805874206684304, ""max_depth"": 6, ""min_child_weight"": 2.2924760453550865, ""n_estimators"": 1200, ""reg_alpha"": 0.27672620893099137, ""reg_lambda"": 4.4086604668854426, ""subsample"": 0.5782185213355431}",False,False,rebuilt,,,,,,
e967da8b6c8edc24,rf,full,True,0.7961089494163424,0.0,0.7832369837705093,0.6584681414968658,148.51,"{""class_weight_mode"": ""balanced_subsample"", ""max_depth"": 32, ""max_features"": 0.08847906337060972, ""min_samples_leaf"": 1, ""min_samples_split"": 12, ""n_estimators"": 1400}",False,False,rebuilt,,,,,,
a48fc30fe9a51332,et,full,False,0.7961089494163424,0.0,0.7882009225698565,0.621884696289299,19.34,"{""class_weight_mode"": ""balanced"", ""max_depth"": 16, ""max_features"": ""sqrt"", ""min_samples_leaf"": 1, ""n_estimators"": 1200}",False,False,rebuilt,,,,,,
4681dd767b951191,rf,full,True,0.7961089494163424,0.0,0.7855078753988352,0.6588743437037147,165.19,"{""class_weight_mode"": ""balanced"", ""max_depth"": 12, ""max_features"": 0.09454620019066566, ""min_samples_leaf"": 1, ""min_samples_split"": 12, ""n_estimators"": 2000}",False,False,rebuilt,,,,,,
913fe335a44222ad,rf,full,True,0.7961089494163424,0.0,0.7791726409365114,0.6367067833368479,178.84,"{""class_weight_mode"": ""balanced_subsample"", ""max_depth"": 32, ""max_features"": 0.1382043765358243, ""min_samples_leaf"": 1, ""min_samples_split"": 8, ""n_estimators"": 1400}",False,False,rebuilt,,,,,,
335c3173e6cdac58,rf,full,True,0.7961089494163424,0.0,0.7836755407813177,0.6474444415556646,56.71,"{""class_weight_mode"": ""balanced_subsample"", ""max_depth"": null, ""max_features"": 0.07088007878663119, ""min_samples_leaf"": 2, ""min_samples_split"": 5, ""n_estimators"": 800}",False,False,rebuilt,,,,,,
d64d037ca07a0439,rf,full,True,0.7961089494163424,0.0,0.785501758164776,0.6592562010467996,37.45,"{""class_weight_mode"": ""balanced"", ""max_depth"": 24, ""max_features"": 0.08868708098875826, ""min_samples_leaf"": 1, ""min_samples_split"": 12, ""n_estimators"": 400}",False,False,rebuilt,,,,,,
bb511b55ec98fc4c,rf,full,True,0.7961089494163424,0.0,0.7821628801001054,0.6395315105251413,66.67,"{""class_weight_mode"": ""balanced"", ""max_depth"": null, ""max_features"": 0.14948493693433906, ""min_samples_leaf"": 2, ""min_samples_split"": 8, ""n_estimators"": 400}",False,False,rebuilt,,,,,,
a62fccbc18c3651b,xgb,full,True,0.7961089494163424,0.0,0.7855541168200627,0.5966905364313374,120.81,"{""class_weight_mode"": ""balanced"", ""colsample_bytree"": 0.8315946984647573, ""gamma"": 0.005044372241560551, ""learning_rate"": 0.03169183158928989, ""max_depth"": 7, ""min_child_weight"": 5.204478603759575, ""n_estimators"": 500, ""reg_alpha"": 0.5097316501067422, ""reg_lambda"": 0.20383794259383695, ""subsample"": 0.6449919826603663}",False,False,rebuilt,,,,,,
abdc2b3fb73eafda,rf,full,True,0.7961089494163424,0.0,0.7822747412727559,0.6417739320489619,106.64,"{""class_weight_mode"": ""balanced_subsample"", ""max_depth"": null, ""max_features"": 0.13088944610595324, ""min_samples_leaf"": 3, ""min_samples_split"": 5, ""n_estimators"": 1200}",False,False,rebuilt,,,,,,
77857937889739aa,xgb,full,False,0.7961089494163424,0.0,0.7862534628116559,0.6103167354005599,40.33,"{""class_weight_mode"": ""balanced"", ""colsample_bytree"": 0.5, ""learning_rate"": 0.12, ""max_depth"": 8, ""min_child_weight"": 3, ""n_estimators"": 400, ""reg_lambda"": 1.0, ""subsample"": 0.7}",False,False,rebuilt,,,,,,
c55b4b57fba7bca0,rf,full,True,0.7953307392996108,0.0,0.7794599397947193,0.6254153488936202,341.61,"{""class_weight_mode"": ""balanced"", ""max_depth"": 24, ""max_features"": 0.21423917882886961, ""min_samples_leaf"": 1, ""min_samples_split"": 5, ""n_estimators"": 1800}",False,False,rebuilt,,,,,,
bc514edbc18f3824,xgb,full,True,0.7953307392996108,0.0,0.7820288593883331,0.6003658815240127,189.02,"{""class_weight_mode"": ""none"", ""colsample_bytree"": 0.746376018906343, ""gamma"": 0.0005313829779718281, ""learning_rate"": 0.016316749568521343, ""max_depth"": 10, ""min_child_weight"": 5.066455409378744, ""n_estimators"": 900, ""reg_alpha"": 0.2821394550522502, ""reg_lambda"": 0.2195948575406805, ""subsample"": 0.8772259267915908}",False,False,rebuilt,,,,,,
e897b4a1caa9226e,rf,full,True,0.7953307392996108,0.0,0.7803756745450744,0.6326743592105927,316.55,"{""class_weight_mode"": ""balanced_subsample"", ""max_depth"": 16, ""max_features"": 0.2083851412059001, ""min_samples_leaf"": 1, ""min_samples_split"": 8, ""n_estimators"": 1600}",False,False,rebuilt,,,,,,
cb00805e71c4ed6a,rf,full,True,0.7953307392996108,0.0,0.782657738123862,0.6439866944864311,119.81,"{""class_weight_mode"": ""balanced"", ""max_depth"": null, ""max_features"": 0.17626824453392886, ""min_samples_leaf"": 1, ""min_samples_split"": 11, ""n_estimators"": 800}",False,False,rebuilt,,,,,,
bdc4f77359b562da,rf,full,True,0.7953307392996108,0.0,0.7807427563181166,0.6337288717633712,143.33,"{""class_weight_mode"": ""balanced_subsample"", ""max_depth"": null, ""max_features"": 0.21200610691543897, ""min_samples_leaf"": 3, ""min_samples_split"": 2, ""n_estimators"": 1000}",False,False,rebuilt,,,,,,
208f439472f067f7,rf,full,True,0.7953307392996108,0.0,0.7795986545832903,0.6368029207158686,41.4,"{""class_weight_mode"": ""balanced"", ""max_depth"": 16, ""max_features"": 0.11277494966368651, ""min_samples_leaf"": 1, ""min_samples_split"": 6, ""n_estimators"": 400}",False,False,rebuilt,,,,,,
51c71c34a7906bac,lgbm,top120,True,0.7953307392996108,0.0,0.784063056040969,0.6662111308688434,23.51,"{""class_weight_mode"": ""balanced"", ""colsample_bytree"": 0.3597432254956376, ""learning_rate"": 0.10041178997971131, ""min_child_samples"": 11, ""n_estimators"": 400, ""num_leaves"": 54, ""reg_alpha"": 0.09235594232027475, ""reg_lambda"": 0.0016683402705911948, ""subsample"": 0.8114452379095001, ""subsample_freq"": 1}",False,False,rebuilt,,,,,,
0d0fc8beb2da7048,rf,full,True,0.7953307392996108,0.0,0.7822730956635068,0.6595560202345878,160.62,"{""class_weight_mode"": ""balanced"", ""max_depth"": 32, ""max_features"": 0.08365924379358715, ""min_samples_leaf"": 1, ""min_samples_split"": 11, ""n_estimators"": 1800}",False,False,rebuilt,,,,,,
bb17c368c8683a3a,rf,top120,True,0.7953307392996108,0.0,0.7865540680346128,0.6637912476569324,54.31,"{""class_weight_mode"": ""balanced"", ""max_depth"": 32, ""max_features"": 0.07270343464351176, ""min_samples_leaf"": 2, ""min_samples_split"": 9, ""n_estimators"": 800}",False,False,rebuilt,,,,,,
bad2d71412ba6460,rf,full,True,0.7953307392996108,0.0,0.7812101550132295,0.6400962580027979,109.72,"{""class_weight_mode"": ""balanced_subsample"", ""max_depth"": null, ""max_features"": 0.08402035636528064, ""min_samples_leaf"": 2, ""min_samples_split"": 4, ""n_estimators"": 1200}",False,False,rebuilt,,,,,,
a6639e74419840de,xgb,full,True,0.7953307392996108,0.0,0.7887364926570027,0.5850322595714826,232.8,"{""class_weight_mode"": ""balanced"", ""colsample_bytree"": 0.34029113201165095, ""gamma"": 0.0032306952631276035, ""learning_rate"": 0.013142012497606674, ""max_depth"": 9, ""min_child_weight"": 2.2943977737280377, ""n_estimators"": 1300, ""reg_alpha"": 1.9212821361104901, ""reg_lambda"": 1.0374685197919575, ""subsample"": 0.7472101523512907}",False,False,rebuilt,,,,,,
d8c0324d86ff3340,rf,full,True,0.7953307392996108,0.0,0.7854162802644234,0.6560817101717273,40.63,"{""class_weight_mode"": ""balanced"", ""max_depth"": 24, ""max_features"": 0.1121392312680726, ""min_samples_leaf"": 2, ""min_samples_split"": 12, ""n_estimators"": 400}",False,False,rebuilt,,,,,,
5fb1a34a089a5c26,lgbm,top120,True,0.7953307392996108,0.0,0.78097466664262,0.5919928323375852,26.88,"{""class_weight_mode"": ""none"", ""colsample_bytree"": 0.49543022392063046, ""learning_rate"": 0.042593374885801664, ""min_child_samples"": 30, ""n_estimators"": 800, ""num_leaves"": 40, ""reg_alpha"": 2.476528557769866, ""reg_lambda"": 0.0030108229804845727, ""subsample"": 0.5485200230714211, ""subsample_freq"": 1}",False,False,rebuilt,,,,,,
2424ad3822399007,rf,full,True,0.7953307392996108,0.0,0.7799983496980273,0.6417101842249966,54.24,"{""class_weight_mode"": ""balanced_subsample"", ""max_depth"": 24, ""max_features"": 0.16025617211318383, ""min_samples_leaf"": 1, ""min_samples_split"": 10, ""n_estimators"": 400}",False,False,rebuilt,,,,,,
a93e2377bb72c1f2,rf,full,True,0.7953307392996108,0.0,0.7798848006567417,0.6334303422505563,76.77,"{""class_weight_mode"": ""balanced_subsample"", ""max_depth"": 32, ""max_features"": 0.17034355641033472, ""min_samples_leaf"": 2, ""min_samples_split"": 5, ""n_estimators"": 600}",False,False,rebuilt,,,,,,
50eeb6352da9d91e,rf,full,True,0.7953307392996108,0.0,0.7820493306298493,0.6392238563146543,81.56,"{""class_weight_mode"": ""balanced"", ""max_depth"": 32, ""max_features"": 0.1933301804405931, ""min_samples_leaf"": 3, ""min_samples_split"": 7, ""n_estimators"": 400}",False,False,rebuilt,,,,,,
293775b71648ecc8,rf,full,True,0.7953307392996108,0.0,0.7853881803539938,0.6636445866646483,129.13,"{""class_weight_mode"": ""balanced"", ""max_depth"": 24, ""max_features"": 0.08784175501323058, ""min_samples_leaf"": 2, ""min_samples_split"": 12, ""n_estimators"": 1400}",False,False,rebuilt,,,,,,
84dd185ca7abcfb1,rf,full,True,0.7953307392996108,0.0,0.7792561767537357,0.6317042481105005,58.14,"{""class_weight_mode"": ""balanced"", ""max_depth"": null, ""max_features"": 0.12585995245159867, ""min_samples_leaf"": 1, ""min_samples_split"": 5, ""n_estimators"": 400}",False,False,rebuilt,,,,,,
5658756622caa360,rf,full,True,0.7953307392996108,0.0,0.7794598388051719,0.645966409171846,60.35,"{""class_weight_mode"": ""balanced"", ""max_depth"": 32, ""max_features"": 0.1315573973232798, ""min_samples_leaf"": 1, ""min_samples_split"": 10, ""n_estimators"": 400}",False,False,rebuilt,,,,,,
3b34e8f28661d325,rf,full,True,0.7953307392996108,0.0,0.7805604809432815,0.6434011887905192,258.74,"{""class_weight_mode"": ""balanced_subsample"", ""max_depth"": 32, ""max_features"": 0.1784099844585999, ""min_samples_leaf"": 1, ""min_samples_split"": 11, ""n_estimators"": 2000}",False,False,rebuilt,,,,,,
04699374017fd856,cat,full,False,0.7953307392996108,0.0,0.7768273757085858,0.6026277511691884,955.23,"{""class_weight_mode"": ""none"", ""depth"": 6, ""iterations"": 1000, ""l2_leaf_reg"": 5.0, ""learning_rate"": 0.08}",False,False,rebuilt,,,,,,
aafc4570c404492c,rf,full,True,0.7953307392996108,0.0,0.779834007148742,0.6396076937436492,162.95,"{""class_weight_mode"": ""balanced"", ""max_depth"": 24, ""max_features"": 0.10922456941151938, ""min_samples_leaf"": 1, ""min_samples_split"": 7, ""n_estimators"": 1600}",False,False,rebuilt,,,,,,
323691f994460ca5,cat,full,False,0.7953307392996108,0.0,0.7756469105717249,0.5967198622168556,836.45,"{""bagging_temperature"": 0.5247564316322378, ""class_weight_mode"": ""none"", ""depth"": 5, ""iterations"": 1300, ""l2_leaf_reg"": 0.9835468046820035, ""learning_rate"": 0.017240892195821537, ""random_strength"": 0.32877474139911184}",False,False,rebuilt,,,,,,
f5fb5b59ab377809,xgb,full,True,0.7953307392996108,0.0,0.7814022711050803,0.5967751593888919,158.31,"{""class_weight_mode"": ""none"", ""colsample_bytree"": 0.5385624781771124, ""gamma"": 0.16963637582128321, ""learning_rate"": 0.03047941930455903, ""max_depth"": 6, ""min_child_weight"": 6.602577370934524, ""n_estimators"": 1500, ""reg_alpha"": 0.03862211381218034, ""reg_lambda"": 9.445685701746811, ""subsample"": 0.8882064803709984}",False,False,rebuilt,,,,,,
5ec19bfe07424f72,rf,full,True,0.7953307392996108,0.0,0.7863209933514346,0.6686835787433939,129.24,"{""class_weight_mode"": ""balanced"", ""max_depth"": 24, ""max_features"": 0.07670834208634345, ""min_samples_leaf"": 2, ""min_samples_split"": 12, ""n_estimators"": 1600}",False,False,rebuilt,,,,,,
c8f9b036b78b1da2,rf,full,True,0.7949416342412452,0.004280155642023387,0.782635466587037,0.6426621013938812,157.68,"{""class_weight_mode"": ""balanced"", ""max_depth"": null, ""max_features"": 0.0962030989616165, ""min_samples_leaf"": 2, ""min_samples_split"": 7, ""n_estimators"": 400}",,,finalists,0.7776913099870298,0.0009705985439102278,0.7688859699594532,0.6395317868214413,,/work/oof/rf_c8f9b036b78b1da2.npz
3fa5f80206bdf05c,rf,full,True,0.7945525291828793,0.0,0.7792831847719212,0.646432642830686,203.59,"{""class_weight_mode"": ""balanced_subsample"", ""max_depth"": 32, ""max_features"": 0.09763895909361209, ""min_samples_leaf"": 1, ""min_samples_split"": 9, ""n_estimators"": 1800}",False,False,rebuilt,,,,,,
0e6bc81942cc10ca,rf,full,True,0.7945525291828793,0.0,0.7803733723432416,0.6501955642424321,68.05,"{""class_weight_mode"": ""balanced_subsample"", ""max_depth"": 32, ""max_features"": 0.09768452744067543, ""min_samples_leaf"": 3, ""min_samples_split"": 5, ""n_estimators"": 800}",False,False,rebuilt,,,,,,
6b912668dc4ceda6,rf,full,True,0.7945525291828793,0.0,0.7783701549121649,0.6387307032949271,85.56,"{""class_weight_mode"": ""balanced"", ""max_depth"": null, ""max_features"": 0.2028197861203375, ""min_samples_leaf"": 1, ""min_samples_split"": 10, ""n_estimators"": 400}",False,False,rebuilt,,,,,,
c37199f0e20db1ea,rf,full,True,0.7945525291828793,0.0,0.7804443947576256,0.6475439448830055,59.47,"{""class_weight_mode"": ""balanced"", ""max_depth"": null, ""max_features"": 0.15226063061451903, ""min_samples_leaf"": 1, ""min_samples_split"": 11, ""n_estimators"": 400}",False,False,rebuilt,,,,,,
ac2a7561836ed5de,lgbm,full,True,0.7945525291828793,0.0,0.7787938135432362,0.6272016773251382,37.07,"{""class_weight_mode"": ""none"", ""colsample_bytree"": 0.6305504476133645, ""learning_rate"": 0.08896916672592671, ""min_child_samples"": 27, ""n_estimators"": 700, ""num_leaves"": 36, ""reg_alpha"": 0.43478151717605834, ""reg_lambda"": 0.0032687254098544157, ""subsample"": 0.9436063712881633, ""subsample_freq"": 1}",False,False,rebuilt,,,,,,
324938e6ab4bf2a0,et,full,False,0.7945525291828793,0.0,0.7790455419964959,0.6494302071192486,17.42,"{""class_weight_mode"": ""none"", ""max_depth"": null, ""max_features"": ""sqrt"", ""min_samples_leaf"": 2, ""n_estimators"": 1200}",False,False,rebuilt,,,,,,
bdf9c72bdb7e48c1,rf,full,True,0.7945525291828793,0.0,0.7797582782346938,0.6410737638183515,43.86,"{""class_weight_mode"": ""balanced"", ""max_depth"": null, ""max_features"": 0.09743616676271905, ""min_samples_leaf"": 2, ""min_samples_split"": 5, ""n_estimators"": 400}",False,False,rebuilt,,,,,,
ac63e6b023a9de61,rf,full,True,0.7945525291828793,0.0,0.7784530541878735,0.6340347879324707,104.55,"{""class_weight_mode"": ""balanced_subsample"", ""max_depth"": null, ""max_features"": 0.10905302768872102, ""min_samples_leaf"": 2, ""min_samples_split"": 4, ""n_estimators"": 1200}",False,False,rebuilt,,,,,,
e4a214e2a3b5db54,rf,full,True,0.7945525291828793,0.0,0.7791503040779852,0.6408467298747249,262.89,"{""class_weight_mode"": ""balanced"", ""max_depth"": 32, ""max_features"": 0.1601991874597961, ""min_samples_leaf"": 1, ""min_samples_split"": 10, ""n_estimators"": 1800}",False,False,rebuilt,,,,,,
321180082ba88ed9,rf,full,True,0.7945525291828793,0.0,0.7780880972412346,0.6377591386155864,387.31,"{""class_weight_mode"": ""balanced_subsample"", ""max_depth"": 32, ""max_features"": 0.176209689603599, ""min_samples_leaf"": 1, ""min_samples_split"": 9, ""n_estimators"": 2000}",False,False,rebuilt,,,,,,
4e4b05424dd7064b,rf,full,True,0.7945525291828793,0.0,0.778796869707885,0.6356252465170534,135.34,"{""class_weight_mode"": ""balanced"", ""max_depth"": 32, ""max_features"": 0.17797512399166232, ""min_samples_leaf"": 1, ""min_samples_split"": 8, ""n_estimators"": 1000}",False,False,rebuilt,,,,,,
8ee3353ad765ebe4,xgb,full,True,0.7945525291828793,0.0,0.7794089581472501,0.674371676165005,112.72,"{""class_weight_mode"": ""none"", ""colsample_bytree"": 0.9240033722555616, ""gamma"": 0.00021099718634942058, ""learning_rate"": 0.1307149187789062, ""max_depth"": 8, ""min_child_weight"": 0.7616828255367515, ""n_estimators"": 400, ""reg_alpha"": 0.2359238617986715, ""reg_lambda"": 0.768961693785084, ""subsample"": 0.8915295831801334}",False,False,rebuilt,,,,,,
79d47487afc5533c,rf,full,True,0.7945525291828793,0.0,0.7838714575146541,0.6556234688938976,77.94,"{""class_weight_mode"": ""balanced_subsample"", ""max_depth"": 32, ""max_features"": 0.12420086941131317, ""min_samples_leaf"": 4, ""min_samples_split"": 5, ""n_estimators"": 600}",False,False,rebuilt,,,,,,
8a97c73ee6a985db,lgbm,top120,False,0.7945525291828793,0.0,0.7766166479952015,0.6061727930149687,40.36,"{""class_weight_mode"": ""none"", ""colsample_bytree"": 0.6619163011230863, ""learning_rate"": 0.014742455647186578, ""min_child_samples"": 24, ""n_estimators"": 1200, ""num_leaves"": 55, ""reg_alpha"": 3.07175686938644, ""reg_lambda"": 0.0024612817971197396, ""subsample"": 0.5230367177541009, ""subsample_freq"": 1}",False,False,rebuilt,,,,,,
09a1666523a4a1be,rf,full,True,0.7945525291828793,0.0,0.7800543214035619,0.6458593139522851,174.9,"{""class_weight_mode"": ""balanced_subsample"", ""max_depth"": 32, ""max_features"": 0.08633664871469547, ""min_samples_leaf"": 1, ""min_samples_split"": 8, ""n_estimators"": 1800}",False,False,rebuilt,,,,,,
27070c5194b43357,rf,full,True,0.7945525291828793,0.0,0.7805195260230277,0.6432621260247574,45.03,"{""class_weight_mode"": ""balanced"", ""max_depth"": 16, ""max_features"": 0.13187397295156741, ""min_samples_leaf"": 3, ""min_samples_split"": 6, ""n_estimators"": 400}",False,False,rebuilt,,,,,,
fab5cc5299fc92ab,rf,full,True,0.7945525291828793,0.0,0.7798151589668645,0.6388050058585222,215.02,"{""class_weight_mode"": ""balanced"", ""max_depth"": 24, ""max_features"": 0.0971347409774205, ""min_samples_leaf"": 1, ""min_samples_split"": 6, ""n_estimators"": 1800}",False,False,rebuilt,,,,,,
b319dc3cac8f1002,rf,full,True,0.7945525291828793,0.0,0.7780926184709378,0.6405607185513412,201.58,"{""class_weight_mode"": ""balanced"", ""max_depth"": 24, ""max_features"": 0.23834294719580412, ""min_samples_leaf"": 1, ""min_samples_split"": 11, ""n_estimators"": 800}",False,False,rebuilt,,,,,,
844a21fc37ded343,rf,full,True,0.7945525291828793,0.0,0.7793964852907177,0.6436615595248159,220.04,"{""class_weight_mode"": ""balanced"", ""max_depth"": 24, ""max_features"": 0.2510611494527249, ""min_samples_leaf"": 1, ""min_samples_split"": 12, ""n_estimators"": 800}",False,False,rebuilt,,,,,,
b2cb2d94145aaa4a,rf,full,True,0.7945525291828793,0.0,0.777788782063548,0.6376073292533175,141.77,"{""class_weight_mode"": ""balanced"", ""max_depth"": 24, ""max_features"": 0.16013071889035957, ""min_samples_leaf"": 1, ""min_samples_split"": 8, ""n_estimators"": 800}",False,False,rebuilt,,,,,,
7b3a2ad9eb103bde,rf,full,True,0.7945525291828793,0.0,0.7806052069492804,0.6488552588422313,102.15,"{""class_weight_mode"": ""balanced"", ""max_depth"": 32, ""max_features"": 0.073435830593508, ""min_samples_leaf"": 1, ""min_samples_split"": 7, ""n_estimators"": 1200}",False,False,rebuilt,,,,,,
fe303e5bfe2985db,rf,full,True,0.7945525291828793,0.0,0.7829015539209383,0.6692176053298278,42.27,"{""class_weight_mode"": ""balanced"", ""max_depth"": null, ""max_features"": 0.06364221156654007, ""min_samples_leaf"": 1, ""min_samples_split"": 12, ""n_estimators"": 600}",False,False,rebuilt,,,,,,
1caac5164abe31b1,rf,full,True,0.7945525291828793,0.0,0.7792313562195211,0.6353562757602667,125.04,"{""class_weight_mode"": ""balanced_subsample"", ""max_depth"": 24, ""max_features"": 0.19684914277454332, ""min_samples_leaf"": 3, ""min_samples_split"": 5, ""n_estimators"": 600}",False,False,rebuilt,,,,,,
8b0d84e7ed65c800,xgb,full,True,0.7945525291828793,0.0,0.7814213535393972,0.6027709653540084,108.33,"{""class_weight_mode"": ""balanced"", ""colsample_bytree"": 0.7135832823983075, ""gamma"": 0.003541528596137324, ""learning_rate"": 0.050815587001436395, ""max_depth"": 6, ""min_child_weight"": 0.5441215978996711, ""n_estimators"": 300, ""reg_alpha"": 1.1035062555482735, ""reg_lambda"": 0.12188192436993878, ""subsample"": 0.6432706260641422}",False,False,rebuilt,,,,,,
27640bf2300f5070,rf,full,True,0.7945525291828793,0.0,0.778943159373769,0.6433512695552179,96.27,"{""class_weight_mode"": ""balanced_subsample"", ""max_depth"": null, ""max_features"": 0.0863025662535676, ""min_samples_leaf"": 1, ""min_samples_split"": 7, ""n_estimators"": 1000}",False,False,rebuilt,,,,,,
4aef43ebf6bb9847,rf,full,True,0.7945525291828793,0.0,0.7779042631184936,0.6275872861204544,211.82,"{""class_weight_mode"": ""balanced_subsample"", ""max_depth"": null, ""max_features"": 0.12386128929482715, ""min_samples_leaf"": 1, ""min_samples_split"": 3, ""n_estimators"": 1400}",False,False,rebuilt,,,,,,
cb59b78c659a9d33,rf,full,True,0.7945525291828793,0.0,0.7821987935450563,0.6478129203806228,115.23,"{""class_weight_mode"": ""balanced_subsample"", ""max_depth"": null, ""max_features"": 0.10121852571776456, ""min_samples_leaf"": 3, ""min_samples_split"": 4, ""n_estimators"": 1600}",False,False,rebuilt,,,,,,
912b7d36fd4f9dd1,rf,full,True,0.7945525291828793,0.0,0.7821588932731116,0.6535058980029915,170.08,"{""class_weight_mode"": ""balanced"", ""max_depth"": 24, ""max_features"": 0.11687545263159616, ""min_samples_leaf"": 1, ""min_samples_split"": 12, ""n_estimators"": 1400}",False,False,rebuilt,,,,,,
b5d4cdd397fcf55c,rf,full,True,0.7945525291828793,0.0,0.7842553498521028,0.6474998084435915,225.83,"{""class_weight_mode"": ""balanced"", ""max_depth"": 12, ""max_features"": 0.11492602706520905, ""min_samples_leaf"": 2, ""min_samples_split"": 9, ""n_estimators"": 2000}",False,False,rebuilt,,,,,,
c9f67b66761d6937,rf,full,True,0.7945525291828793,0.0,0.7809726552064122,0.6536460815779351,175.23,"{""class_weight_mode"": ""balanced"", ""max_depth"": null, ""max_features"": 0.11367659732806541, ""min_samples_leaf"": 2, ""min_samples_split"": 11, ""n_estimators"": 1800}",False,False,rebuilt,,,,,,
952d0dff94cb421e,rf,full,True,0.7945525291828793,0.0,0.7834604671256561,0.6480037111397228,61.71,"{""class_weight_mode"": ""balanced"", ""max_depth"": null, ""max_features"": 0.09652748906977052, ""min_samples_leaf"": 3, ""min_samples_split"": 6, ""n_estimators"": 600}",False,False,rebuilt,,,,,,
d2ed6d4ae6abc892,rf,full,True,0.7945525291828793,0.0,0.7784829415111277,0.6418459238042249,192.87,"{""class_weight_mode"": ""balanced"", ""max_depth"": 24, ""max_features"": 0.11646876176129163, ""min_samples_leaf"": 2, ""min_samples_split"": 7, ""n_estimators"": 2000}",False,False,rebuilt,,,,,,
95ff7748c49bf1c9,cat,full,False,0.7941634241245136,0.0019455252918287869,0.7850742163435005,0.5991927489359866,1091.67,"{""class_weight_mode"": ""balanced"", ""depth"": 4, ""iterations"": 500, ""l2_leaf_reg"": 1.0, ""learning_rate"": 0.08}",,,finalists,0.7893644617380026,0.004852992719551139,0.782313229057091,0.6019783751957795,,/work/oof/cat_95ff7748c49bf1c9.npz
28892405c6596e08,rf,full,True,0.7937743190661478,0.0,0.7785306126532447,0.6423291446022538,92.69,"{""class_weight_mode"": ""balanced"", ""max_depth"": 32, ""max_features"": 0.21379346963412055, ""min_samples_leaf"": 1, ""min_samples_split"": 11, ""n_estimators"": 400}",False,False,rebuilt,,,,,,
fcdbc08947d3f5c0,rf,full,True,0.7937743190661478,0.0,0.7804957021910253,0.6562451107040184,98.92,"{""class_weight_mode"": ""balanced_subsample"", ""max_depth"": 32, ""max_features"": 0.10379421994475074, ""min_samples_leaf"": 1, ""min_samples_split"": 12, ""n_estimators"": 1200}",False,False,rebuilt,,,,,,
a8c6d96766f6589b,rf,full,True,0.7937743190661478,0.0,0.7808228301053922,0.6380570909955678,51.52,"{""class_weight_mode"": ""balanced_subsample"", ""max_depth"": null, ""max_features"": 0.17863320847739184, ""min_samples_leaf"": 2, ""min_samples_split"": 8, ""n_estimators"": 400}",False,False,rebuilt,,,,,,
11e51c931111b0a4,rf,full,True,0.7937743190661478,0.0,0.7744028108461657,0.630569484831782,140.1,"{""class_weight_mode"": ""balanced_subsample"", ""max_depth"": 32, ""max_features"": 0.15921655503892346, ""min_samples_leaf"": 1, ""min_samples_split"": 6, ""n_estimators"": 1200}",False,False,rebuilt,,,,,,
1e8105f549f4d69f,rf,full,True,0.7937743190661478,0.0,0.7782710096181452,0.6508713003457605,72.89,"{""class_weight_mode"": ""balanced"", ""max_depth"": 16, ""max_features"": 0.1377798198063371, ""min_samples_leaf"": 1, ""min_samples_split"": 12, ""n_estimators"": 600}",False,False,rebuilt,,,,,,
97d37dbdc921a06f,rf,full,True,0.7937743190661478,0.0,0.7792692931556898,0.6553706258396519,50.68,"{""class_weight_mode"": ""balanced"", ""max_depth"": null, ""max_features"": 0.11468348908398066, ""min_samples_leaf"": 1, ""min_samples_split"": 12, ""n_estimators"": 600}",False,False,rebuilt,,,,,,
6b3634400714c28e,rf,full,True,0.7937743190661478,0.0,0.778817791598643,0.6448237345283951,42.17,"{""class_weight_mode"": ""balanced"", ""max_depth"": null, ""max_features"": 0.13528791065770673, ""min_samples_leaf"": 1, ""min_samples_split"": 10, ""n_estimators"": 400}",False,False,rebuilt,,,,,,
eeed1729c1b16505,rf,full,True,0.7937743190661478,0.0,0.7819633222179072,0.6566704938870237,86.2,"{""class_weight_mode"": ""balanced"", ""max_depth"": 24, ""max_features"": 0.07166518086904615, ""min_samples_leaf"": 1, ""min_samples_split"": 9, ""n_estimators"": 1200}",False,False,rebuilt,,,,,,
45c7f02e2068008b,rf,full,True,0.7937743190661478,0.0,0.7767597772189189,0.6306941639442114,207.03,"{""class_weight_mode"": ""balanced"", ""max_depth"": null, ""max_features"": 0.24019633705816312, ""min_samples_leaf"": 1, ""min_samples_split"": 7, ""n_estimators"": 1200}",False,False,rebuilt,,,,,,
1ccf15e74c7acd1e,rf,full,True,0.7937743190661478,0.0,0.7876891377950004,0.6807130076345203,28.36,"{""class_weight_mode"": ""balanced"", ""max_depth"": null, ""max_features"": 0.05414827868992059, ""min_samples_leaf"": 2, ""min_samples_split"": 11, ""n_estimators"": 600}",False,False,rebuilt,,,,,,
91b237eb57bd164e,rf,full,True,0.7937743190661478,0.0,0.77933983718348,0.6383370250411047,147.63,"{""class_weight_mode"": ""balanced_subsample"", ""max_depth"": null, ""max_features"": 0.19352784645085588, ""min_samples_leaf"": 3, ""min_samples_split"": 7, ""n_estimators"": 800}",False,False,rebuilt,,,,,,
8e688cc0a5f095da,rf,full,True,0.7937743190661478,0.0,0.7773773525962996,0.6412392616183435,350.86,"{""class_weight_mode"": ""balanced"", ""max_depth"": null, ""max_features"": 0.2035547805751295, ""min_samples_leaf"": 1, ""min_samples_split"": 11, ""n_estimators"": 2000}",False,False,rebuilt,,,,,,
40c0f6ca4d30c9f7,rf,full,True,0.7937743190661478,0.0,0.7869894315320602,0.6651667241580966,87.03,"{""class_weight_mode"": ""balanced"", ""max_depth"": 32, ""max_features"": 0.05978579819183463, ""min_samples_leaf"": 2, ""min_samples_split"": 8, ""n_estimators"": 1600}",False,False,rebuilt,,,,,,
ea99dd4eba98e61a,rf,full,True,0.7937743190661478,0.0,0.7821819852824199,0.6636865122917429,76.12,"{""class_weight_mode"": ""balanced"", ""max_depth"": 16, ""max_features"": 0.0542380584327414, ""min_samples_leaf"": 1, ""min_samples_split"": 8, ""n_estimators"": 1400}",False,False,rebuilt,,,,,,
1c0810b7796515c0,rf,full,True,0.7937743190661478,0.0,0.7773637343617297,0.6324261500198456,204.91,"{""class_weight_mode"": ""balanced"", ""max_depth"": 32, ""max_features"": 0.12747419900932688, ""min_samples_leaf"": 2, ""min_samples_split"": 2, ""n_estimators"": 1600}",False,False,rebuilt,,,,,,
4d50a0864554c2fb,rf,full,True,0.7937743190661478,0.0,0.7839739711928346,0.663860717351205,82.89,"{""class_weight_mode"": ""balanced"", ""max_depth"": 24, ""max_features"": 0.06663865878859691, ""min_samples_leaf"": 2, ""min_samples_split"": 9, ""n_estimators"": 1000}",False,False,rebuilt,,,,,,
e10f3ea8c5ff3ef4,rf,full,True,0.7937743190661478,0.0,0.7777720789622677,0.6436884802738569,43.35,"{""class_weight_mode"": ""balanced"", ""max_depth"": null, ""max_features"": 0.09644664844622916, ""min_samples_leaf"": 1, ""min_samples_split"": 7, ""n_estimators"": 600}",False,False,rebuilt,,,,,,
3454a1b51fca7900,rf,full,True,0.7937743190661478,0.0,0.778020468284013,0.6298808474176076,226.85,"{""class_weight_mode"": ""balanced_subsample"", ""max_depth"": null, ""max_features"": 0.1666585666948949, ""min_samples_leaf"": 2, ""min_samples_split"": 6, ""n_estimators"": 1400}",False,False,rebuilt,,,,,,
30fdcaf40cb5bdb2,rf,full,True,0.7937743190661478,0.0,0.7882052864933788,0.6773827198840353,86.4,"{""class_weight_mode"": ""balanced"", ""max_depth"": 12, ""max_features"": 0.05749292952773962, ""min_samples_leaf"": 1, ""min_samples_split"": 12, ""n_estimators"": 1400}",False,False,rebuilt,,,,,,
cd4157712952a358,rf,full,True,0.7937743190661478,0.0,0.780401292435385,0.6595246078433151,61.03,"{""class_weight_mode"": ""balanced_subsample"", ""max_depth"": 32, ""max_features"": 0.05810279082169312, ""min_samples_leaf"": 1, ""min_samples_split"": 8, ""n_estimators"": 800}",False,False,rebuilt,,,,,,
2e1d6f7d730e7862,rf,full,True,0.7937743190661478,0.0,0.7767957703361615,0.6342148935843085,212.45,"{""class_weight_mode"": ""balanced"", ""max_depth"": 24, ""max_features"": 0.20329138736349178, ""min_samples_leaf"": 1, ""min_samples_split"": 9, ""n_estimators"": 1000}",False,False,rebuilt,,,,,,
d6d929f81d7d0bd5,rf,full,True,0.7937743190661478,0.0,0.7772106348708152,0.6372216825933411,123.91,"{""class_weight_mode"": ""balanced_subsample"", ""max_depth"": null, ""max_features"": 0.2009938227216, ""min_samples_leaf"": 1, ""min_samples_split"": 9, ""n_estimators"": 800}",False,False,rebuilt,,,,,,
961cd60ce3a87a7f,rf,full,True,0.7937743190661478,0.0,0.7760980328954528,0.6251351651293032,296.59,"{""class_weight_mode"": ""balanced"", ""max_depth"": 32, ""max_features"": 0.24076436223672443, ""min_samples_leaf"": 2, ""min_samples_split"": 4, ""n_estimators"": 1600}",False,False,rebuilt,,,,,,
5ad0069f6e724d53,rf,full,True,0.7933852140077822,0.007392996108949446,0.7831555310076719,0.6560896571380816,132.29,"{""class_weight_mode"": ""balanced"", ""max_depth"": 32, ""max_features"": 0.08067052157895971, ""min_samples_leaf"": 1, ""min_samples_split"": 11, ""n_estimators"": 400}",,,finalists,0.77431906614786,0.004962678721065868,0.766059776823485,0.6508925764424108,,/work/oof/rf_5ad0069f6e724d53.npz
855eda110f1b3a7e,rf,full,True,0.7929961089494163,0.0,0.7784197190527457,0.643261435196047,220.47,"{""class_weight_mode"": ""balanced"", ""max_depth"": null, ""max_features"": 0.24567356142410746, ""min_samples_leaf"": 1, ""min_samples_split"": 12, ""n_estimators"": 800}",False,False,rebuilt,,,,,,
9fb41d33152dbc5a,rf,full,True,0.7929961089494163,0.0,0.7785698342748832,0.6471327276331058,200.33,"{""class_weight_mode"": ""balanced_subsample"", ""max_depth"": 24, ""max_features"": 0.08515849627141085, ""min_samples_leaf"": 1, ""min_samples_split"": 8, ""n_estimators"": 2000}",False,False,rebuilt,,,,,,
9a699b89af8a1906,rf,full,True,0.7929961089494163,0.0,0.7787334167194617,0.6548506431022159,123.36,"{""class_weight_mode"": ""balanced"", ""max_depth"": 24, ""max_features"": 0.08453888122407958, ""min_samples_leaf"": 1, ""min_samples_split"": 10, ""n_estimators"": 2000}",False,False,rebuilt,,,,,,
d30003d59376359a,rf,full,True,0.7929961089494163,0.0,0.7785608196868106,0.6358343336614264,338.03,"{""class_weight_mode"": ""balanced"", ""max_depth"": 24, ""max_features"": 0.23613188506325378, ""min_samples_leaf"": 3, ""min_samples_split"": 7, ""n_estimators"": 1400}",False,False,rebuilt,,,,,,
63ec9901c35772e1,rf,full,True,0.7929961089494163,0.0,0.7770712824122389,0.6402501515917947,132.07,"{""class_weight_mode"": ""balanced_subsample"", ""max_depth"": null, ""max_features"": 0.10638037061235997, ""min_samples_leaf"": 2, ""min_samples_split"": 6, ""n_estimators"": 1000}",False,False,rebuilt,,,,,,
f643e757bd14228a,et,full,False,0.7929961089494163,0.0,0.7783667069456215,0.6506622481339399,5.89,"{""class_weight_mode"": ""none"", ""max_depth"": null, ""max_features"": ""sqrt"", ""min_samples_leaf"": 2, ""n_estimators"": 600}",False,False,rebuilt,,,,,,
c23cf3a5a91bc91e,rf,full,True,0.7929961089494163,0.0,0.7814312709866286,0.6467201862532972,74.1,"{""class_weight_mode"": ""balanced"", ""max_depth"": 24, ""max_features"": 0.1738248328928141, ""min_samples_leaf"": 1, ""min_samples_split"": 12, ""n_estimators"": 400}",False,False,rebuilt,,,,,,
4df122b72b42cd70,rf,full,True,0.7929961089494163,0.0,0.7776030581795816,0.6411866890326513,261.08,"{""class_weight_mode"": ""balanced_subsample"", ""max_depth"": null, ""max_features"": 0.2575912438167468, ""min_samples_leaf"": 1, ""min_samples_split"": 11, ""n_estimators"": 1400}",False,False,rebuilt,,,,,,
8b2edc1d88f64181,rf,full,True,0.7929961089494163,0.0,0.7775674401052944,0.6420377320316669,236.69,"{""class_weight_mode"": ""balanced"", ""max_depth"": null, ""max_features"": 0.14816918585655142, ""min_samples_leaf"": 3, ""min_samples_split"": 7, ""n_estimators"": 2000}",False,False,rebuilt,,,,,,
cf8dd152a3a2f443,rf,full,True,0.7929961089494163,0.0,0.78562649841879,0.6727280089817647,22.2,"{""class_weight_mode"": ""balanced_subsample"", ""max_depth"": 12, ""max_features"": 0.07232602596805937, ""min_samples_leaf"": 3, ""min_samples_split"": 10, ""n_estimators"": 400}",False,False,rebuilt,,,,,,
cf38ebcece34efa3,rf,full,True,0.7929961089494163,0.0,0.7760487713682057,0.6444592734842565,78.82,"{""class_weight_mode"": ""balanced"", ""max_depth"": 32, ""max_features"": 0.05130101191727292, ""min_samples_leaf"": 1, ""min_samples_split"": 2, ""n_estimators"": 1200}",False,False,rebuilt,,,,,,
b3ee99d8c540a37f,rf,full,True,0.7929961089494163,0.0,0.7796056663635426,0.6629343171953056,74.4,"{""class_weight_mode"": ""balanced"", ""max_depth"": 32, ""max_features"": 0.055800494546625, ""min_samples_leaf"": 1, ""min_samples_split"": 8, ""n_estimators"": 1600}",False,False,rebuilt,,,,,,
6bef1904413a6507,rf,full,True,0.7929961089494163,0.0,0.7839597631210462,0.6549963023247489,58.45,"{""class_weight_mode"": ""balanced"", ""max_depth"": 12, ""max_features"": 0.1384323207899239, ""min_samples_leaf"": 2, ""min_samples_split"": 12, ""n_estimators"": 400}",False,False,rebuilt,,,,,,
b24466759965b230,rf,full,True,0.7929961089494163,0.0,0.7833291849279748,0.6756939570154316,129.47,"{""class_weight_mode"": ""balanced"", ""max_depth"": 32, ""max_features"": 0.05305366677933883, ""min_samples_leaf"": 1, ""min_samples_split"": 11, ""n_estimators"": 2000}",False,False,rebuilt,,,,,,
97be1a7a182c575c,rf,full,True,0.7929961089494163,0.0,0.777382750381123,0.6323036146235961,100.08,"{""class_weight_mode"": ""balanced_subsample"", ""max_depth"": null, ""max_features"": 0.17472887234860057, ""min_samples_leaf"": 2, ""min_samples_split"": 5, ""n_estimators"": 800}",False,False,rebuilt,,,,,,
3f1f4baae769c67a,lgbm,top120,True,0.7929961089494163,0.003112840466926,0.7740505902833836,0.8423763163001785,713.58,"{""learning_rate"": 0.05, ""n_estimators"": 600, ""num_leaves"": 31}",False,False,rebuilt,0.785473411154345,0.009516957887338,0.7703908046391655,0.8014383290421495,,
7ec930d3b3b91c63,rf,full,True,0.7929961089494163,0.0,0.7801025116859466,0.6469347316059961,62.95,"{""class_weight_mode"": ""balanced"", ""max_depth"": null, ""max_features"": 0.14548746030926185, ""min_samples_leaf"": 1, ""min_samples_split"": 11, ""n_estimators"": 400}",False,False,rebuilt,,,,,,
9befd8a512ddee2f,rf,full,True,0.7929961089494163,0.0,0.7818345117724067,0.670916609398929,68.39,"{""class_weight_mode"": ""balanced"", ""max_depth"": 32, ""max_features"": 0.058919873881201734, ""min_samples_leaf"": 1, ""min_samples_split"": 11, ""n_estimators"": 1400}",False,False,rebuilt,,,,,,
f2d91104fdac59ff,rf,full,True,0.7929961089494163,0.0,0.7837027605227582,0.664221000919007,23.99,"{""class_weight_mode"": ""balanced"", ""max_depth"": 24, ""max_features"": 0.0712032934517453, ""min_samples_leaf"": 1, ""min_samples_split"": 11, ""n_estimators"": 400}",False,False,rebuilt,,,,,,
5df484746b09f1bd,rf,full,True,0.7929961089494163,0.0,0.7793473690714755,0.6524316251373627,64.74,"{""class_weight_mode"": ""balanced_subsample"", ""max_depth"": 32, ""max_features"": 0.06068366567613946, ""min_samples_leaf"": 1, ""min_samples_split"": 7, ""n_estimators"": 1200}",False,False,rebuilt,,,,,,
4a44184b228d8b21,rf,full,True,0.7929961089494163,0.0,0.7779709274585516,0.6346956127466667,102.38,"{""class_weight_mode"": ""balanced"", ""max_depth"": 24, ""max_features"": 0.23552780831105097, ""min_samples_leaf"": 2, ""min_samples_split"": 8, ""n_estimators"": 600}",False,False,rebuilt,,,,,,
481d684d98492e18,rf,full,True,0.7929961089494163,0.0,0.7801221409382986,0.6551153875266315,48.45,"{""class_weight_mode"": ""balanced"", ""max_depth"": 24, ""max_features"": 0.1058016333791367, ""min_samples_leaf"": 1, ""min_samples_split"": 12, ""n_estimators"": 400}",False,False,rebuilt,,,,,,
906859705fc00c2f,rf,full,True,0.7929961089494163,0.0,0.7764697168333099,0.6446875876833607,61.38,"{""class_weight_mode"": ""balanced"", ""max_depth"": 24, ""max_features"": 0.22142157769300405, ""min_samples_leaf"": 2, ""min_samples_split"": 8, ""n_estimators"": 400}",False,False,rebuilt,,,,,,
8d122fc9ec3ad71b,xgb,full,True,0.7929961089494163,0.0,0.7786564231316012,0.6482814011294834,82.74,"{""class_weight_mode"": ""none"", ""colsample_bytree"": 0.7782342506168236, ""gamma"": 0.0004125516281821258, ""learning_rate"": 0.18309283483295824, ""max_depth"": 5, ""min_child_weight"": 0.8458976274827603, ""n_estimators"": 300, ""reg_alpha"": 0.2562046892122292, ""reg_lambda"": 1.3234981095806284, ""subsample"": 0.7854448182625074}",False,False,rebuilt,,,,,,
924c5b355508194c,rf,full,True,0.7929961089494163,0.0,0.7771459984546357,0.6375333337203499,319.55,"{""class_weight_mode"": ""balanced"", ""max_depth"": 24, ""max_features"": 0.24478626115064903, ""min_samples_leaf"": 1, ""min_samples_split"": 9, ""n_estimators"": 1200}",False,False,rebuilt,,,,,,
284c2a5ba20542c5,rf,full,True,0.7929961089494163,0.0,0.7753348716954268,0.6356706888431181,59.5,"{""class_weight_mode"": ""balanced"", ""max_depth"": null, ""max_features"": 0.15172710076967416, ""min_samples_leaf"": 1, ""min_samples_split"": 7, ""n_estimators"": 400}",False,False,rebuilt,,,,,,
d6e3f97a164fac5e,rf,full,True,0.7929961089494163,0.0,0.7834680656993624,0.6664646004752567,77.4,"{""class_weight_mode"": ""balanced"", ""max_depth"": 24, ""max_features"": 0.05732983290026298, ""min_samples_leaf"": 1, ""min_samples_split"": 10, ""n_estimators"": 1000}",False,False,rebuilt,,,,,,
ee84fb6a4e704d38,rf,full,True,0.7929961089494163,0.0,0.7811277542110598,0.6438187107830035,145.4,"{""class_weight_mode"": ""balanced"", ""max_depth"": 12, ""max_features"": 0.12767582799296942, ""min_samples_leaf"": 3, ""min_samples_split"": 4, ""n_estimators"": 1400}",False,False,rebuilt,,,,,,
3a5ce88dd3a03ba2,rf,full,True,0.7929961089494163,0.0,0.778459359651123,0.646529899475823,101.85,"{""class_weight_mode"": ""balanced"", ""max_depth"": 24, ""max_features"": 0.16190111117705933, ""min_samples_leaf"": 1, ""min_samples_split"": 11, ""n_estimators"": 800}",False,False,rebuilt,,,,,,
bfc6ba50820a481f,rf,full,True,0.7929961089494163,0.0,0.7752879932340431,0.6329252700051492,113.08,"{""class_weight_mode"": ""balanced_subsample"", ""max_depth"": null, ""max_features"": 0.13332044891803269, ""min_samples_leaf"": 2, ""min_samples_split"": 5, ""n_estimators"": 1000}",False,False,rebuilt,,,,,,
a7c7b9415a5d9e86,rf,full,True,0.7929961089494163,0.0,0.7759037650050826,0.6337642948222367,123.47,"{""class_weight_mode"": ""balanced"", ""max_depth"": 32, ""max_features"": 0.21840905510974512, ""min_samples_leaf"": 1, ""min_samples_split"": 4, ""n_estimators"": 600}",False,False,rebuilt,,,,,,
36b3071c137c08fb,rf,full,True,0.7922178988326848,0.0,0.783747147980108,0.6763841648322472,75.69,"{""class_weight_mode"": ""balanced"", ""max_depth"": 24, ""max_features"": 0.05361126010408721, ""min_samples_leaf"": 1, ""min_samples_split"": 11, ""n_estimators"": 1200}",False,False,rebuilt,,,,,,
b031a42f8c203821,rf,full,True,0.7922178988326848,0.0,0.7807266817992051,0.6428649961196156,49.79,"{""class_weight_mode"": ""balanced"", ""max_depth"": 16, ""max_features"": 0.171469240230415, ""min_samples_leaf"": 1, ""min_samples_split"": 11, ""n_estimators"": 400}",False,False,rebuilt,,,,,,
c24410536d4b58e0,lgbm,top120,True,0.7922178988326848,0.0,0.7759571284759073,0.6712535634501133,81.74,"{""class_weight_mode"": ""none"", ""colsample_bytree"": 0.8097514440283016, ""learning_rate"": 0.07489770465258357, ""min_child_samples"": 31, ""n_estimators"": 1500, ""num_leaves"": 28, ""reg_alpha"": 0.21821283966406477, ""reg_lambda"": 0.03818091093298849, ""subsample"": 0.6188187719961998, ""subsample_freq"": 1}",False,False,rebuilt,,,,,,
021ad6a713bbb563,rf,full,True,0.7922178988326848,0.0,0.7862531087919304,0.6776618503430212,34.36,"{""class_weight_mode"": ""balanced"", ""max_depth"": null, ""max_features"": 0.067702795613537, ""min_samples_leaf"": 3, ""min_samples_split"": 11, ""n_estimators"": 400}",False,False,rebuilt,,,,,,
7ea5351fb8011e16,cat,full,False,0.7922178988326848,0.0,0.7709363380085792,0.6079713305180316,270.11,"{""class_weight_mode"": ""none"", ""depth"": 4, ""iterations"": 1000, ""l2_leaf_reg"": 5.0, ""learning_rate"": 0.08}",False,False,rebuilt,,,,,,
3fbb23556dc2a652,rf,full,True,0.7922178988326848,0.0,0.782005565710427,0.6613360650610937,22.01,"{""class_weight_mode"": ""balanced"", ""max_depth"": 24, ""max_features"": 0.06334087925227479, ""min_samples_leaf"": 2, ""min_samples_split"": 7, ""n_estimators"": 400}",False,False,rebuilt,,,,,,
48e29009b1af778c,rf,full,True,0.7922178988326848,0.0,0.7772778671298546,0.6349291319078729,365.74,"{""class_weight_mode"": ""balanced"", ""max_depth"": 16, ""max_features"": 0.23884946685002223, ""min_samples_leaf"": 3, ""min_samples_split"": 7, ""n_estimators"": 1600}",False,False,rebuilt,,,,,,
3eca495ff159d94a,et,full,False,0.7922178988326848,0.0,0.7782989582750823,0.6513802386978801,8.07,"{""class_weight_mode"": ""none"", ""max_depth"": 16, ""max_features"": ""sqrt"", ""min_samples_leaf"": 2, ""n_estimators"": 600}",False,False,rebuilt,,,,,,
98d1daae79033d1c,rf,full,True,0.7922178988326848,0.0,0.7825759097382379,0.6588887835084375,103.95,"{""class_weight_mode"": ""balanced"", ""max_depth"": 32, ""max_features"": 0.08397800732903339, ""min_samples_leaf"": 3, ""min_samples_split"": 8, ""n_estimators"": 1200}",False,False,rebuilt,,,,,,
60458e5fa5bdcca1,rf,full,True,0.7922178988326848,0.0,0.7800552714914756,0.6384963973148959,204.78,"{""class_weight_mode"": ""balanced"", ""max_depth"": 32, ""max_features"": 0.23841850171064727, ""min_samples_leaf"": 3, ""min_samples_split"": 8, ""n_estimators"": 1200}",False,False,rebuilt,,,,,,
eace0fb15d3e722d,rf,full,True,0.7922178988326848,0.0,0.7756181385870757,0.6279001502779545,530.88,"{""class_weight_mode"": ""balanced_subsample"", ""max_depth"": 16, ""max_features"": 0.23519605827144888, ""min_samples_leaf"": 2, ""min_samples_split"": 5, ""n_estimators"": 2000}",False,False,rebuilt,,,,,,
addc87cedf0d7963,rf,top120,True,0.7922178988326848,0.0,0.7750535570032443,0.6281575312046557,412.74,"{""class_weight_mode"": ""balanced_subsample"", ""max_depth"": 16, ""max_features"": 0.29975508111688, ""min_samples_leaf"": 2, ""min_samples_split"": 4, ""n_estimators"": 2000}",False,False,rebuilt,,,,,,
22b4ea98ab84f321,rf,full,True,0.7922178988326848,0.0,0.7762345113354121,0.647506123655316,71.21,"{""class_weight_mode"": ""balanced_subsample"", ""max_depth"": 24, ""max_features"": 0.10389620481712099, ""min_samples_leaf"": 1, ""min_samples_split"": 9, ""n_estimators"": 600}",False,False,rebuilt,,,,,,
4e84f4f11a301ee9,rf,full,True,0.7922178988326848,0.0,0.777566854220621,0.6440837550514231,50.0,"{""class_weight_mode"": ""balanced"", ""max_depth"": null, ""max_features"": 0.17116047444838195, ""min_samples_leaf"": 1, ""min_samples_split"": 12, ""n_estimators"": 400}",False,False,rebuilt,,,,,,
22a7cbd03e5f0e31,rf,full,True,0.7922178988326848,0.0,0.7773592688466808,0.636090706629758,126.5,"{""class_weight_mode"": ""balanced_subsample"", ""max_depth"": null, ""max_features"": 0.18601093693061338, ""min_samples_leaf"": 3, ""min_samples_split"": 4, ""n_estimators"": 1000}",False,False,rebuilt,,,,,,
580edb405e704130,rf,full,True,0.7922178988326848,0.0,0.7771864362226508,0.6387346444555586,59.57,"{""class_weight_mode"": ""balanced_subsample"", ""max_depth"": 32, ""max_features"": 0.09028415904063243, ""min_samples_leaf"": 2, ""min_samples_split"": 4, ""n_estimators"": 800}",False,False,rebuilt,,,,,,
9c6c1f67dcdf729e,rf,full,True,0.7922178988326848,0.0,0.780652318536111,0.6500557215928261,168.15,"{""class_weight_mode"": ""balanced"", ""max_depth"": 24, ""max_features"": 0.14773209498240106, ""min_samples_leaf"": 4, ""min_samples_split"": 3, ""n_estimators"": 1800}",False,False,rebuilt,,,,,,
7ad60b21cb5df98d,cat,full,False,0.7922178988326848,0.0,0.7710907961766565,0.5976405813912177,287.69,"{""bagging_temperature"": 0.659984046034179, ""class_weight_mode"": ""none"", ""depth"": 4, ""iterations"": 700, ""l2_leaf_reg"": 12.720971546191167, ""learning_rate"": 0.15960780836641722, ""random_strength"": 0.27430586177787175}",False,False,rebuilt,,,,,,
3e905c48e9528ed0,rf,full,True,0.7922178988326848,0.0,0.775090186071495,0.6255874616075404,231.74,"{""class_weight_mode"": ""balanced"", ""max_depth"": 16, ""max_features"": 0.23192811982788936, ""min_samples_leaf"": 2, ""min_samples_split"": 3, ""n_estimators"": 1000}",False,False,rebuilt,,,,,,
6ee88a25b778f101,rf,full,True,0.7922178988326848,0.0,0.785145812920641,0.6760078437361445,64.19,"{""class_weight_mode"": ""balanced"", ""max_depth"": 24, ""max_features"": 0.056132963741987806, ""min_samples_leaf"": 2, ""min_samples_split"": 10, ""n_estimators"": 1000}",False,False,rebuilt,,,,,,
d43187ee0523cc08,cat,full,False,0.7922178988326848,0.0,0.7832067675030241,0.6143663485720648,292.67,"{""class_weight_mode"": ""balanced"", ""depth"": 4, ""iterations"": 1000, ""l2_leaf_reg"": 5.0, ""learning_rate"": 0.08}",False,False,rebuilt,,,,,,
57183af723545b55,rf,top120,True,0.7922178988326848,0.0,0.776202502110882,0.6318770956113922,149.14,"{""class_weight_mode"": ""balanced_subsample"", ""max_depth"": 16, ""max_features"": 0.13285882478535155, ""min_samples_leaf"": 1, ""min_samples_split"": 5, ""n_estimators"": 1800}",False,False,rebuilt,,,,,,
67f217a157c2c36e,rf,full,True,0.7922178988326848,0.0,0.7780716424049545,0.6383511574400447,93.35,"{""class_weight_mode"": ""balanced_subsample"", ""max_depth"": null, ""max_features"": 0.16985736101101487, ""min_samples_leaf"": 3, ""min_samples_split"": 5, ""n_estimators"": 800}",False,False,rebuilt,,,,,,
2c472561d0a8fa87,xgb,full,True,0.7922178988326848,0.0,0.7789903378876356,0.6066119988715103,70.49,"{""class_weight_mode"": ""none"", ""colsample_bytree"": 0.49665415678116653, ""gamma"": 0.00020923992450660843, ""learning_rate"": 0.11973258472758717, ""max_depth"": 5, ""min_child_weight"": 2.2513405959506287, ""n_estimators"": 800, ""reg_alpha"": 0.9274757630456326, ""reg_lambda"": 0.2109943708194116, ""subsample"": 0.6783766633467947}",False,False,rebuilt,,,,,,
f0fcdf9d59efdc7d,cat,top120,False,0.7918287937743191,0.00817120622568096,0.7855772909982671,0.5884249806349015,1916.96,"{""bagging_temperature"": 0.8948273504276488, ""class_weight_mode"": ""balanced"", ""depth"": 5, ""iterations"": 1000, ""l2_leaf_reg"": 8.725278311502205, ""learning_rate"": 0.18258230439200238, ""random_strength"": 3.946212980759093}",,,finalists,0.7846952010376135,0.006490270299972378,0.7746089211109469,0.5950392915955318,,/work/oof/cat_f0fcdf9d59efdc7d.npz
cb20ed7d18fe37fd,rf,full,True,0.7914396887159533,0.0,0.7765114045859975,0.6387751714146677,104.03,"{""class_weight_mode"": ""balanced_subsample"", ""max_depth"": null, ""max_features"": 0.08411484102560549, ""min_samples_leaf"": 1, ""min_samples_split"": 5, ""n_estimators"": 1000}",False,False,rebuilt,,,,,,
82b1c135de91cc53,rf,full,True,0.7914396887159533,0.0,0.7786689825230718,0.6429780253409453,137.54,"{""class_weight_mode"": ""balanced"", ""max_depth"": null, ""max_features"": 0.23751900034472376, ""min_samples_leaf"": 3, ""min_samples_split"": 10, ""n_estimators"": 600}",False,False,rebuilt,,,,,,
d0518c6adddeac01,rf,full,True,0.7914396887159533,0.0,0.7751017771934289,0.6421485250917499,195.54,"{""class_weight_mode"": ""none"", ""max_depth"": 24, ""max_features"": 0.12526881653573885, ""min_samples_leaf"": 1, ""min_samples_split"": 6, ""n_estimators"": 1800}",False,False,rebuilt,,,,,,
6d2f9bb8d7623e5c,rf,full,True,0.7914396887159533,0.0,0.7788937836157627,0.6515563320363447,44.99,"{""class_weight_mode"": ""balanced"", ""max_depth"": null, ""max_features"": 0.16365313684420357, ""min_samples_leaf"": 2, ""min_samples_split"": 12, ""n_estimators"": 400}",False,False,rebuilt,,,,,,
eeb2d41bcc39b5cc,et,full,False,0.7914396887159533,0.0,0.7770523167303021,0.649981735012538,13.17,"{""class_weight_mode"": ""none"", ""max_depth"": 16, ""max_features"": ""sqrt"", ""min_samples_leaf"": 2, ""n_estimators"": 1200}",False,False,rebuilt,,,,,,
d93138caf74e235d,rf,full,True,0.7914396887159533,0.0,0.7772301883487529,0.627437660547411,163.94,"{""class_weight_mode"": ""balanced"", ""max_depth"": 12, ""max_features"": 0.16704825706571724, ""min_samples_leaf"": 1, ""min_samples_split"": 5, ""n_estimators"": 1400}",False,False,rebuilt,,,,,,
4af45bbf4e067b1d,rf,full,True,0.7914396887159533,0.0,0.774420370841486,0.6269238261972633,197.75,"{""class_weight_mode"": ""balanced_subsample"", ""max_depth"": null, ""max_features"": 0.22179089791590795, ""min_samples_leaf"": 2, ""min_samples_split"": 5, ""n_estimators"": 1200}",False,False,rebuilt,,,,,,
bde246b9e27af7d0,lgbm,top120,True,0.7914396887159533,0.0,0.7793211448581779,0.7031928126331024,60.9,"{""class_weight_mode"": ""none"", ""colsample_bytree"": 0.741797038198084, ""learning_rate"": 0.184465824705519, ""min_child_samples"": 17, ""n_estimators"": 600, ""num_leaves"": 28, ""reg_alpha"": 0.07231685494859938, ""reg_lambda"": 2.621242841437884, ""subsample"": 0.9460232775885566, ""subsample_freq"": 1}",False,False,rebuilt,,,,,,
fbc248ec55d75e72,rf,full,True,0.7914396887159533,0.0,0.774277506766629,0.6282630812384569,196.15,"{""class_weight_mode"": ""balanced"", ""max_depth"": 32, ""max_features"": 0.22285513082266922, ""min_samples_leaf"": 1, ""min_samples_split"": 6, ""n_estimators"": 1200}",False,False,rebuilt,,,,,,
1698ec6cae0cfd64,rf,full,True,0.7914396887159533,0.0,0.7765104412458499,0.641465961240211,205.91,"{""class_weight_mode"": ""balanced"", ""max_depth"": 32, ""max_features"": 0.19405388122249065, ""min_samples_leaf"": 1, ""min_samples_split"": 11, ""n_estimators"": 1400}",False,False,rebuilt,,,,,,
241780fa8d1d7b3d,rf,full,True,0.7914396887159533,0.0,0.7770412148849317,0.6374732913865566,207.26,"{""class_weight_mode"": ""balanced_subsample"", ""max_depth"": 32, ""max_features"": 0.22864763330718726, ""min_samples_leaf"": 2, ""min_samples_split"": 9, ""n_estimators"": 1200}",False,False,rebuilt,,,,,,
5e467010173d1f4d,rf,full,True,0.7914396887159533,0.0,0.7759365639752198,0.6396799510724598,238.68,"{""class_weight_mode"": ""balanced_subsample"", ""max_depth"": 24, ""max_features"": 0.22525186485251442, ""min_samples_leaf"": 1, ""min_samples_split"": 11, ""n_estimators"": 1400}",False,False,rebuilt,,,,,,
8a8fa5a84938b5b0,rf,full,True,0.7914396887159533,0.0,0.7841720129672751,0.6751074169449984,95.05,"{""class_weight_mode"": ""balanced_subsample"", ""max_depth"": 16, ""max_features"": 0.09632551248083022, ""min_samples_leaf"": 5, ""min_samples_split"": 7, ""n_estimators"": 1000}",False,False,rebuilt,,,,,,
1ab3858a03ff2d32,cat,full,False,0.7914396887159533,0.0,0.7710289901137604,0.5977774331567132,334.24,"{""class_weight_mode"": ""none"", ""depth"": 4, ""iterations"": 1000, ""l2_leaf_reg"": 1.0, ""learning_rate"": 0.08}",False,False,rebuilt,,,,,,
a7228e0fc6c80443,rf,full,True,0.7914396887159533,0.0,0.7757799045367769,0.6703800104283825,132.95,"{""class_weight_mode"": ""none"", ""max_depth"": 32, ""max_features"": 0.06665860638629548, ""min_samples_leaf"": 2, ""min_samples_split"": 9, ""n_estimators"": 2000}",False,False,rebuilt,,,,,,
22e6dbe072652ba5,rf,full,True,0.7914396887159533,0.0,0.775796807308696,0.6454165679199151,165.12,"{""class_weight_mode"": ""balanced"", ""max_depth"": 24, ""max_features"": 0.18478207238842154, ""min_samples_leaf"": 1, ""min_samples_split"": 12, ""n_estimators"": 1200}",False,False,rebuilt,,,,,,
bf52b47048e1eeb5,rf,full,True,0.7914396887159533,0.0,0.7784301959852088,0.6437698873407952,296.99,"{""class_weight_mode"": ""balanced_subsample"", ""max_depth"": null, ""max_features"": 0.3494866744846157, ""min_samples_leaf"": 4, ""min_samples_split"": 3, ""n_estimators"": 1000}",False,False,rebuilt,,,,,,
0e0d1a0cd2585add,xgb,top120,True,0.7914396887159533,0.0,0.7824074098946563,0.6064659666636517,298.42,"{""class_weight_mode"": ""balanced"", ""colsample_bytree"": 0.7381019409999654, ""gamma"": 0.0005020949556415262, ""learning_rate"": 0.011453596405008565, ""max_depth"": 8, ""min_child_weight"": 2.01746694266007, ""n_estimators"": 1100, ""reg_alpha"": 0.2732045861806366, ""reg_lambda"": 9.349939819343323, ""subsample"": 0.6873063073132356}",False,False,rebuilt,,,,,,
ada6a02e5d039f63,rf,full,True,0.7914396887159533,0.0,0.7787547494797458,0.644895566548407,61.24,"{""class_weight_mode"": ""balanced"", ""max_depth"": 12, ""max_features"": 0.08654477979822447, ""min_samples_leaf"": 1, ""min_samples_split"": 7, ""n_estimators"": 800}",False,False,rebuilt,,,,,,
19e1a40728169a54,rf,full,True,0.7914396887159533,0.0,0.7789868642478853,0.6261178112285529,576.28,"{""class_weight_mode"": ""balanced"", ""max_depth"": 12, ""max_features"": 0.282674674689564, ""min_samples_leaf"": 2, ""min_samples_split"": 2, ""n_estimators"": 2000}",False,False,rebuilt,,,,,,
b56c3ff30cd68b7a,rf,full,True,0.7914396887159533,0.0,0.7827103255963382,0.6764343066106281,51.39,"{""class_weight_mode"": ""balanced"", ""max_depth"": 32, ""max_features"": 0.05236576345902881, ""min_samples_leaf"": 1, ""min_samples_split"": 11, ""n_estimators"": 800}",False,False,rebuilt,,,,,,
55bccc44e52594ea,rf,full,True,0.7914396887159533,0.0,0.7819661528765107,0.6621061432346612,181.04,"{""class_weight_mode"": ""balanced_subsample"", ""max_depth"": 32, ""max_features"": 0.09072059976747435, ""min_samples_leaf"": 3, ""min_samples_split"": 10, ""n_estimators"": 2000}",False,False,rebuilt,,,,,,
fe07f5ad0a6931ed,rf,full,True,0.7914396887159533,0.0,0.7834886069075814,0.6683487016595455,73.58,"{""class_weight_mode"": ""balanced_subsample"", ""max_depth"": null, ""max_features"": 0.08111882461626604, ""min_samples_leaf"": 4, ""min_samples_split"": 7, ""n_estimators"": 1200}",False,False,rebuilt,,,,,,
230262bbbec370ab,rf,full,True,0.7914396887159533,0.0,0.780234160840972,0.6556943964752642,43.95,"{""class_weight_mode"": ""balanced"", ""max_depth"": null, ""max_features"": 0.1018073767524052, ""min_samples_leaf"": 1, ""min_samples_split"": 12, ""n_estimators"": 400}",False,False,rebuilt,,,,,,
93807d593b759e6f,rf,full,True,0.7914396887159533,0.0,0.785808123407326,0.6809742480726921,48.21,"{""class_weight_mode"": ""balanced"", ""max_depth"": 32, ""max_features"": 0.05891050349845699, ""min_samples_leaf"": 4, ""min_samples_split"": 7, ""n_estimators"": 1200}",False,False,rebuilt,,,,,,
6f7d4c18f1f94a60,rf,full,True,0.7914396887159533,0.0,0.776063321020508,0.6232247472234205,81.87,"{""class_weight_mode"": ""balanced_subsample"", ""max_depth"": 12, ""max_features"": 0.1619887076378895, ""min_samples_leaf"": 1, ""min_samples_split"": 3, ""n_estimators"": 600}",False,False,rebuilt,,,,,,
63873b64e0696933,rf,full,True,0.7914396887159533,0.0,0.7768054340398253,0.6390488789927222,376.72,"{""class_weight_mode"": ""balanced_subsample"", ""max_depth"": 32, ""max_features"": 0.24551663647065655, ""min_samples_leaf"": 2, ""min_samples_split"": 10, ""n_estimators"": 1800}",False,False,rebuilt,,,,,,
b9543d5ae26a3751,rf,full,True,0.7914396887159533,0.0,0.7745675912124219,0.6344358304997365,312.9,"{""class_weight_mode"": ""balanced_subsample"", ""max_depth"": 32, ""max_features"": 0.2658587294895122, ""min_samples_leaf"": 1, ""min_samples_split"": 8, ""n_estimators"": 1400}",False,False,rebuilt,,,,,,
9c1c38e5daa47e01,et,full,False,0.7914396887159533,0.0,0.7859514251637778,0.651567223832608,8.56,"{""class_weight_mode"": ""balanced"", ""max_depth"": 16, ""max_features"": ""sqrt"", ""min_samples_leaf"": 2, ""n_estimators"": 600}",False,False,rebuilt,,,,,,
3053f58cb823a138,xgb,top120,True,0.7914396887159533,0.0,0.7763616405370113,0.6218970126010958,706.14,"{""learning_rate"": 0.05, ""max_depth"": 4, ""n_estimators"": 600}",False,False,rebuilt,0.7815823605706874,0.0061714019472738,0.7651622232251961,0.6049869812027463,,
87703aa6e9df7fa0,rf,full,True,0.7914396887159533,0.0,0.7754481241667351,0.6722824175618308,165.99,"{""class_weight_mode"": ""none"", ""max_depth"": 32, ""max_features"": 0.0825119865396794, ""min_samples_leaf"": 3, ""min_samples_split"": 11, ""n_estimators"": 2000}",False,False,rebuilt,,,,,,
363c35913ee0a6c5,rf,full,True,0.7914396887159533,0.0,0.7744102164342326,0.6314360948071179,86.07,"{""class_weight_mode"": ""balanced_subsample"", ""max_depth"": 32, ""max_features"": 0.1312948743473302, ""min_samples_leaf"": 2, ""min_samples_split"": 4, ""n_estimators"": 600}",False,False,rebuilt,,,,,,
1f61f8786f784c26,xgb,top120,True,0.7914396887159533,0.0,0.7794582671324668,0.5989872797875405,119.48,"{""class_weight_mode"": ""none"", ""colsample_bytree"": 0.368023545639538, ""gamma"": 0.01695709223574307, ""learning_rate"": 0.08045548243676962, ""max_depth"": 10, ""min_child_weight"": 2.751138759371881, ""n_estimators"": 1000, ""reg_alpha"": 0.0032973615579934257, ""reg_lambda"": 18.97333201046661, ""subsample"": 0.7850305850446825}",False,False,rebuilt,,,,,,
ab02963b0e26eaeb,rf,full,True,0.7914396887159533,0.0,0.7804723236513319,0.6497607721879192,231.45,"{""class_weight_mode"": ""balanced"", ""max_depth"": 32, ""max_features"": 0.1994296811050667, ""min_samples_leaf"": 3, ""min_samples_split"": 12, ""n_estimators"": 1800}",False,False,rebuilt,,,,,,
21570bbb4b6a90b0,cat,full,False,0.7914396887159533,0.0,0.7800929656353361,0.6057179605445098,841.78,"{""class_weight_mode"": ""balanced"", ""depth"": 6, ""iterations"": 1000, ""l2_leaf_reg"": 1.0, ""learning_rate"": 0.03}",False,False,rebuilt,,,,,,
2fec4f71ea5d3b8f,lgbm,top120,False,0.7914396887159533,0.0,0.7842852887892932,0.616983686732726,37.14,"{""class_weight_mode"": ""balanced"", ""colsample_bytree"": 0.4899443222417271, ""learning_rate"": 0.011450964268326641, ""min_child_samples"": 15, ""n_estimators"": 400, ""num_leaves"": 24, ""reg_alpha"": 0.020874681332882276, ""reg_lambda"": 3.6679624869306977, ""subsample"": 0.6943386448447411, ""subsample_freq"": 1}",False,False,rebuilt,,,,,,
1f176e2a1842c9f2,rf,full,True,0.7914396887159533,0.0,0.7844202606749295,0.6741611048614413,80.39,"{""class_weight_mode"": ""balanced"", ""max_depth"": 32, ""max_features"": 0.05148333081163421, ""min_samples_leaf"": 3, ""min_samples_split"": 7, ""n_estimators"": 2000}",False,False,rebuilt,,,,,,
4fadbdaaa9823f69,xgb,top60,False,0.7910505836575876,0.0058365758754864,0.7731967172697004,0.619272268262815,188.89,"{""learning_rate"": 0.05, ""max_depth"": 4, ""n_estimators"": 600}",False,False,rebuilt,0.7833981841763943,0.0053288297235211,0.766942674298626,0.6038066198595882,,
c1eba850638c74a2,cat,top120,False,0.7910505836575875,0.005058365758754846,0.7849148144281723,0.5970552518514808,518.33,"{""bagging_temperature"": 0.4951769101112702, ""class_weight_mode"": ""balanced"", ""depth"": 4, ""iterations"": 600, ""l2_leaf_reg"": 2.5358333235759627, ""learning_rate"": 0.07766184280392888, ""random_strength"": 0.16119044727609197}",,,finalists,0.7823605706874189,0.0030028111291284525,0.7748766380108348,0.608332573604874,,/work/oof/cat_c1eba850638c74a2.npz
875a8b5610cbb282,rf,top120,True,0.7906614785992218,0.0,0.7762063099673966,0.6327003153321492,143.58,"{""class_weight_mode"": ""balanced_subsample"", ""max_depth"": 32, ""max_features"": 0.1419229351948217, ""min_samples_leaf"": 2, ""min_samples_split"": 3, ""n_estimators"": 1800}",False,False,rebuilt,,,,,,
ebfcaaafada88df1,rf,full,True,0.7906614785992218,0.0,0.7762185332119141,0.6494456397282878,112.84,"{""class_weight_mode"": ""balanced"", ""max_depth"": 32, ""max_features"": 0.08080965318421374, ""min_samples_leaf"": 1, ""min_samples_split"": 8, ""n_estimators"": 1400}",False,False,rebuilt,,,,,,
fe07dbbe605a28f3,rf,full,True,0.7906614785992218,0.0,0.7728696599889686,0.6267080516004216,294.97,"{""class_weight_mode"": ""balanced_subsample"", ""max_depth"": 32, ""max_features"": 0.33718629085667196, ""min_samples_leaf"": 2, ""min_samples_split"": 5, ""n_estimators"": 800}",False,False,rebuilt,,,,,,
9e4a91905c454560,rf,full,True,0.7906614785992218,0.0,0.7739923976700951,0.6382838631210818,207.71,"{""class_weight_mode"": ""balanced_subsample"", ""max_depth"": 32, ""max_features"": 0.3272466729430106, ""min_samples_leaf"": 2, ""min_samples_split"": 6, ""n_estimators"": 600}",False,False,rebuilt,,,,,,
73ebcf442b0a6ded,rf,full,True,0.7906614785992218,0.0,0.7737526417187124,0.6291496898906247,249.54,"{""class_weight_mode"": ""balanced_subsample"", ""max_depth"": null, ""max_features"": 0.21688687715828409, ""min_samples_leaf"": 2, ""min_samples_split"": 5, ""n_estimators"": 1000}",False,False,rebuilt,,,,,,
70b657db4662a92a,xgb,top120,False,0.7906614785992218,0.004669260700389,0.7712172296612227,0.6114903639643123,414.94,"{""learning_rate"": 0.05, ""max_depth"": 4, ""n_estimators"": 600}",False,False,rebuilt,0.7979247730220494,0.0044629443668185,0.7790506766902001,0.5965188094353824,,
06837d1382fdf1dd,rf,full,True,0.7906614785992218,0.0,0.7731472946112483,0.6542152148162151,66.7,"{""class_weight_mode"": ""none"", ""max_depth"": 12, ""max_features"": 0.12049543487158507, ""min_samples_leaf"": 3, ""min_samples_split"": 7, ""n_estimators"": 800}",False,False,rebuilt,,,,,,
c8d6ba110e48ec42,cat,full,True,0.7906614785992218,0.0,0.7778424460367473,0.6088763069194504,528.77,"{""bagging_temperature"": 0.7030189588951778, ""class_weight_mode"": ""balanced"", ""depth"": 6, ""iterations"": 400, ""l2_leaf_reg"": 1.6472536965468239, ""learning_rate"": 0.16855972264420166, ""random_strength"": 0.7610438922351126}",False,False,rebuilt,,,,,,
5d35450ddd66f190,xgb,top120,False,0.7906614785992218,0.0,0.7710527456139207,0.6424505639168442,170.16,"{""class_weight_mode"": ""none"", ""colsample_bytree"": 0.36390067375029345, ""gamma"": 0.02926668663281966, ""learning_rate"": 0.010329994960733434, ""max_depth"": 6, ""min_child_weight"": 1.2118864678647754, ""n_estimators"": 1400, ""reg_alpha"": 3.2829730864261997, ""reg_lambda"": 15.35044902929297, ""subsample"": 0.9526909882096318}",False,False,rebuilt,,,,,,
692eb7403a919efc,rf,full,True,0.7906614785992218,0.0,0.7804244018837254,0.657530708557834,110.46,"{""class_weight_mode"": ""balanced_subsample"", ""max_depth"": null, ""max_features"": 0.10908195597639093, ""min_samples_leaf"": 4, ""min_samples_split"": 3, ""n_estimators"": 1200}",False,False,rebuilt,,,,,,
f318241f557b4902,rf,full,True,0.7906614785992218,0.0,0.7867340632242099,0.679659010638845,74.56,"{""class_weight_mode"": ""balanced"", ""max_depth"": 32, ""max_features"": 0.05956586688430665, ""min_samples_leaf"": 2, ""min_samples_split"": 12, ""n_estimators"": 1600}",False,False,rebuilt,,,,,,
2774c0b8fe4771e1,rf,full,True,0.7906614785992218,0.0,0.7805632742399736,0.6446403192672898,372.88,"{""class_weight_mode"": ""balanced_subsample"", ""max_depth"": 12, ""max_features"": 0.198417206789734, ""min_samples_leaf"": 1, ""min_samples_split"": 12, ""n_estimators"": 1800}",False,False,rebuilt,,,,,,
7f5f2daea430e8f8,rf,full,True,0.7906614785992218,0.0,0.779142898812655,0.6608244243461378,27.9,"{""class_weight_mode"": ""balanced"", ""max_depth"": 24, ""max_features"": 0.06892739887483071, ""min_samples_leaf"": 1, ""min_samples_split"": 10, ""n_estimators"": 400}",False,False,rebuilt,,,,,,
a84247ba5d7fd845,rf,full,True,0.7906614785992218,0.0,0.7742296145894194,0.6347206548786843,195.05,"{""class_weight_mode"": ""balanced"", ""max_depth"": 24, ""max_features"": 0.22703098936233612, ""min_samples_leaf"": 3, ""min_samples_split"": 6, ""n_estimators"": 1000}",False,False,rebuilt,,,,,,
591fbf3bd4434911,rf,full,True,0.7906614785992218,0.0,0.7760125402302347,0.6322568375340187,248.62,"{""class_weight_mode"": ""balanced_subsample"", ""max_depth"": 24, ""max_features"": 0.2753766994498511, ""min_samples_leaf"": 2, ""min_samples_split"": 7, ""n_estimators"": 1200}",False,False,rebuilt,,,,,,
ed906dce5836acae,rf,full,True,0.7906614785992218,0.0,0.777205600302423,0.6677659543708446,86.59,"{""class_weight_mode"": ""balanced_subsample"", ""max_depth"": null, ""max_features"": 0.05250951654127277, ""min_samples_leaf"": 1, ""min_samples_split"": 9, ""n_estimators"": 1800}",False,False,rebuilt,,,,,,
d366fc3527f574b5,rf,full,True,0.7906614785992218,0.0,0.7815709302222954,0.6611900256174342,93.25,"{""class_weight_mode"": ""balanced_subsample"", ""max_depth"": null, ""max_features"": 0.06737195842051327, ""min_samples_leaf"": 3, ""min_samples_split"": 5, ""n_estimators"": 1600}",False,False,rebuilt,,,,,,
dfbdc209136ebde3,rf,full,True,0.7906614785992218,0.0,0.7763326088236074,0.6409791251929967,44.17,"{""class_weight_mode"": ""balanced"", ""max_depth"": null, ""max_features"": 0.11715773577058876, ""min_samples_leaf"": 2, ""min_samples_split"": 7, ""n_estimators"": 400}",False,False,rebuilt,,,,,,
cb5e0fd69e1d28e9,rf,full,True,0.7906614785992218,0.0,0.773825429711481,0.6271148569000232,859.55,"{""class_weight_mode"": ""balanced_subsample"", ""max_depth"": 16, ""max_features"": 0.40272954079376494, ""min_samples_leaf"": 2, ""min_samples_split"": 3, ""n_estimators"": 2000}",False,False,rebuilt,,,,,,
40218f2d233d7107,rf,full,True,0.7906614785992218,0.0,0.7761843534070552,0.6376809164376182,146.19,"{""class_weight_mode"": ""balanced_subsample"", ""max_depth"": null, ""max_features"": 0.2043268251915896, ""min_samples_leaf"": 3, ""min_samples_split"": 7, ""n_estimators"": 1000}",False,False,rebuilt,,,,,,
89b1347c27de6dde,rf,top120,True,0.7906614785992218,0.0,0.7769201875001883,0.6434674129049465,138.35,"{""class_weight_mode"": ""balanced"", ""max_depth"": 24, ""max_features"": 0.11736277450066218, ""min_samples_leaf"": 1, ""min_samples_split"": 8, ""n_estimators"": 1800}",False,False,rebuilt,,,,,,
84b693b773e488b5,xgb,top120,True,0.7906614785992218,0.0,0.7821050488913645,0.6170668711843778,324.56,"{""class_weight_mode"": ""balanced"", ""colsample_bytree"": 0.9590253661435675, ""gamma"": 0.0006951900436391029, ""learning_rate"": 0.03946396852973966, ""max_depth"": 8, ""min_child_weight"": 1.4584243470991722, ""n_estimators"": 800, ""reg_alpha"": 2.2328773484129063, ""reg_lambda"": 16.282771145577367, ""subsample"": 0.7728083946579675}",False,False,rebuilt,,,,,,
f715c3070c3d6001,rf,full,True,0.7898832684824902,0.0,0.7788583338204744,0.6604021755951253,35.76,"{""class_weight_mode"": ""balanced"", ""max_depth"": 32, ""max_features"": 0.0940350917777006, ""min_samples_leaf"": 2, ""min_samples_split"": 12, ""n_estimators"": 400}",False,False,rebuilt,,,,,,
35020762d550ef2c,rf,full,True,0.7898832684824902,0.0,0.7739741696503845,0.6332014197045555,919.23,"{""class_weight_mode"": ""balanced_subsample"", ""max_depth"": 16, ""max_features"": 0.47562462579428433, ""min_samples_leaf"": 2, ""min_samples_split"": 5, ""n_estimators"": 1800}",False,False,rebuilt,,,,,,
7e5b9244b6ca8900,rf,full,True,0.7898832684824902,0.0,0.7730369595612286,0.6639765307993616,76.06,"{""class_weight_mode"": ""none"", ""max_depth"": 24, ""max_features"": 0.0994426275039079, ""min_samples_leaf"": 2, ""min_samples_split"": 11, ""n_estimators"": 1000}",False,False,rebuilt,,,,,,
bd2d54e9bd4a46d3,rf,full,True,0.7898832684824902,0.0,0.7806722529448613,0.668851651505006,24.68,"{""class_weight_mode"": ""balanced_subsample"", ""max_depth"": 24, ""max_features"": 0.06786676291742863, ""min_samples_leaf"": 1, ""min_samples_split"": 12, ""n_estimators"": 400}",False,False,rebuilt,,,,,,
99e7a4fab7af7dc5,rf,full,True,0.7898832684824902,0.0,0.772655177937378,0.6316176901841806,244.42,"{""class_weight_mode"": ""balanced"", ""max_depth"": 32, ""max_features"": 0.23031730268071524, ""min_samples_leaf"": 1, ""min_samples_split"": 7, ""n_estimators"": 1200}",False,False,rebuilt,,,,,,
8998f7f882052ddd,xgb,full,True,0.7898832684824902,0.0,0.7817231450653738,0.644778888044183,271.03,"{""class_weight_mode"": ""balanced"", ""colsample_bytree"": 0.3322018494152269, ""gamma"": 0.010950548223810645, ""learning_rate"": 0.010440621709619319, ""max_depth"": 9, ""min_child_weight"": 0.559773544096922, ""n_estimators"": 700, ""reg_alpha"": 0.40069074848713687, ""reg_lambda"": 9.299090276736512, ""subsample"": 0.5580363202534582}",False,False,rebuilt,,,,,,
f1676087ea6e41d4,rf,full,True,0.7898832684824902,0.0,0.7812188134273449,0.6574341501991628,157.33,"{""class_weight_mode"": ""balanced"", ""max_depth"": 16, ""max_features"": 0.2091055350289281, ""min_samples_leaf"": 5, ""min_samples_split"": 8, ""n_estimators"": 1000}",False,False,rebuilt,,,,,,
2cc02085c424196c,rf,full,True,0.7898832684824902,0.0,0.7733385256093158,0.6497561076495272,281.09,"{""class_weight_mode"": ""none"", ""max_depth"": 32, ""max_features"": 0.23837073169815362, ""min_samples_leaf"": 1, ""min_samples_split"": 10, ""n_estimators"": 1400}",False,False,rebuilt,,,,,,
d6039e28b5d6ffb1,rf,full,True,0.7898832684824902,0.0,0.781492778510342,0.676318184309693,52.18,"{""class_weight_mode"": ""balanced"", ""max_depth"": 24, ""max_features"": 0.05406040723695866, ""min_samples_leaf"": 1, ""min_samples_split"": 11, ""n_estimators"": 1200}",False,False,rebuilt,,,,,,
a7f70671926aa398,rf,full,True,0.7898832684824902,0.0,0.7751449687691397,0.644723456248948,47.95,"{""class_weight_mode"": ""balanced"", ""max_depth"": null, ""max_features"": 0.1516024638421828, ""min_samples_leaf"": 1, ""min_samples_split"": 10, ""n_estimators"": 400}",False,False,rebuilt,,,,,,
1351bbc395f88ebb,rf,full,True,0.7898832684824902,0.0,0.7777799734846537,0.6402497255466688,301.0,"{""class_weight_mode"": ""balanced"", ""max_depth"": 12, ""max_features"": 0.2529324531543287, ""min_samples_leaf"": 2, ""min_samples_split"": 10, ""n_estimators"": 1600}",False,False,rebuilt,,,,,,
64e2349bdeaddd43,rf,full,True,0.7898832684824902,0.0,0.7759901266752132,0.6463031574317118,79.86,"{""class_weight_mode"": ""balanced"", ""max_depth"": 24, ""max_features"": 0.1819257246547854, ""min_samples_leaf"": 1, ""min_samples_split"": 12, ""n_estimators"": 400}",False,False,rebuilt,,,,,,
2ecf8704835c6e53,rf,full,True,0.7898832684824902,0.0,0.7751068476053684,0.6294660686783935,467.17,"{""class_weight_mode"": ""balanced_subsample"", ""max_depth"": 16, ""max_features"": 0.3697249855241833, ""min_samples_leaf"": 2, ""min_samples_split"": 5, ""n_estimators"": 1800}",False,False,rebuilt,,,,,,
0ebf2d797c359774,xgb,full,True,0.7898832684824902,0.0,0.7759862802788651,0.6355755535992996,89.13,"{""class_weight_mode"": ""none"", ""colsample_bytree"": 0.9150818306983635, ""gamma"": 0.2085314575149663, ""learning_rate"": 0.08697746134231488, ""max_depth"": 5, ""min_child_weight"": 1.932994744625584, ""n_estimators"": 1100, ""reg_alpha"": 0.06395747907580916, ""reg_lambda"": 1.1652466563892656, ""subsample"": 0.9817548487116821}",False,False,rebuilt,,,,,,
ceaba2090529a895,rf,full,True,0.7898832684824902,0.0,0.7736468014902991,0.6290918880119974,165.47,"{""class_weight_mode"": ""balanced"", ""max_depth"": null, ""max_features"": 0.2582646625522032, ""min_samples_leaf"": 2, ""min_samples_split"": 6, ""n_estimators"": 600}",False,False,rebuilt,,,,,,
f93743e42c00a62a,rf,full,True,0.7898832684824902,0.0,0.7794095146437383,0.6614958499011164,38.14,"{""class_weight_mode"": ""balanced"", ""max_depth"": 24, ""max_features"": 0.08640021281405355, ""min_samples_leaf"": 1, ""min_samples_split"": 12, ""n_estimators"": 400}",False,False,rebuilt,,,,,,
463978111f5c05c6,rf,full,True,0.7898832684824902,0.0,0.7727629901421352,0.6306986577051336,457.24,"{""class_weight_mode"": ""balanced_subsample"", ""max_depth"": 32, ""max_features"": 0.2871542628260704, ""min_samples_leaf"": 1, ""min_samples_split"": 7, ""n_estimators"": 1800}",False,False,rebuilt,,,,,,
1c0c74bef602fe6b,rf,full,True,0.7898832684824902,0.0,0.776666535029768,0.6436039231667366,127.49,"{""class_weight_mode"": ""balanced_subsample"", ""max_depth"": 32, ""max_features"": 0.158576542661934, ""min_samples_leaf"": 3, ""min_samples_split"": 8, ""n_estimators"": 800}",False,False,rebuilt,,,,,,
acf2e597cfa2e779,cat,full,False,0.7898832684824902,0.0,0.7740003077797794,0.6136754097350952,1063.4,"{""class_weight_mode"": ""balanced"", ""depth"": 6, ""iterations"": 1000, ""l2_leaf_reg"": 1.0, ""learning_rate"": 0.08}",False,False,rebuilt,,,,,,
57d6d7d812018b7c,rf,full,True,0.7898832684824902,0.0,0.7747637322696139,0.6423261373990617,448.19,"{""class_weight_mode"": ""balanced"", ""max_depth"": 32, ""max_features"": 0.21907788574638593, ""min_samples_leaf"": 1, ""min_samples_split"": 12, ""n_estimators"": 2000}",False,False,rebuilt,,,,,,
1d751704f61257bf,rf,full,True,0.7898832684824902,0.0,0.7743822600674453,0.626449188317509,698.3,"{""class_weight_mode"": ""balanced_subsample"", ""max_depth"": 24, ""max_features"": 0.34013887356309946, ""min_samples_leaf"": 2, ""min_samples_split"": 3, ""n_estimators"": 2000}",False,False,rebuilt,,,,,,
5341d5d791d050ed,rf,full,True,0.7898832684824902,0.0,0.7752530591048279,0.6362048957839221,152.49,"{""class_weight_mode"": ""balanced_subsample"", ""max_depth"": null, ""max_features"": 0.1852925439949549, ""min_samples_leaf"": 3, ""min_samples_split"": 5, ""n_estimators"": 1200}",False,False,rebuilt,,,,,,
1155f6d4ce3b0213,lgbm,top60,False,0.7894941634241245,0.0019455252918287,0.7706218193533627,0.997070561730948,322.9,"{""learning_rate"": 0.05, ""n_estimators"": 600, ""num_leaves"": 31}",False,False,rebuilt,0.7953307392996108,0.0038124353973279,0.7803413947646374,0.9026058452653898,,
ad0d95a035e8b854,cat,top120,True,0.7891050583657587,0.0,0.7853659542099976,0.6794766389963501,2678.36,"{""bagging_temperature"": 0.1629344270814297, ""class_weight_mode"": ""balanced"", ""depth"": 8, ""iterations"": 700, ""l2_leaf_reg"": 11.779262819281898, ""learning_rate"": 0.04514351425998015, ""random_strength"": 1.3155298963007156}",False,False,rebuilt,,,,,,
6d0e284f8d9664da,rf,full,True,0.7891050583657587,0.0,0.7759854922252861,0.6507738539966266,53.44,"{""class_weight_mode"": ""balanced_subsample"", ""max_depth"": 24, ""max_features"": 0.11860237110957428, ""min_samples_leaf"": 1, ""min_samples_split"": 11, ""n_estimators"": 400}",False,False,rebuilt,,,,,,
029fdfed3f068881,rf,full,True,0.7891050583657587,0.0,0.7775575180229721,0.6624482590848104,123.07,"{""class_weight_mode"": ""balanced"", ""max_depth"": 16, ""max_features"": 0.06003179957141058, ""min_samples_leaf"": 1, ""min_samples_split"": 9, ""n_estimators"": 2000}",False,False,rebuilt,,,,,,
b62b22f384f913d1,rf,full,True,0.7891050583657587,0.0,0.7745742049753335,0.6437088215977314,160.89,"{""class_weight_mode"": ""balanced_subsample"", ""max_depth"": null, ""max_features"": 0.12533421756932284, ""min_samples_leaf"": 3, ""min_samples_split"": 6, ""n_estimators"": 1200}",False,False,rebuilt,,,,,,
1667cbfc2d0eb2e4,rf,full,False,0.7891050583657587,0.0,0.770294905026342,0.6242697568315865,183.46,"{""class_weight_mode"": ""none"", ""max_depth"": null, ""max_features"": 0.3, ""min_samples_leaf"": 1, ""n_estimators"": 1200}",False,False,rebuilt,,,,,,
2ec7d140dd79ccde,rf,full,True,0.7891050583657587,0.0,0.7774694774281571,0.64516529209875,195.12,"{""class_weight_mode"": ""balanced_subsample"", ""max_depth"": null, ""max_features"": 0.21239126556282364, ""min_samples_leaf"": 4, ""min_samples_split"": 5, ""n_estimators"": 1200}",False,False,rebuilt,,,,,,
2c0f28b11d5f7c4e,et,full,False,0.7891050583657587,0.0,0.7844117329441088,0.6498880232976393,17.87,"{""class_weight_mode"": ""balanced"", ""max_depth"": 16, ""max_features"": ""sqrt"", ""min_samples_leaf"": 2, ""n_estimators"": 1200}",False,False,rebuilt,,,,,,
9a55f3d2708fa081,lgbm,top120,True,0.7891050583657587,0.0,0.7788176022613233,0.6030771006057655,23.41,"{""class_weight_mode"": ""balanced"", ""colsample_bytree"": 0.40919616423534183, ""learning_rate"": 0.08960785365368121, ""min_child_samples"": 25, ""n_estimators"": 700, ""num_leaves"": 92, ""reg_alpha"": 1.599409170128044, ""reg_lambda"": 0.0017775399007348214, ""subsample"": 0.5780093202212182, ""subsample_freq"": 1}",False,False,rebuilt,,,,,,
63cd64e15fd8c3b1,rf,full,True,0.7891050583657587,0.0,0.7781961874547217,0.6480938338164247,191.39,"{""class_weight_mode"": ""balanced_subsample"", ""max_depth"": null, ""max_features"": 0.1897840320646892, ""min_samples_leaf"": 4, ""min_samples_split"": 5, ""n_estimators"": 1200}",False,False,rebuilt,,,,,,
c460552910902046,rf,full,True,0.7891050583657587,0.0,0.7731782545003736,0.6754058579109298,57.74,"{""class_weight_mode"": ""none"", ""max_depth"": 24, ""max_features"": 0.0603870297621588, ""min_samples_leaf"": 2, ""min_samples_split"": 10, ""n_estimators"": 1200}",False,False,rebuilt,,,,,,
307d24994d5b782d,xgb,full,True,0.7891050583657587,0.0,0.7775599422201172,0.6054137498356204,58.61,"{""class_weight_mode"": ""balanced"", ""colsample_bytree"": 0.808263933605863, ""gamma"": 0.26309928984147346, ""learning_rate"": 0.05051059796810741, ""max_depth"": 7, ""min_child_weight"": 7.481918847721413, ""n_estimators"": 300, ""reg_alpha"": 0.01565331432405038, ""reg_lambda"": 1.5417806408520467, ""subsample"": 0.8187149507491033}",False,False,rebuilt,,,,,,
d3ba7f0b66a2f311,cat,full,False,0.7891050583657587,0.0,0.7782782766581462,0.6022514054866456,964.07,"{""class_weight_mode"": ""balanced"", ""depth"": 6, ""iterations"": 1000, ""l2_leaf_reg"": 5.0, ""learning_rate"": 0.08}",False,False,rebuilt,,,,,,
28e069cb907c659e,rf,full,True,0.7891050583657587,0.0,0.7732187525699399,0.6249358062656559,230.32,"{""class_weight_mode"": ""balanced_subsample"", ""max_depth"": 16, ""max_features"": 0.2543782129866595, ""min_samples_leaf"": 1, ""min_samples_split"": 4, ""n_estimators"": 800}",False,False,rebuilt,,,,,,
29ed645348f7e5f3,rf,full,True,0.7891050583657587,0.0,0.7738785126259171,0.6427907969869822,46.7,"{""class_weight_mode"": ""none"", ""max_depth"": null, ""max_features"": 0.1635661807665728, ""min_samples_leaf"": 1, ""min_samples_split"": 8, ""n_estimators"": 400}",False,False,rebuilt,,,,,,
bc57fb39e370010d,rf,full,True,0.7891050583657587,0.0,0.7837670118895164,0.6875107052043514,52.18,"{""class_weight_mode"": ""balanced_subsample"", ""max_depth"": null, ""max_features"": 0.052945794575459504, ""min_samples_leaf"": 2, ""min_samples_split"": 12, ""n_estimators"": 800}",False,False,rebuilt,,,,,,
06b9272c4db75aba,rf,full,False,0.7891050583657587,0.0,0.770294905026342,0.6242697568315865,225.01,"{""class_weight_mode"": ""none"", ""max_depth"": 24, ""max_features"": 0.3, ""min_samples_leaf"": 1, ""n_estimators"": 1200}",False,False,rebuilt,,,,,,
2846d07ff4793ca4,rf,full,True,0.7891050583657587,0.0,0.7739111913779578,0.6403453328621558,104.71,"{""class_weight_mode"": ""balanced"", ""max_depth"": 24, ""max_features"": 0.1988091110916525, ""min_samples_leaf"": 1, ""min_samples_split"": 10, ""n_estimators"": 600}",False,False,rebuilt,,,,,,
819d0a62a09b49ab,lgbm,top120,True,0.7891050583657587,0.0,0.7746790678414703,0.9233487482956534,56.1,"{""class_weight_mode"": ""balanced"", ""colsample_bytree"": 0.3485529106126158, ""learning_rate"": 0.1780482687130895, ""min_child_samples"": 37, ""n_estimators"": 1500, ""num_leaves"": 41, ""reg_alpha"": 0.0011678901255315316, ""reg_lambda"": 0.0027129963334752718, ""subsample"": 0.5978955673946482, ""subsample_freq"": 1}",False,False,rebuilt,,,,,,
b86389888bb4263a,rf,full,True,0.7891050583657587,0.0,0.7749790086122058,0.6482531358063722,41.08,"{""class_weight_mode"": ""none"", ""max_depth"": null, ""max_features"": 0.13969432310923002, ""min_samples_leaf"": 3, ""min_samples_split"": 3, ""n_estimators"": 400}",False,False,rebuilt,,,,,,
62e488f9e84ba3d4,rf,full,True,0.7891050583657587,0.0,0.7743478603625291,0.6359877087331152,722.27,"{""class_weight_mode"": ""balanced_subsample"", ""max_depth"": 16, ""max_features"": 0.42129534617820985, ""min_samples_leaf"": 2, ""min_samples_split"": 7, ""n_estimators"": 2000}",False,False,rebuilt,,,,,,
61635679231b3484,rf,full,True,0.7891050583657587,0.0,0.7738483018943775,0.63261295013067,80.41,"{""class_weight_mode"": ""balanced_subsample"", ""max_depth"": 32, ""max_features"": 0.2486714037643718, ""min_samples_leaf"": 3, ""min_samples_split"": 3, ""n_estimators"": 400}",False,False,rebuilt,,,,,,
ea761bf76aa7363d,rf,full,True,0.7891050583657587,0.0,0.7719471321809095,0.6393321565948078,159.22,"{""class_weight_mode"": ""none"", ""max_depth"": 32, ""max_features"": 0.14952342362684468, ""min_samples_leaf"": 2, ""min_samples_split"": 5, ""n_estimators"": 1400}",False,False,rebuilt,,,,,,
8f4c8673f0220518,rf,full,True,0.7891050583657587,0.0,0.7757962207887834,0.6496467522716034,46.54,"{""class_weight_mode"": ""balanced"", ""max_depth"": 24, ""max_features"": 0.15899926645722365, ""min_samples_leaf"": 2, ""min_samples_split"": 12, ""n_estimators"": 400}",False,False,rebuilt,,,,,,
2d8aa44cf77e6ba6,rf,full,True,0.7891050583657587,0.0,0.774988023661711,0.6340450602417743,222.89,"{""class_weight_mode"": ""balanced_subsample"", ""max_depth"": null, ""max_features"": 0.22370664300441467, ""min_samples_leaf"": 3, ""min_samples_split"": 4, ""n_estimators"": 1200}",False,False,rebuilt,,,,,,
11a6d0a3e32a9844,rf,full,True,0.7891050583657587,0.0,0.7746103126195628,0.6446196262451849,127.72,"{""class_weight_mode"": ""none"", ""max_depth"": 32, ""max_features"": 0.1446465419929102, ""min_samples_leaf"": 1, ""min_samples_split"": 7, ""n_estimators"": 800}",False,False,rebuilt,,,,,,
da5287be63213013,rf,full,True,0.7883268482490272,0.0,0.777393981171359,0.6517389898118092,58.81,"{""class_weight_mode"": ""balanced"", ""max_depth"": null, ""max_features"": 0.13548859684116096, ""min_samples_leaf"": 2, ""min_samples_split"": 12, ""n_estimators"": 400}",False,False,rebuilt,,,,,,
d0ae4d864823a142,rf,top120,True,0.7883268482490272,0.0,0.7710720648508477,0.6432129262586868,24.04,"{""class_weight_mode"": ""balanced"", ""max_depth"": null, ""max_features"": 0.08831329164805699, ""min_samples_leaf"": 1, ""min_samples_split"": 4, ""n_estimators"": 400}",False,False,rebuilt,,,,,,
c92507a9ec09d13f,rf,full,False,0.7883268482490272,0.0,0.7654578744468632,0.6339910823514292,197.38,"{""class_weight_mode"": ""none"", ""max_depth"": 12, ""max_features"": 0.3, ""min_samples_leaf"": 2, ""n_estimators"": 1200}",False,False,rebuilt,,,,,,
e3a6902b31683aa2,xgb,full,True,0.7883268482490272,0.0038910505836575,0.7725861168452912,0.6247745558950587,821.54,"{""learning_rate"": 0.05, ""max_depth"": 4, ""n_estimators"": 600}",False,False,rebuilt,0.7828793774319066,0.0044478412968825,0.7674859799422595,0.601676763174339,,
475f7c97aa6f6c14,et,full,False,0.7883268482490272,0.0,0.7819913718784041,0.649065426424595,17.25,"{""class_weight_mode"": ""balanced"", ""max_depth"": null, ""max_features"": ""sqrt"", ""min_samples_leaf"": 2, ""n_estimators"": 1200}",False,False,rebuilt,,,,,,
91b2f73f0779a78e,rf,full,True,0.7883268482490272,0.0,0.7739113668239684,0.6427266756970302,105.54,"{""class_weight_mode"": ""balanced"", ""max_depth"": 32, ""max_features"": 0.2792327745115674, ""min_samples_leaf"": 1, ""min_samples_split"": 11, ""n_estimators"": 400}",False,False,rebuilt,,,,,,
5767f3ea3099ae24,rf,full,True,0.7883268482490272,0.0,0.7710008379816934,0.6354272777913812,444.39,"{""class_weight_mode"": ""balanced"", ""max_depth"": 32, ""max_features"": 0.2999413158170813, ""min_samples_leaf"": 2, ""min_samples_split"": 9, ""n_estimators"": 1800}",False,False,rebuilt,,,,,,
01dbff7e3c4479e3,cat,full,False,0.7883268482490272,0.0,0.7653647577168685,0.6449338415299694,1233.71,"{""class_weight_mode"": ""none"", ""depth"": 6, ""iterations"": 1000, ""l2_leaf_reg"": 5.0, ""learning_rate"": 0.03}",False,False,rebuilt,,,,,,
fbaa967dc452aa57,rf,full,True,0.7883268482490272,0.0,0.7721283632649073,0.6588514969205063,32.85,"{""n_estimators"": 400}",False,False,rebuilt,0.7898832684824902,0.0,0.7744200800836217,0.6679675672929667,,
c7f7aff60c765df5,rf,full,True,0.7883268482490272,0.0,0.7731949085819699,0.641254303003521,276.86,"{""class_weight_mode"": ""balanced"", ""max_depth"": 32, ""max_features"": 0.2677414484970012, ""min_samples_leaf"": 1, ""min_samples_split"": 12, ""n_estimators"": 1400}",False,False,rebuilt,,,,,,
a7f2d0da0c1085c6,rf,top120,True,0.7883268482490272,0.0,0.7739900891486067,0.6394161769189928,99.02,"{""class_weight_mode"": ""balanced"", ""max_depth"": null, ""max_features"": 0.11413203886701462, ""min_samples_leaf"": 1, ""min_samples_split"": 6, ""n_estimators"": 1000}",False,False,rebuilt,,,,,,
9dd297190702d551,rf,full,True,0.7883268482490272,0.0,0.780255851127414,0.6628911231591728,62.53,"{""class_weight_mode"": ""balanced"", ""max_depth"": 16, ""max_features"": 0.1191986985657576, ""min_samples_leaf"": 4, ""min_samples_split"": 11, ""n_estimators"": 800}",False,False,rebuilt,,,,,,
b22d2752157e677d,rf,full,True,0.7883268482490272,0.0,0.7704106174149309,0.632774764204256,348.54,"{""class_weight_mode"": ""balanced_subsample"", ""max_depth"": null, ""max_features"": 0.32217173270219857, ""min_samples_leaf"": 1, ""min_samples_split"": 7, ""n_estimators"": 1400}",False,False,rebuilt,,,,,,
b2a25185b2c6a698,rf,full,True,0.7883268482490272,0.0,0.7770543433438882,0.6504133683564889,200.61,"{""class_weight_mode"": ""balanced"", ""max_depth"": 32, ""max_features"": 0.14042824280499738, ""min_samples_leaf"": 3, ""min_samples_split"": 10, ""n_estimators"": 2000}",False,False,rebuilt,,,,,,
b829245dfca41c1c,cat,full,False,0.7883268482490272,0.0,0.7768563896441133,0.609593323042383,551.74,"{""class_weight_mode"": ""balanced"", ""depth"": 6, ""iterations"": 500, ""l2_leaf_reg"": 1.0, ""learning_rate"": 0.08}",False,False,rebuilt,,,,,,
3b870fa1ffbdf287,rf,full,True,0.7883268482490272,0.0,0.7719230630478213,0.6419897468210063,92.75,"{""class_weight_mode"": ""balanced"", ""max_depth"": null, ""max_features"": 0.23147351687742412, ""min_samples_leaf"": 2, ""min_samples_split"": 11, ""n_estimators"": 400}",False,False,rebuilt,,,,,,
1947066bbd69618d,rf,top120,True,0.7883268482490272,0.0,0.773257808337575,0.6318858099071022,167.84,"{""class_weight_mode"": ""balanced"", ""max_depth"": 32, ""max_features"": 0.23531004433793853, ""min_samples_leaf"": 1, ""min_samples_split"": 6, ""n_estimators"": 1200}",False,False,rebuilt,,,,,,
d2663b61ce3bcbe4,xgb,full,True,0.7875486381322957,0.0,0.7733231455402756,0.6200811967794887,322.64,"{""class_weight_mode"": ""none"", ""colsample_bytree"": 0.9759424231521916, ""gamma"": 0.08768125777016172, ""learning_rate"": 0.012151617026673379, ""max_depth"": 4, ""min_child_weight"": 4.703026275515195, ""n_estimators"": 1000, ""reg_alpha"": 0.0022976624140824994, ""reg_lambda"": 0.5022563311994769, ""subsample"": 0.9744427686266666}",False,False,rebuilt,,,,,,
e4be97b512abae7d,rf,full,True,0.7875486381322957,0.0,0.7812939413533428,0.6686662223971759,103.51,"{""class_weight_mode"": ""balanced"", ""max_depth"": 16, ""max_features"": 0.11262553752400158, ""min_samples_leaf"": 5, ""min_samples_split"": 8, ""n_estimators"": 1000}",False,False,rebuilt,,,,,,
8b4daab49147c3a1,rf,full,True,0.7875486381322957,0.0,0.7739586536568144,0.6347383723150299,719.86,"{""class_weight_mode"": ""balanced_subsample"", ""max_depth"": 16, ""max_features"": 0.4333424818155071, ""min_samples_leaf"": 3, ""min_samples_split"": 5, ""n_estimators"": 2000}",False,False,rebuilt,,,,,,
60d5aae5650a8a7b,rf,full,True,0.7875486381322957,0.0,0.7725335288554966,0.6420814671730399,558.48,"{""class_weight_mode"": ""balanced"", ""max_depth"": 32, ""max_features"": 0.26745765244137215, ""min_samples_leaf"": 1, ""min_samples_split"": 12, ""n_estimators"": 2000}",False,False,rebuilt,,,,,,
a7c45489b1d2ad3a,rf,full,True,0.7875486381322957,0.0,0.7806982318004269,0.6636811851969564,84.5,"{""class_weight_mode"": ""balanced_subsample"", ""max_depth"": 12, ""max_features"": 0.05953063060782096, ""min_samples_leaf"": 1, ""min_samples_split"": 9, ""n_estimators"": 1200}",False,False,rebuilt,,,,,,
fac5f097c5043fd2,rf,full,False,0.7875486381322957,0.0,0.7742265206176168,0.63230967019822,145.16,"{""class_weight_mode"": ""balanced_subsample"", ""max_depth"": 12, ""max_features"": 0.3, ""min_samples_leaf"": 2, ""n_estimators"": 1200}",False,False,rebuilt,,,,,,
4f22b60b3b63a0db,rf,full,True,0.7875486381322957,0.0,0.7714491672725281,0.6572812542739894,81.68,"{""class_weight_mode"": ""none"", ""max_depth"": 24, ""max_features"": 0.14787135245623845, ""min_samples_leaf"": 1, ""min_samples_split"": 12, ""n_estimators"": 800}",False,False,rebuilt,,,,,,
9f7daaf7b0fa96f5,rf,full,True,0.7875486381322957,0.0,0.7710881819981543,0.6279663273171271,682.12,"{""class_weight_mode"": ""balanced_subsample"", ""max_depth"": 16, ""max_features"": 0.43630552997038663, ""min_samples_leaf"": 2, ""min_samples_split"": 3, ""n_estimators"": 1800}",False,False,rebuilt,,,,,,
27c2c641274caf77,rf,full,True,0.7875486381322957,0.0,0.7735839779203277,0.6542853127683691,137.14,"{""class_weight_mode"": ""none"", ""max_depth"": 24, ""max_features"": 0.1723601712743914, ""min_samples_leaf"": 1, ""min_samples_split"": 11, ""n_estimators"": 800}",False,False,rebuilt,,,,,,
96fbae8f0f08ba73,rf,full,True,0.7875486381322957,0.0,0.7701036030234739,0.6733921841927833,32.2,"{""class_weight_mode"": ""none"", ""max_depth"": 12, ""max_features"": 0.06541140746762641, ""min_samples_leaf"": 1, ""min_samples_split"": 11, ""n_estimators"": 600}",False,False,rebuilt,,,,,,
b68c3c517729157a,rf,full,True,0.7875486381322957,0.0,0.7735072426029033,0.6417673852383203,597.88,"{""class_weight_mode"": ""balanced"", ""max_depth"": 24, ""max_features"": 0.3637606662460626, ""min_samples_leaf"": 4, ""min_samples_split"": 7, ""n_estimators"": 1800}",False,False,rebuilt,,,,,,
7601bad8443a04fe,rf,full,True,0.7875486381322957,0.0,0.780461971019998,0.6739828831749938,24.0,"{""class_weight_mode"": ""balanced"", ""max_depth"": 24, ""max_features"": 0.08263222888528049, ""min_samples_leaf"": 3, ""min_samples_split"": 12, ""n_estimators"": 400}",False,False,rebuilt,,,,,,
3f4a3c5b596d828f,xgb,full,True,0.7875486381322957,0.0,0.7716141301838821,0.6058945797444594,135.83,"{""class_weight_mode"": ""none"", ""colsample_bytree"": 0.798525454943275, ""gamma"": 0.06224300978555496, ""learning_rate"": 0.07050520093274679, ""max_depth"": 8, ""min_child_weight"": 0.965264582753056, ""n_estimators"": 1000, ""reg_alpha"": 0.5770976635605863, ""reg_lambda"": 0.5607308700117544, ""subsample"": 0.61213465473028}",False,False,rebuilt,,,,,,
aff8b21b875be4dd,lgbm,top120,False,0.7875486381322957,0.0,0.7680567725751041,0.6327399611914492,40.32,"{""class_weight_mode"": ""none"", ""colsample_bytree"": 0.6335777503732152, ""learning_rate"": 0.010008086954641695, ""min_child_samples"": 12, ""n_estimators"": 800, ""num_leaves"": 79, ""reg_alpha"": 3.0583772463347465, ""reg_lambda"": 0.026897091131813218, ""subsample"": 0.5345095431159256, ""subsample_freq"": 1}",False,False,rebuilt,,,,,,
76bbbf5ac3b6cb3f,rf,full,True,0.7875486381322957,0.0007782101167315,0.7678511764721639,0.6561576193997295,127.71,"{""n_estimators"": 400}",False,False,rebuilt,0.7844357976653696,0.0044478412968825,0.7680110815921041,0.6568186144004595,,
53bd33c0396e5488,rf,full,True,0.7867704280155642,0.0,0.7707969876654931,0.6291838867876899,808.09,"{""class_weight_mode"": ""balanced_subsample"", ""max_depth"": 16, ""max_features"": 0.38633414148373985, ""min_samples_leaf"": 2, ""min_samples_split"": 5, ""n_estimators"": 2000}",False,False,rebuilt,,,,,,
30c4afa3267f9b60,rf,top120,True,0.7867704280155642,0.0,0.7707785123972337,0.63470729934042,303.55,"{""class_weight_mode"": ""balanced_subsample"", ""max_depth"": 32, ""max_features"": 0.19501822531132576, ""min_samples_leaf"": 1, ""min_samples_split"": 7, ""n_estimators"": 1800}",False,False,rebuilt,,,,,,
2290e6bf44391efe,rf,full,True,0.7867704280155642,0.0,0.7661033700924095,0.6210439943353802,299.52,"{""class_weight_mode"": ""balanced"", ""max_depth"": null, ""max_features"": 0.2773050272555753, ""min_samples_leaf"": 1, ""min_samples_split"": 2, ""n_estimators"": 1000}",False,False,rebuilt,,,,,,
77c670fb1d23301c,rf,full,True,0.7867704280155642,0.0,0.7727492405521781,0.6470275519119226,54.31,"{""class_weight_mode"": ""balanced_subsample"", ""max_depth"": 32, ""max_features"": 0.18376175217863094, ""min_samples_leaf"": 4, ""min_samples_split"": 5, ""n_estimators"": 400}",False,False,rebuilt,,,,,,
e091fdd203f48a6f,rf,full,True,0.7867704280155642,0.0,0.7828088823189452,0.6897496675604965,57.17,"{""class_weight_mode"": ""balanced"", ""max_depth"": 16, ""max_features"": 0.06800450958653009, ""min_samples_leaf"": 5, ""min_samples_split"": 7, ""n_estimators"": 1000}",False,False,rebuilt,,,,,,
9f399c9e09f19926,rf,full,True,0.7867704280155642,0.0,0.7755641119621717,0.6446521990487952,78.44,"{""class_weight_mode"": ""balanced"", ""max_depth"": null, ""max_features"": 0.24370745432508778, ""min_samples_leaf"": 4, ""min_samples_split"": 5, ""n_estimators"": 400}",False,False,rebuilt,,,,,,
dca9df1a4ea1b65e,rf,full,True,0.7867704280155642,0.0,0.7743489382958846,0.6447571789409712,68.84,"{""class_weight_mode"": ""balanced"", ""max_depth"": 32, ""max_features"": 0.24177467568337185, ""min_samples_leaf"": 1, ""min_samples_split"": 12, ""n_estimators"": 400}",False,False,rebuilt,,,,,,
4223b0b0d24ec42c,rf,top120,True,0.7867704280155642,0.0,0.7726653446635231,0.6427637346814582,199.7,"{""class_weight_mode"": ""balanced"", ""max_depth"": 24, ""max_features"": 0.24095629823934478, ""min_samples_leaf"": 1, ""min_samples_split"": 10, ""n_estimators"": 1000}",False,False,rebuilt,,,,,,
4f8995974f1adfa0,cat,full,False,0.7867704280155642,0.0,0.7647885168252999,0.616749714847604,331.71,"{""class_weight_mode"": ""none"", ""depth"": 4, ""iterations"": 1000, ""l2_leaf_reg"": 1.0, ""learning_rate"": 0.03}",False,False,rebuilt,,,,,,
f74143142e905f51,rf,full,True,0.7867704280155642,0.0,0.7792586545451581,0.670141617909734,94.39,"{""class_weight_mode"": ""balanced_subsample"", ""max_depth"": null, ""max_features"": 0.07304787340816937, ""min_samples_leaf"": 4, ""min_samples_split"": 5, ""n_estimators"": 1200}",False,False,rebuilt,,,,,,
76055deb7d6ae429,cat,full,True,0.7867704280155642,0.0,0.7783040027871672,0.6067474937573458,1127.02,"{""bagging_temperature"": 0.4722149251619493, ""class_weight_mode"": ""balanced"", ""depth"": 6, ""iterations"": 700, ""l2_leaf_reg"": 5.252611998161658, ""learning_rate"": 0.08896916672592671, ""random_strength"": 3.216235469207419}",False,False,rebuilt,,,,,,
b5561e84264f9582,rf,full,True,0.7867704280155642,0.0,0.7695618666209862,0.6303745136306849,775.45,"{""class_weight_mode"": ""balanced_subsample"", ""max_depth"": 16, ""max_features"": 0.43057664167379145, ""min_samples_leaf"": 1, ""min_samples_split"": 5, ""n_estimators"": 2000}",False,False,rebuilt,,,,,,
e32dc86a25edbd78,rf,full,True,0.7867704280155642,0.0,0.7715345577368203,0.6296646215002759,748.43,"{""class_weight_mode"": ""balanced_subsample"", ""max_depth"": 16, ""max_features"": 0.48364346351680076, ""min_samples_leaf"": 2, ""min_samples_split"": 4, ""n_estimators"": 2000}",False,False,rebuilt,,,,,,
3969a83c70cfe91b,rf,full,True,0.7867704280155642,0.0,0.7730025879995939,0.6410540852046128,468.0,"{""class_weight_mode"": ""balanced_subsample"", ""max_depth"": 16, ""max_features"": 0.27038634549654805, ""min_samples_leaf"": 1, ""min_samples_split"": 12, ""n_estimators"": 2000}",False,False,rebuilt,,,,,,
6c20493dd3d5fdb8,rf,full,True,0.7867704280155642,0.0,0.7727003305104682,0.6456959762054858,126.99,"{""class_weight_mode"": ""balanced"", ""max_depth"": null, ""max_features"": 0.2082028692580114, ""min_samples_leaf"": 1, ""min_samples_split"": 12, ""n_estimators"": 600}",False,False,rebuilt,,,,,,
9b8b451f7037c167,rf,top120,True,0.7859922178988327,0.0,0.7708577645166843,0.6420557513651258,26.74,"{""class_weight_mode"": ""balanced_subsample"", ""max_depth"": 32, ""max_features"": 0.10753951001062728, ""min_samples_leaf"": 1, ""min_samples_split"": 8, ""n_estimators"": 400}",False,False,rebuilt,,,,,,
f55b8dd832850599,rf,full,True,0.7859922178988327,0.0,0.7683922015057745,0.6432249169490493,78.7,"{""class_weight_mode"": ""balanced"", ""max_depth"": null, ""max_features"": 0.22246552940565673, ""min_samples_leaf"": 1, ""min_samples_split"": 11, ""n_estimators"": 400}",False,False,rebuilt,,,,,,
e4a36d44b5002463,rf,full,True,0.7859922178988327,0.0,0.7703944531159567,0.6433175311716187,254.73,"{""class_weight_mode"": ""none"", ""max_depth"": 24, ""max_features"": 0.16347548236356862, ""min_samples_leaf"": 1, ""min_samples_split"": 7, ""n_estimators"": 1800}",False,False,rebuilt,,,,,,
9ca4a55908dd9376,rf,full,True,0.7859922178988327,0.0,0.7794279042677599,0.6659078763358763,70.57,"{""class_weight_mode"": ""balanced_subsample"", ""max_depth"": null, ""max_features"": 0.08363324474588088, ""min_samples_leaf"": 4, ""min_samples_split"": 6, ""n_estimators"": 1200}",False,False,rebuilt,,,,,,
130f8055f819bf3c,rf,full,True,0.7859922178988327,0.0,0.7703200672473992,0.6430415848701665,95.19,"{""class_weight_mode"": ""balanced"", ""max_depth"": 24, ""max_features"": 0.21861166871501514, ""min_samples_leaf"": 1, ""min_samples_split"": 12, ""n_estimators"": 400}",False,False,rebuilt,,,,,,
2ae1f81997f59e1b,cat,full,True,0.7859922178988327,0.0,0.7668805938702181,0.604286000295624,2481.94,"{""bagging_temperature"": 0.22649577519793795, ""class_weight_mode"": ""none"", ""depth"": 8, ""iterations"": 300, ""l2_leaf_reg"": 0.5315507085608231, ""learning_rate"": 0.0761257455068078, ""random_strength"": 0.7413627235366393}",False,False,rebuilt,,,,,,
29d71716501c9840,rf,full,True,0.7859922178988327,0.0,0.7750061506532953,0.6540839266726178,340.05,"{""class_weight_mode"": ""balanced_subsample"", ""max_depth"": null, ""max_features"": 0.27864812512876336, ""min_samples_leaf"": 5, ""min_samples_split"": 6, ""n_estimators"": 1600}",False,False,rebuilt,,,,,,
d1eadfa860a1f590,rf,full,True,0.7859922178988327,0.0,0.7714363195754433,0.636050482914967,269.14,"{""class_weight_mode"": ""balanced_subsample"", ""max_depth"": 16, ""max_features"": 0.43388511705442934, ""min_samples_leaf"": 2, ""min_samples_split"": 9, ""n_estimators"": 600}",False,False,rebuilt,,,,,,
4c5c3b9f9a79007e,rf,top120,True,0.7859922178988327,0.0,0.7683700505623327,0.6278697248836418,247.95,"{""class_weight_mode"": ""balanced_subsample"", ""max_depth"": 32, ""max_features"": 0.2063577264825242, ""min_samples_leaf"": 2, ""min_samples_split"": 3, ""n_estimators"": 2000}",False,False,rebuilt,,,,,,
1a3adf511421b185,rf,top120,True,0.7859922178988327,0.0,0.7756321949717393,0.6648414880560843,134.94,"{""class_weight_mode"": ""balanced_subsample"", ""max_depth"": 16, ""max_features"": 0.09916437491343882, ""min_samples_leaf"": 4, ""min_samples_split"": 5, ""n_estimators"": 2000}",False,False,rebuilt,,,,,,
21ac3063f33bcada,rf,full,True,0.7859922178988327,0.0,0.780359040435549,0.6715635260474816,63.08,"{""class_weight_mode"": ""balanced"", ""max_depth"": 8, ""max_features"": 0.10217964171489519, ""min_samples_leaf"": 1, ""min_samples_split"": 8, ""n_estimators"": 1000}",False,False,rebuilt,,,,,,
31f9e86cf69ee839,rf,full,True,0.7859922178988327,0.0,0.7701355202687511,0.662385267460829,96.1,"{""class_weight_mode"": ""none"", ""max_depth"": 16, ""max_features"": 0.08429893068610474, ""min_samples_leaf"": 3, ""min_samples_split"": 7, ""n_estimators"": 1600}",False,False,rebuilt,,,,,,
e9c4f1b586d64aca,cat,full,False,0.7859922178988327,0.0,0.7595139464337682,0.6109920824805307,1237.06,"{""class_weight_mode"": ""none"", ""depth"": 6, ""iterations"": 1000, ""l2_leaf_reg"": 1.0, ""learning_rate"": 0.03}",False,False,rebuilt,,,,,,
7bb5a930628c04c0,rf,full,False,0.7859922178988327,0.0,0.7710124570416711,0.6334971066827562,69.75,"{""class_weight_mode"": ""balanced"", ""max_depth"": 12, ""max_features"": 0.3, ""min_samples_leaf"": 2, ""n_estimators"": 600}",False,False,rebuilt,,,,,,
2e41f26a9417239d,rf,top120,True,0.7859922178988327,0.0,0.7707692494118838,0.6397539821260682,153.4,"{""class_weight_mode"": ""balanced"", ""max_depth"": 24, ""max_features"": 0.22452475381925396, ""min_samples_leaf"": 1, ""min_samples_split"": 9, ""n_estimators"": 1000}",False,False,rebuilt,,,,,,
786d40e3c16c1432,rf,full,True,0.7859922178988327,0.0,0.7695571778758243,0.6309527980823779,824.74,"{""class_weight_mode"": ""balanced_subsample"", ""max_depth"": null, ""max_features"": 0.37926304662452986, ""min_samples_leaf"": 2, ""min_samples_split"": 6, ""n_estimators"": 2000}",False,False,rebuilt,,,,,,
1b02a74d97029f64,cat,full,False,0.7859922178988327,0.0,0.7809187787095958,0.6378372196143735,421.28,"{""class_weight_mode"": ""balanced"", ""depth"": 6, ""iterations"": 500, ""l2_leaf_reg"": 5.0, ""learning_rate"": 0.08}",False,False,rebuilt,,,,,,
42fd6e9e647705c0,rf,full,True,0.7859922178988327,0.0,0.7793954951316421,0.6660632786598704,97.8,"{""class_weight_mode"": ""balanced_subsample"", ""max_depth"": null, ""max_features"": 0.08301988328625873, ""min_samples_leaf"": 4, ""min_samples_split"": 3, ""n_estimators"": 1000}",False,False,rebuilt,,,,,,
193fc4da43c43b75,rf,full,True,0.7859922178988327,0.0,0.7810636133896757,0.6862110014848263,56.49,"{""class_weight_mode"": ""balanced"", ""max_depth"": 16, ""max_features"": 0.07206909923617563, ""min_samples_leaf"": 5, ""min_samples_split"": 9, ""n_estimators"": 1200}",False,False,rebuilt,,,,,,
68a18142e05deec6,rf,top120,True,0.7859922178988327,0.0,0.7707816437146846,0.6370402291635193,200.93,"{""class_weight_mode"": ""balanced_subsample"", ""max_depth"": 24, ""max_features"": 0.23359399921675122, ""min_samples_leaf"": 1, ""min_samples_split"": 8, ""n_estimators"": 1000}",False,False,rebuilt,,,,,,
2bf024e9d0a66336,rf,full,True,0.7852140077821012,0.0,0.7709963467500306,0.6450125313094722,290.13,"{""class_weight_mode"": ""balanced"", ""max_depth"": 32, ""max_features"": 0.3000617637533704, ""min_samples_leaf"": 4, ""min_samples_split"": 8, ""n_estimators"": 1000}",False,False,rebuilt,,,,,,
7da7982d0a605e5c,rf,top120,True,0.7852140077821012,0.0,0.7726824874239494,0.643293046005005,125.12,"{""class_weight_mode"": ""balanced_subsample"", ""max_depth"": null, ""max_features"": 0.18409863587804498, ""min_samples_leaf"": 3, ""min_samples_split"": 7, ""n_estimators"": 1200}",False,False,rebuilt,,,,,,
7f6970d1bf75f4d3,rf,top120,True,0.7852140077821012,0.0,0.7701075254108731,0.6464537946040183,69.71,"{""class_weight_mode"": ""balanced"", ""max_depth"": 24, ""max_features"": 0.15377740840263265, ""min_samples_leaf"": 1, ""min_samples_split"": 10, ""n_estimators"": 800}",False,False,rebuilt,,,,,,
5a46e816d95e9859,rf,full,False,0.7852140077821012,0.0,0.7657969198519962,0.6240910438113733,178.43,"{""class_weight_mode"": ""none"", ""max_depth"": 12, ""max_features"": 0.3, ""min_samples_leaf"": 1, ""n_estimators"": 1200}",False,False,rebuilt,,,,,,
0ec9cf519d237743,rf,full,True,0.7852140077821012,0.0,0.7700186347323494,0.6422426357135279,82.48,"{""class_weight_mode"": ""balanced"", ""max_depth"": 24, ""max_features"": 0.2932453496555255, ""min_samples_leaf"": 3, ""min_samples_split"": 9, ""n_estimators"": 400}",False,False,rebuilt,,,,,,
146d404e184ff311,rf,full,True,0.7852140077821012,0.0,0.7692954448895636,0.627275520978836,861.18,"{""class_weight_mode"": ""balanced_subsample"", ""max_depth"": 16, ""max_features"": 0.3950776456381971, ""min_samples_leaf"": 2, ""min_samples_split"": 4, ""n_estimators"": 2000}",False,False,rebuilt,,,,,,
20c48cd702ba1e73,rf,full,True,0.7852140077821012,0.0,0.7818186582832982,0.6750400955225788,74.18,"{""class_weight_mode"": ""balanced"", ""max_depth"": 8, ""max_features"": 0.07611303998778546, ""min_samples_leaf"": 1, ""min_samples_split"": 5, ""n_estimators"": 1200}",False,False,rebuilt,,,,,,
9f4cfcc97706f4b4,cat,full,False,0.7852140077821012,0.0,0.781876183669386,0.6398129366560433,1120.57,"{""bagging_temperature"": 0.6364104112637804, ""class_weight_mode"": ""balanced"", ""depth"": 6, ""iterations"": 900, ""l2_leaf_reg"": 0.7444208747312283, ""learning_rate"": 0.010791232418686401, ""random_strength"": 0.11308297976636}",False,False,rebuilt,,,,,,
fd65af80527981fe,cat,full,False,0.7852140077821012,0.0,0.7660044683572154,0.629844909095702,610.85,"{""class_weight_mode"": ""none"", ""depth"": 6, ""iterations"": 500, ""l2_leaf_reg"": 5.0, ""learning_rate"": 0.08}",False,False,rebuilt,,,,,,
95ee9587be85f49f,rf,full,False,0.7852140077821012,0.0,0.7712005242322505,0.6356346126949616,163.21,"{""class_weight_mode"": ""balanced_subsample"", ""max_depth"": null, ""max_features"": 0.20900239306518784, ""min_samples_leaf"": 1, ""min_samples_split"": 6, ""n_estimators"": 1600}",False,False,rebuilt,,,,,,
cd8198fc4b38cf4c,rf,full,True,0.7852140077821012,0.0,0.7801316667286469,0.671454012302718,128.51,"{""class_weight_mode"": ""balanced_subsample"", ""max_depth"": 8, ""max_features"": 0.09853766405328952, ""min_samples_leaf"": 1, ""min_samples_split"": 8, ""n_estimators"": 1800}",False,False,rebuilt,,,,,,
eb0d3caf3ea9c350,rf,top120,True,0.7844357976653696,0.0,0.7719083161985475,0.6409584745447269,107.81,"{""class_weight_mode"": ""balanced_subsample"", ""max_depth"": null, ""max_features"": 0.15289048611635084, ""min_samples_leaf"": 3, ""min_samples_split"": 4, ""n_estimators"": 1200}",False,False,rebuilt,,,,,,
f94ef0abf07f82ed,rf,top120,True,0.7844357976653696,0.0,0.7683488178339679,0.6409936884865787,186.99,"{""class_weight_mode"": ""none"", ""max_depth"": 12, ""max_features"": 0.27565873236257726, ""min_samples_leaf"": 2, ""min_samples_split"": 2, ""n_estimators"": 1200}",False,False,rebuilt,,,,,,
680a4327831b456b,rf,full,False,0.7844357976653696,0.0,0.7687112521939097,0.6313602054214205,152.79,"{""class_weight_mode"": ""balanced"", ""max_depth"": 24, ""max_features"": 0.2294166540022217, ""min_samples_leaf"": 1, ""min_samples_split"": 5, ""n_estimators"": 1600}",False,False,rebuilt,,,,,,
14177392cfea5104,rf,full,True,0.7844357976653696,0.0,0.7735612941663451,0.6551971357316797,157.24,"{""class_weight_mode"": ""balanced"", ""max_depth"": 16, ""max_features"": 0.2537047962522266, ""min_samples_leaf"": 5, ""min_samples_split"": 9, ""n_estimators"": 1000}",False,False,rebuilt,,,,,,
71e552809026b2ef,cat,full,False,0.7844357976653696,0.0,0.7580087105315552,0.6241805374755952,1080.68,"{""class_weight_mode"": ""none"", ""depth"": 6, ""iterations"": 1000, ""l2_leaf_reg"": 1.0, ""learning_rate"": 0.08}",False,False,rebuilt,,,,,,
9f531110cee28874,cat,full,False,0.7844357976653696,0.0,0.7723399513420003,0.6048142697863478,149.96,"{""class_weight_mode"": ""none"", ""depth"": 4, ""iterations"": 500, ""l2_leaf_reg"": 1.0, ""learning_rate"": 0.08}",False,False,rebuilt,,,,,,
b6a2c2f62c9923ff,rf,full,True,0.7844357976653696,0.0,0.7778363932534813,0.6633400568154378,111.3,"{""class_weight_mode"": ""balanced_subsample"", ""max_depth"": null, ""max_features"": 0.13936128377284615, ""min_samples_leaf"": 5, ""min_samples_split"": 8, ""n_estimators"": 1200}",False,False,rebuilt,,,,,,
be03764ae937230f,rf,full,True,0.7844357976653696,0.0,0.7722018419057763,0.6436195193677341,298.22,"{""class_weight_mode"": ""balanced"", ""max_depth"": 24, ""max_features"": 0.26053228075002033, ""min_samples_leaf"": 4, ""min_samples_split"": 7, ""n_estimators"": 1800}",False,False,rebuilt,,,,,,
e3e2579eaf82fe2b,rf,full,True,0.7844357976653696,0.0,0.7703813675295497,0.6421525625930671,84.91,"{""class_weight_mode"": ""balanced"", ""max_depth"": 16, ""max_features"": 0.27311194530124977, ""min_samples_leaf"": 1, ""min_samples_split"": 11, ""n_estimators"": 400}",False,False,rebuilt,,,,,,
720bb29882e4269a,rf,full,True,0.7844357976653696,0.0,0.7706178188073569,0.6408076195492542,854.88,"{""class_weight_mode"": ""balanced"", ""max_depth"": 24, ""max_features"": 0.41196637836638134, ""min_samples_leaf"": 2, ""min_samples_split"": 10, ""n_estimators"": 2000}",False,False,rebuilt,,,,,,
fefa74240d3d3a1e,rf,full,True,0.7844357976653696,0.0,0.7710356286416337,0.6450213030162919,76.38,"{""class_weight_mode"": ""balanced"", ""max_depth"": 24, ""max_features"": 0.26478175377746804, ""min_samples_leaf"": 1, ""min_samples_split"": 12, ""n_estimators"": 400}",False,False,rebuilt,,,,,,
d77eae94ec4024bd,rf,full,True,0.7844357976653696,0.0,0.7675821401861371,0.6807368616229644,72.75,"{""class_weight_mode"": ""none"", ""max_depth"": null, ""max_features"": 0.06723996526875613, ""min_samples_leaf"": 4, ""min_samples_split"": 5, ""n_estimators"": 1000}",False,False,rebuilt,,,,,,
425d9c8784f3d890,rf,top120,True,0.7844357976653696,0.0,0.7711162524572598,0.6451266877404549,224.37,"{""class_weight_mode"": ""balanced"", ""max_depth"": 32, ""max_features"": 0.17780278463408067, ""min_samples_leaf"": 1, ""min_samples_split"": 11, ""n_estimators"": 1600}",False,False,rebuilt,,,,,,
03b8473eed9fb801,rf,full,False,0.7844357976653696,0.0,0.7731665352572173,0.6420478482224792,112.22,"{""class_weight_mode"": ""balanced"", ""max_depth"": 12, ""max_features"": 0.5020419212785556, ""min_samples_leaf"": 2, ""min_samples_split"": 9, ""n_estimators"": 400}",False,False,rebuilt,,,,,,
3061047134adbf6c,rf,full,True,0.7844357976653696,0.0,0.7692718537147584,0.6478192570314975,171.36,"{""class_weight_mode"": ""balanced"", ""max_depth"": null, ""max_features"": 0.4254797483991173, ""min_samples_leaf"": 2, ""min_samples_split"": 11, ""n_estimators"": 400}",False,False,rebuilt,,,,,,
55263cab2f4ae5a1,cat,top120,True,0.7844357976653696,0.0,0.7674930413982144,0.6301638036224942,552.39,"{""bagging_temperature"": 0.5426960831582485, ""class_weight_mode"": ""balanced"", ""depth"": 5, ""iterations"": 800, ""l2_leaf_reg"": 1.8642761165079123, ""learning_rate"": 0.11973258472758717, ""random_strength"": 0.3001230180898044}",False,False,rebuilt,,,,,,
463721bff4880e83,rf,full,False,0.7844357976653696,0.0,0.771669332492008,0.6324278999719323,138.32,"{""class_weight_mode"": ""balanced"", ""max_depth"": 12, ""max_features"": 0.3, ""min_samples_leaf"": 2, ""n_estimators"": 1200}",False,False,rebuilt,,,,,,
cfb87ecf7b00eda5,rf,full,True,0.7844357976653696,0.0,0.7706761810898042,0.644689202002123,324.06,"{""class_weight_mode"": ""balanced"", ""max_depth"": 16, ""max_features"": 0.3238188425875076, ""min_samples_leaf"": 2, ""min_samples_split"": 12, ""n_estimators"": 1400}",False,False,rebuilt,,,,,,
14e73bedb0fb741d,rf,top120,True,0.7836575875486381,0.0,0.7688446397913272,0.6412086954185372,279.37,"{""class_weight_mode"": ""balanced"", ""max_depth"": 24, ""max_features"": 0.29376041079716814, ""min_samples_leaf"": 1, ""min_samples_split"": 10, ""n_estimators"": 1400}",False,False,rebuilt,,,,,,
9f2b20a4bc09e83a,rf,top120,True,0.7836575875486381,0.0,0.7626094886713856,0.6322269729003419,281.33,"{""class_weight_mode"": ""balanced_subsample"", ""max_depth"": null, ""max_features"": 0.28483370262309404, ""min_samples_leaf"": 1, ""min_samples_split"": 5, ""n_estimators"": 1400}",False,False,rebuilt,,,,,,
838d85e7c7f43f80,rf,full,False,0.7836575875486381,0.0,0.7737808863125164,0.6535317950100997,39.57,"{""class_weight_mode"": ""balanced"", ""max_depth"": null, ""max_features"": 0.1958056125299748, ""min_samples_leaf"": 1, ""min_samples_split"": 11, ""n_estimators"": 400}",False,False,rebuilt,,,,,,
470f82886a14c503,xgb,top120,True,0.7836575875486381,0.0,0.773260280145377,0.6656617566463763,56.92,"{""class_weight_mode"": ""none"", ""colsample_bytree"": 0.3108196315702072, ""gamma"": 1.39494930833557, ""learning_rate"": 0.15497655891914938, ""max_depth"": 10, ""min_child_weight"": 6.558083407103563, ""n_estimators"": 1500, ""reg_alpha"": 3.7638055662039456, ""reg_lambda"": 0.96663956924525, ""subsample"": 0.6850793501277221}",False,False,rebuilt,,,,,,
875e19b923f2a6e5,et,full,False,0.7836575875486381,0.0,0.7754872254134726,0.6506554908531565,9.02,"{""class_weight_mode"": ""balanced"", ""max_depth"": null, ""max_features"": ""sqrt"", ""min_samples_leaf"": 2, ""n_estimators"": 600}",False,False,rebuilt,,,,,,
f65bcea61d1ddd8e,rf,full,False,0.7836575875486381,0.0,0.7621031332506845,0.624097612346227,73.57,"{""class_weight_mode"": ""none"", ""max_depth"": null, ""max_features"": 0.3, ""min_samples_leaf"": 1, ""n_estimators"": 600}",False,False,rebuilt,,,,,,
ef88706828cd4a54,rf,full,True,0.7836575875486381,0.0,0.765208544576627,0.6512891451396703,292.92,"{""class_weight_mode"": ""none"", ""max_depth"": 32, ""max_features"": 0.19584484058162135, ""min_samples_leaf"": 2, ""min_samples_split"": 10, ""n_estimators"": 2000}",False,False,rebuilt,,,,,,
943f1b6218972a2a,rf,full,False,0.7836575875486381,0.0,0.7670367335700556,0.6342526417576555,71.34,"{""class_weight_mode"": ""balanced_subsample"", ""max_depth"": 24, ""max_features"": 0.3, ""min_samples_leaf"": 2, ""n_estimators"": 600}",False,False,rebuilt,,,,,,
57f60e03795a00e1,rf,full,True,0.7836575875486381,0.0,0.7670944069694932,0.6341882324525021,355.07,"{""class_weight_mode"": ""balanced"", ""max_depth"": 24, ""max_features"": 0.30692235070558394, ""min_samples_leaf"": 3, ""min_samples_split"": 2, ""n_estimators"": 1400}",False,False,rebuilt,,,,,,
a0ea4eedd7ab7472,rf,top120,True,0.7836575875486381,0.0,0.7699407575883151,0.6474279066207413,52.31,"{""class_weight_mode"": ""balanced"", ""max_depth"": null, ""max_features"": 0.24287067297434448, ""min_samples_leaf"": 2, ""min_samples_split"": 11, ""n_estimators"": 400}",False,False,rebuilt,,,,,,
9db8ba3ef3ea97ab,rf,full,True,0.7836575875486381,0.0,0.7680736558104655,0.638035837826641,294.08,"{""class_weight_mode"": ""none"", ""max_depth"": null, ""max_features"": 0.2889113978591136, ""min_samples_leaf"": 1, ""min_samples_split"": 4, ""n_estimators"": 1200}",False,False,rebuilt,,,,,,
32adcc52fca638ab,rf,full,True,0.7836575875486381,0.0,0.7823432052941378,0.7028067734449812,39.83,"{""class_weight_mode"": ""balanced"", ""max_depth"": 8, ""max_features"": 0.05288061589907722, ""min_samples_leaf"": 1, ""min_samples_split"": 10, ""n_estimators"": 600}",False,False,rebuilt,,,,,,
c1f29143110bcf67,rf,full,False,0.7836575875486381,0.0,0.7621031332506845,0.624097612346227,90.76,"{""class_weight_mode"": ""none"", ""max_depth"": 24, ""max_features"": 0.3, ""min_samples_leaf"": 1, ""n_estimators"": 600}",False,False,rebuilt,,,,,,
a2b874235b46751a,rf,full,True,0.7836575875486381,0.0,0.7681369897241842,0.6424980175827393,103.62,"{""class_weight_mode"": ""balanced"", ""max_depth"": 24, ""max_features"": 0.291137227139867, ""min_samples_leaf"": 1, ""min_samples_split"": 11, ""n_estimators"": 400}",False,False,rebuilt,,,,,,
90d744e1f2268003,rf,full,False,0.7836575875486381,0.0,0.7670367335700556,0.6342526417576555,90.01,"{""class_weight_mode"": ""balanced_subsample"", ""max_depth"": null, ""max_features"": 0.3, ""min_samples_leaf"": 2, ""n_estimators"": 600}",False,False,rebuilt,,,,,,
d8ad122b94f66aae,rf,full,True,0.7828793774319066,0.0,0.7678372758377423,0.6441350192514115,104.78,"{""class_weight_mode"": ""balanced"", ""max_depth"": null, ""max_features"": 0.356253156540555, ""min_samples_leaf"": 1, ""min_samples_split"": 11, ""n_estimators"": 400}",False,False,rebuilt,,,,,,
09478062a0e4075b,rf,full,True,0.7828793774319066,0.0,0.7686287806515363,0.6399939623542166,873.33,"{""class_weight_mode"": ""balanced"", ""max_depth"": 24, ""max_features"": 0.5813849123975436, ""min_samples_leaf"": 2, ""min_samples_split"": 6, ""n_estimators"": 1400}",False,False,rebuilt,,,,,,
115af74bd1a74c7a,rf,full,False,0.7828793774319066,0.0,0.7592030902349685,0.6253894292298909,71.77,"{""class_weight_mode"": ""none"", ""max_depth"": 12, ""max_features"": 0.3, ""min_samples_leaf"": 1, ""n_estimators"": 600}",False,False,rebuilt,,,,,,
697cb056fb74f4c9,rf,full,False,0.7828793774319066,0.0,0.7680100264986981,0.6381800040403425,151.9,"{""class_weight_mode"": ""balanced"", ""max_depth"": 32, ""max_features"": 0.21051651998545484, ""min_samples_leaf"": 1, ""min_samples_split"": 7, ""n_estimators"": 1600}",False,False,rebuilt,,,,,,
e82af20aa4ad2195,rf,full,False,0.7828793774319066,0.0,0.7608140529492557,0.6234494917435333,184.71,"{""class_weight_mode"": ""balanced"", ""max_depth"": 24, ""max_features"": 0.3, ""min_samples_leaf"": 1, ""n_estimators"": 1200}",False,False,rebuilt,,,,,,
8dac059c880f0e66,cat,full,False,0.7828793774319066,0.0,0.7538828164960257,0.64629380196251,2256.46,"{""class_weight_mode"": ""none"", ""depth"": 8, ""iterations"": 500, ""l2_leaf_reg"": 5.0, ""learning_rate"": 0.08}",False,False,rebuilt,,,,,,
f4ae1d55bfa3f176,cat,full,False,0.7828793774319066,0.0,0.7743088694383978,0.6540015823597454,839.09,"{""class_weight_mode"": ""balanced"", ""depth"": 6, ""iterations"": 1000, ""l2_leaf_reg"": 5.0, ""learning_rate"": 0.03}",False,False,rebuilt,,,,,,
3c05a6e43c5b3dae,rf,full,False,0.7828793774319066,0.0,0.7586819241516914,0.6328162554898465,139.85,"{""class_weight_mode"": ""none"", ""max_depth"": null, ""max_features"": 0.3, ""min_samples_leaf"": 2, ""n_estimators"": 1200}",False,False,rebuilt,,,,,,
e43648f2895dd295,rf,full,False,0.7828793774319066,0.0,0.7608140529492557,0.6234278003492991,194.16,"{""class_weight_mode"": ""balanced"", ""max_depth"": null, ""max_features"": 0.3, ""min_samples_leaf"": 1, ""n_estimators"": 1200}",False,False,rebuilt,,,,,,
803dbcc6a914d8ec,rf,full,True,0.7828793774319066,0.0,0.778790782091938,0.6828214716696932,28.65,"{""class_weight_mode"": ""balanced"", ""max_depth"": 8, ""max_features"": 0.06433255806945737, ""min_samples_leaf"": 1, ""min_samples_split"": 6, ""n_estimators"": 600}",False,False,rebuilt,,,,,,
a163c9cf2c9146b1,rf,full,False,0.7828793774319066,0.0,0.7586819241516914,0.6328162554898465,210.3,"{""class_weight_mode"": ""none"", ""max_depth"": 24, ""max_features"": 0.3, ""min_samples_leaf"": 2, ""n_estimators"": 1200}",False,False,rebuilt,,,,,,
e63133be28eeedbc,rf,full,False,0.7828793774319066,0.0,0.7623606499860018,0.6364859625618724,68.22,"{""class_weight_mode"": ""none"", ""max_depth"": 12, ""max_features"": 0.3, ""min_samples_leaf"": 2, ""n_estimators"": 600}",False,False,rebuilt,,,,,,
028dbd875a9b3d27,rf,full,True,0.7828793774319066,0.0,0.7703519144785239,0.6402939646930831,91.0,"{""class_weight_mode"": ""balanced"", ""max_depth"": 24, ""max_features"": 0.2924556958783666, ""min_samples_leaf"": 1, ""min_samples_split"": 10, ""n_estimators"": 400}",False,False,rebuilt,,,,,,
4cfc8d56cdf342b0,rf,full,True,0.7828793774319066,0.0,0.7748475046961554,0.6560453844216121,205.31,"{""class_weight_mode"": ""balanced"", ""max_depth"": 16, ""max_features"": 0.2245448643074061, ""min_samples_leaf"": 5, ""min_samples_split"": 9, ""n_estimators"": 1000}",False,False,rebuilt,,,,,,
f275953c9ad3e46f,rf,full,True,0.7828793774319066,0.0,0.765352843279863,0.6354053586228338,398.1,"{""class_weight_mode"": ""balanced_subsample"", ""max_depth"": null, ""max_features"": 0.4296087371766346, ""min_samples_leaf"": 1, ""min_samples_split"": 7, ""n_estimators"": 1200}",False,False,rebuilt,,,,,,
184c4fa56a24a25b,xgb,full,True,0.7828793774319066,0.0,0.7763578827319306,0.6309536219718778,49.71,"{""class_weight_mode"": ""balanced"", ""colsample_bytree"": 0.35388593688015507, ""gamma"": 0.2990542595437361, ""learning_rate"": 0.09616005310543453, ""max_depth"": 6, ""min_child_weight"": 1.1165174596768905, ""n_estimators"": 600, ""reg_alpha"": 2.7474116097586405, ""reg_lambda"": 0.23494976659006944, ""subsample"": 0.6143990827458112}",False,False,rebuilt,,,,,,
db7ecd55ab77b259,rf,full,False,0.7828793774319066,0.0,0.7706478111021217,0.6324110287532079,103.65,"{""class_weight_mode"": ""balanced_subsample"", ""max_depth"": 12, ""max_features"": 0.3, ""min_samples_leaf"": 2, ""n_estimators"": 600}",False,False,rebuilt,,,,,,
7305bb27c73f4fa3,lgbm,top60,True,0.7824902723735409,0.0019455252918287,0.7674457583639183,0.8796836785785282,604.35,"{""learning_rate"": 0.05, ""n_estimators"": 600, ""num_leaves"": 31}",False,False,rebuilt,0.7782101167315175,0.0055393402085765,0.76546340554229,0.8054636485323075,,
b1beeeb5cfb22b66,rf,full,True,0.7821011673151751,0.0,0.7800063400845314,0.6701378142402169,223.46,"{""class_weight_mode"": ""balanced"", ""max_depth"": 8, ""max_features"": 0.15296295711456023, ""min_samples_leaf"": 1, ""min_samples_split"": 12, ""n_estimators"": 2000}",False,False,rebuilt,,,,,,
39eed6c3d9e8352c,rf,full,False,0.7821011673151751,0.0,0.7726902470196324,0.658837381580365,52.96,"{""class_weight_mode"": ""balanced"", ""max_depth"": 32, ""max_features"": 0.08711419092176448, ""min_samples_leaf"": 1, ""min_samples_split"": 8, ""n_estimators"": 1000}",False,False,rebuilt,,,,,,
d46ea3b2be3d7885,rf,full,False,0.7821011673151751,0.0,0.757841670554215,0.6339630420488332,85.25,"{""class_weight_mode"": ""none"", ""max_depth"": 24, ""max_features"": 0.3, ""min_samples_leaf"": 2, ""n_estimators"": 600}",False,False,rebuilt,,,,,,
46fe0c7fc7b99ae3,rf,full,True,0.7821011673151751,0.0,0.7660530188133491,0.6631978399254257,189.13,"{""class_weight_mode"": ""none"", ""max_depth"": null, ""max_features"": 0.3169795089884462, ""min_samples_leaf"": 5, ""min_samples_split"": 2, ""n_estimators"": 800}",False,False,rebuilt,,,,,,
19eab26a51f3c1be,rf,full,False,0.7821011673151751,0.0,0.766200292931996,0.6324541530052274,154.89,"{""class_weight_mode"": ""balanced_subsample"", ""max_depth"": 24, ""max_features"": 0.3, ""min_samples_leaf"": 2, ""n_estimators"": 1200}",False,False,rebuilt,,,,,,
0fa307879f270eab,rf,full,False,0.7821011673151751,0.0,0.7603413697747925,0.6325980570116229,188.02,"{""class_weight_mode"": ""balanced_subsample"", ""max_depth"": 24, ""max_features"": 0.3, ""min_samples_leaf"": 1, ""n_estimators"": 1200}",False,False,rebuilt,,,,,,
9ec11dd37ab8d6b3,rf,full,True,0.7821011673151751,0.0,0.7770126895829813,0.671265209885359,170.75,"{""class_weight_mode"": ""balanced"", ""max_depth"": 16, ""max_features"": 0.15574179899463103, ""min_samples_leaf"": 6, ""min_samples_split"": 9, ""n_estimators"": 1200}",False,False,rebuilt,,,,,,
332b3b44fd62aff6,rf,full,True,0.7821011673151751,0.0,0.7709210565919435,0.6530931100843544,160.01,"{""class_weight_mode"": ""balanced"", ""max_depth"": 16, ""max_features"": 0.2879281557324682, ""min_samples_leaf"": 5, ""min_samples_split"": 7, ""n_estimators"": 600}",False,False,rebuilt,,,,,,
d3b4c438fca5f656,rf,full,False,0.7821011673151751,0.0,0.766200292931996,0.6324541530052274,144.75,"{""class_weight_mode"": ""balanced_subsample"", ""max_depth"": null, ""max_features"": 0.3, ""min_samples_leaf"": 2, ""n_estimators"": 1200}",False,False,rebuilt,,,,,,
64def525de5a52e3,rf,full,False,0.7821011673151751,0.0,0.7664989353211671,0.6446901606503322,55.03,"{""class_weight_mode"": ""balanced_subsample"", ""max_depth"": null, ""max_features"": ""sqrt"", ""min_samples_leaf"": 1, ""n_estimators"": 1200}",False,False,rebuilt,,,,,,
57e27ee599e575ec,cat,full,False,0.7821011673151751,0.0,0.7653851707123036,0.6515500334129843,166.25,"{""class_weight_mode"": ""none"", ""depth"": 4, ""iterations"": 500, ""l2_leaf_reg"": 5.0, ""learning_rate"": 0.08}",False,False,rebuilt,,,,,,
2b1bd7419c1c7d58,rf,top120,True,0.7821011673151751,0.0,0.7684981762478257,0.6505881066003304,193.12,"{""class_weight_mode"": ""balanced"", ""max_depth"": 24, ""max_features"": 0.16058050998385356, ""min_samples_leaf"": 1, ""min_samples_split"": 12, ""n_estimators"": 1600}",False,False,rebuilt,,,,,,
59f450940f40db43,rf,full,True,0.7821011673151751,0.0,0.7741919739474565,0.6621518558306912,191.57,"{""class_weight_mode"": ""balanced"", ""max_depth"": 16, ""max_features"": 0.2662391041078002, ""min_samples_leaf"": 6, ""min_samples_split"": 8, ""n_estimators"": 800}",False,False,rebuilt,,,,,,
31d18fa3461037c9,rf,top120,False,0.7821011673151751,0.0,0.7639842097147951,0.6269653214397645,139.49,"{""class_weight_mode"": ""none"", ""max_depth"": null, ""max_features"": 0.21217633115058768, ""min_samples_leaf"": 1, ""min_samples_split"": 2, ""n_estimators"": 1600}",False,False,rebuilt,,,,,,
e8d43349056f6663,rf,full,False,0.7821011673151751,0.0,0.757841670554215,0.6339630420488332,68.53,"{""class_weight_mode"": ""none"", ""max_depth"": null, ""max_features"": 0.3, ""min_samples_leaf"": 2, ""n_estimators"": 600}",False,False,rebuilt,,,,,,
953fadad9d956a9f,rf,full,False,0.7821011673151751,0.0,0.7664989353211671,0.6447025425582898,55.3,"{""class_weight_mode"": ""balanced_subsample"", ""max_depth"": 24, ""max_features"": ""sqrt"", ""min_samples_leaf"": 1, ""n_estimators"": 1200}",False,False,rebuilt,,,,,,
0ba90ba3a1995275,rf,full,False,0.7821011673151751,0.0,0.7738661475600989,0.6520752608330294,41.4,"{""class_weight_mode"": ""balanced"", ""max_depth"": 24, ""max_features"": 0.10337178980268744, ""min_samples_leaf"": 1, ""min_samples_split"": 7, ""n_estimators"": 600}",False,False,rebuilt,,,,,,
0b627a5db50bf008,rf,full,False,0.7821011673151751,0.0,0.7603413697747925,0.6326675637957284,151.13,"{""class_weight_mode"": ""balanced_subsample"", ""max_depth"": null, ""max_features"": 0.3, ""min_samples_leaf"": 1, ""n_estimators"": 1200}",False,False,rebuilt,,,,,,
c89b4aa06d19c960,rf,full,True,0.7821011673151751,0.0,0.7668942987587151,0.6520121923486255,98.8,"{""class_weight_mode"": ""balanced"", ""max_depth"": 24, ""max_features"": 0.30166456384614376, ""min_samples_leaf"": 1, ""min_samples_split"": 12, ""n_estimators"": 400}",False,False,rebuilt,,,,,,
c8c2a3e61ea9ef2b,rf,full,False,0.7813229571984436,0.0,0.7751117162421277,0.6617804260821879,121.51,"{""class_weight_mode"": ""balanced"", ""max_depth"": 24, ""max_features"": 0.16096523909708196, ""min_samples_leaf"": 1, ""min_samples_split"": 12, ""n_estimators"": 1200}",False,False,rebuilt,,,,,,
a7b999e36b1ad12e,rf,full,True,0.7813229571984436,0.0,0.7657290054313141,0.6355751302093086,211.12,"{""class_weight_mode"": ""balanced_subsample"", ""max_depth"": 32, ""max_features"": 0.3507523284783839, ""min_samples_leaf"": 3, ""min_samples_split"": 6, ""n_estimators"": 600}",False,False,rebuilt,,,,,,
005a3a05f6742eef,rf,full,False,0.7813229571984436,0.0,0.7721840523955841,0.6704743547825476,58.02,"{""class_weight_mode"": ""balanced"", ""max_depth"": 24, ""max_features"": 0.05416763481672804, ""min_samples_leaf"": 1, ""min_samples_split"": 7, ""n_estimators"": 1400}",False,False,rebuilt,,,,,,
993be40c8baf860d,rf,full,False,0.7813229571984436,0.0,0.7659608422565262,0.630506036487402,69.67,"{""class_weight_mode"": ""balanced"", ""max_depth"": null, ""max_features"": 0.3, ""min_samples_leaf"": 2, ""n_estimators"": 600}",False,False,rebuilt,,,,,,
773310873231362f,rf,full,False,0.7813229571984436,0.0,0.758136729903768,0.6473474437867774,95.11,"{""class_weight_mode"": ""balanced_subsample"", ""max_depth"": 24, ""max_features"": 0.3, ""min_samples_leaf"": 1, ""n_estimators"": 600}",False,False,rebuilt,,,,,,
ab3b55ba4bf0858d,rf,full,False,0.7813229571984436,0.0,0.758136729903768,0.6474271713044961,76.21,"{""class_weight_mode"": ""balanced_subsample"", ""max_depth"": null, ""max_features"": 0.3, ""min_samples_leaf"": 1, ""n_estimators"": 600}",False,False,rebuilt,,,,,,
c16ef3b9e18484e0,rf,full,True,0.7813229571984436,0.0,0.7782554426844914,0.671458775257933,83.23,"{""class_weight_mode"": ""balanced"", ""max_depth"": 8, ""max_features"": 0.14014171378700818, ""min_samples_leaf"": 1, ""min_samples_split"": 10, ""n_estimators"": 600}",False,False,rebuilt,,,,,,
536ecc3e1f14f908,rf,full,False,0.7813229571984436,0.0,0.7659608422565262,0.630506036487402,107.22,"{""class_weight_mode"": ""balanced"", ""max_depth"": 24, ""max_features"": 0.3, ""min_samples_leaf"": 2, ""n_estimators"": 600}",False,False,rebuilt,,,,,,
123f7d77968795bd,rf,full,False,0.7805447470817121,0.0,0.7704173298952564,0.6593328594496157,37.66,"{""class_weight_mode"": ""balanced"", ""max_depth"": 24, ""max_features"": 0.21758897574466646, ""min_samples_leaf"": 1, ""min_samples_split"": 12, ""n_estimators"": 400}",False,False,rebuilt,,,,,,
4214c2071dd63306,rf,full,True,0.7805447470817121,0.0,0.775458794752726,0.6923452651677596,67.41,"{""class_weight_mode"": ""balanced"", ""max_depth"": 32, ""max_features"": 0.0628608992893401, ""min_samples_leaf"": 5, ""min_samples_split"": 8, ""n_estimators"": 1400}",False,False,rebuilt,,,,,,
83bb6dd380b85d8c,rf,full,False,0.7805447470817121,0.0,0.7657863579899169,0.6499521933335297,325.73,"{""class_weight_mode"": ""balanced_subsample"", ""max_depth"": null, ""max_features"": 0.32652300355443503, ""min_samples_leaf"": 1, ""min_samples_split"": 11, ""n_estimators"": 2000}",False,False,rebuilt,,,,,,
29c896c8a22e8b8c,cat,top120,False,0.7805447470817121,0.0,0.7621821282085516,0.6632169908787826,1148.68,"{""bagging_temperature"": 0.696029796674973, ""class_weight_mode"": ""none"", ""depth"": 6, ""iterations"": 1400, ""l2_leaf_reg"": 3.8994111577635797, ""learning_rate"": 0.016615566291523037, ""random_strength"": 3.89492303883841}",False,False,rebuilt,,,,,,
65817d773b68edd1,rf,full,True,0.7805447470817121,0.0,0.7646778569314405,0.6363727511693553,179.25,"{""class_weight_mode"": ""balanced"", ""max_depth"": null, ""max_features"": 0.39733561745849244, ""min_samples_leaf"": 1, ""min_samples_split"": 8, ""n_estimators"": 600}",False,False,rebuilt,,,,,,
ac3f5ebe7a53d5c2,rf,full,True,0.7805447470817121,0.0,0.7785995522766807,0.6987736925094138,85.09,"{""class_weight_mode"": ""balanced_subsample"", ""max_depth"": 8, ""max_features"": 0.052255967071134696, ""min_samples_leaf"": 1, ""min_samples_split"": 9, ""n_estimators"": 2000}",False,False,rebuilt,,,,,,
74319ae18d1708a3,rf,top120,True,0.7805447470817121,0.0,0.7612314250427021,0.6231248436256779,574.52,"{""class_weight_mode"": ""balanced"", ""max_depth"": 16, ""max_features"": 0.35032980744894626, ""min_samples_leaf"": 1, ""min_samples_split"": 2, ""n_estimators"": 2000}",False,False,rebuilt,,,,,,
0f7e975c87041477,rf,full,False,0.7805447470817121,0.0,0.7712096803935066,0.647490642539968,73.94,"{""class_weight_mode"": ""balanced"", ""max_depth"": 32, ""max_features"": 0.140248776047045, ""min_samples_leaf"": 1, ""min_samples_split"": 8, ""n_estimators"": 1000}",False,False,rebuilt,,,,,,
527664860a9c795c,rf,full,False,0.7797665369649806,0.0,0.7624364415534922,0.6436104310910772,75.3,"{""class_weight_mode"": ""balanced_subsample"", ""max_depth"": 12, ""max_features"": 0.3, ""min_samples_leaf"": 1, ""n_estimators"": 600}",False,False,rebuilt,,,,,,
20367419712e34d2,rf,top120,True,0.7797665369649806,0.0,0.7641424538059144,0.6495903377143327,80.5,"{""class_weight_mode"": ""balanced"", ""max_depth"": 16, ""max_features"": 0.3055968907720928, ""min_samples_leaf"": 2, ""min_samples_split"": 12, ""n_estimators"": 400}",False,False,rebuilt,,,,,,
3d001f1906bdae61,cat,full,False,0.7797665369649806,0.0,0.7605271309059642,0.6358456281781184,1928.67,"{""class_weight_mode"": ""balanced"", ""depth"": 8, ""iterations"": 500, ""l2_leaf_reg"": 1.0, ""learning_rate"": 0.08}",False,False,rebuilt,,,,,,
de17099138f7c1a6,rf,full,False,0.7797665369649806,0.0,0.7634175382740983,0.621711936322641,180.9,"{""class_weight_mode"": ""balanced"", ""max_depth"": 12, ""max_features"": 0.3, ""min_samples_leaf"": 1, ""n_estimators"": 1200}",False,False,rebuilt,,,,,,
3e765c8081b9b0b0,rf,full,False,0.7797665369649806,0.0,0.7723487737086058,0.7053202255360324,38.59,"{""class_weight_mode"": ""balanced_subsample"", ""max_depth"": 12, ""max_features"": ""log2"", ""min_samples_leaf"": 2, ""n_estimators"": 1200}",False,False,rebuilt,,,,,,
dd6f32212317e41c,rf,full,True,0.7797665369649806,0.0,0.774836969645287,0.6924443709873442,37.1,"{""class_weight_mode"": ""balanced"", ""max_depth"": 16, ""max_features"": 0.06520036536920493, ""min_samples_leaf"": 5, ""min_samples_split"": 9, ""n_estimators"": 800}",False,False,rebuilt,,,,,,
0cb4284eaecedd40,rf,full,False,0.7797665369649806,0.0,0.7691335549790173,0.6512127990721328,266.93,"{""class_weight_mode"": ""balanced_subsample"", ""max_depth"": 8, ""max_features"": 0.5136635474871958, ""min_samples_leaf"": 1, ""min_samples_split"": 2, ""n_estimators"": 1200}",False,False,rebuilt,,,,,,
28d75ec173d6c6fe,rf,top120,True,0.7797665369649806,0.0,0.7671687031847074,0.6622805353620563,768.61,"{""class_weight_mode"": ""balanced"", ""max_depth"": 24, ""max_features"": 0.719034916382835, ""min_samples_leaf"": 4, ""min_samples_split"": 10, ""n_estimators"": 1400}",False,False,rebuilt,,,,,,
43728006a3f9e267,rf,full,False,0.7797665369649806,0.0,0.773214764930372,0.6635613441437017,52.46,"{""class_weight_mode"": ""balanced_subsample"", ""max_depth"": 24, ""max_features"": 0.188723133226608, ""min_samples_leaf"": 2, ""min_samples_split"": 11, ""n_estimators"": 600}",False,False,rebuilt,,,,,,
c275df87053f5970,rf,full,False,0.778988326848249,0.0,0.7705140916690598,0.6555395407118305,199.03,"{""class_weight_mode"": ""balanced"", ""max_depth"": 32, ""max_features"": 0.1806036688816798, ""min_samples_leaf"": 1, ""min_samples_split"": 11, ""n_estimators"": 1800}",False,False,rebuilt,,,,,,
d911fd3d316baf00,rf,full,False,0.778988326848249,0.0,0.7628640644811712,0.6298263986661206,138.54,"{""class_weight_mode"": ""balanced"", ""max_depth"": 24, ""max_features"": 0.3, ""min_samples_leaf"": 2, ""n_estimators"": 1200}",False,False,rebuilt,,,,,,
d426f290a9097472,rf,full,False,0.778988326848249,0.0,0.7628640644811712,0.6298263986661206,139.65,"{""class_weight_mode"": ""balanced"", ""max_depth"": null, ""max_features"": 0.3, ""min_samples_leaf"": 2, ""n_estimators"": 1200}",False,False,rebuilt,,,,,,
d1cc03757af8ef1f,rf,full,False,0.778988326848249,0.0,0.7589121148639426,0.6207038490616062,72.45,"{""class_weight_mode"": ""balanced"", ""max_depth"": 12, ""max_features"": 0.3, ""min_samples_leaf"": 1, ""n_estimators"": 600}",False,False,rebuilt,,,,,,
ea1454f90098033b,rf,full,False,0.778988326848249,0.0,0.7628198794884701,0.6453974159363491,37.35,"{""class_weight_mode"": ""balanced"", ""max_depth"": null, ""max_features"": ""sqrt"", ""min_samples_leaf"": 1, ""n_estimators"": 1200}",False,False,rebuilt,,,,,,
90139c0fffde1b54,rf,full,False,0.778988326848249,0.0,0.7673258445127005,0.6644202364540419,25.54,"{""class_weight_mode"": ""balanced_subsample"", ""max_depth"": 24, ""max_features"": ""sqrt"", ""min_samples_leaf"": 2, ""n_estimators"": 600}",False,False,rebuilt,,,,,,
fe860ad2001d25bb,rf,full,True,0.778988326848249,0.0,0.7772009012396989,0.7028786642615819,46.0,"{""class_weight_mode"": ""balanced_subsample"", ""max_depth"": 8, ""max_features"": 0.05281619893928008, ""min_samples_leaf"": 3, ""min_samples_split"": 6, ""n_estimators"": 800}",False,False,rebuilt,,,,,,
f58ba59612b6195a,rf,full,True,0.778988326848249,0.0,0.7726737049813137,0.66414268259413,149.05,"{""class_weight_mode"": ""balanced"", ""max_depth"": 16, ""max_features"": 0.2318178737792221, ""min_samples_leaf"": 6, ""min_samples_split"": 9, ""n_estimators"": 1000}",False,False,rebuilt,,,,,,
ead64aa222a9c6c5,rf,top120,True,0.778988326848249,0.0,0.763442144711835,0.6744229691627177,399.35,"{""class_weight_mode"": ""none"", ""max_depth"": 16, ""max_features"": 0.6131533008436231, ""min_samples_leaf"": 5, ""min_samples_split"": 3, ""n_estimators"": 1000}",False,False,rebuilt,,,,,,
cdebfb124ca16fd6,rf,full,False,0.778988326848249,0.0,0.7673258445127005,0.6644202364540419,19.51,"{""class_weight_mode"": ""balanced_subsample"", ""max_depth"": null, ""max_features"": ""sqrt"", ""min_samples_leaf"": 2, ""n_estimators"": 600}",False,False,rebuilt,,,,,,
792dff956bf24b2e,cat,full,True,0.778988326848249,0.0,0.7605749131872827,0.6791230645269382,1133.48,"{""bagging_temperature"": 0.9758520794625346, ""class_weight_mode"": ""none"", ""depth"": 7, ""iterations"": 300, ""l2_leaf_reg"": 5.250140753920206, ""learning_rate"": 0.05051059796810741, ""random_strength"": 1.7124085847662276}",False,False,rebuilt,,,,,,
4ea5d083ef3f5e3b,rf,full,False,0.7782101167315175,0.0,0.7667163854854718,0.6641206937370032,39.35,"{""class_weight_mode"": ""balanced_subsample"", ""max_depth"": null, ""max_features"": ""sqrt"", ""min_samples_leaf"": 2, ""n_estimators"": 1200}",False,False,rebuilt,,,,,,
cdf841eee57a361c,rf,full,False,0.7782101167315175,0.0,0.7686108989254897,0.704964876182196,18.89,"{""class_weight_mode"": ""balanced_subsample"", ""max_depth"": 12, ""max_features"": ""log2"", ""min_samples_leaf"": 2, ""n_estimators"": 600}",False,False,rebuilt,,,,,,
f908abc60a526e7b,rf,full,False,0.7782101167315175,0.0,0.7691197675856205,0.6542064302594287,100.94,"{""class_weight_mode"": ""balanced_subsample"", ""max_depth"": 32, ""max_features"": 0.11580835772135152, ""min_samples_leaf"": 2, ""min_samples_split"": 7, ""n_estimators"": 1800}",False,False,rebuilt,,,,,,
8f30731e98a19099,cat,full,False,0.7782101167315175,0.0,0.7731237995847552,0.6655741457709379,205.15,"{""class_weight_mode"": ""balanced"", ""depth"": 4, ""iterations"": 500, ""l2_leaf_reg"": 5.0, ""learning_rate"": 0.08}",False,False,rebuilt,,,,,,
df8c46c7dab06b43,rf,full,True,0.7782101167315175,0.0,0.758245888590975,0.6603883547464672,135.93,"{""class_weight_mode"": ""none"", ""max_depth"": null, ""max_features"": 0.21803759453531107, ""min_samples_leaf"": 2, ""min_samples_split"": 12, ""n_estimators"": 600}",False,False,rebuilt,,,,,,
fc80f8cfce07710a,rf,full,False,0.7782101167315175,0.0,0.7623691516140657,0.645452473366326,48.42,"{""class_weight_mode"": ""balanced"", ""max_depth"": 24, ""max_features"": ""sqrt"", ""min_samples_leaf"": 1, ""n_estimators"": 1200}",False,False,rebuilt,,,,,,
d28c05ed45fa186f,rf,full,False,0.7782101167315175,0.0054474708171206,0.7562817115296472,0.6690701803919724,277.82,"{""max_features"": ""sqrt"", ""min_samples_leaf"": 1, ""n_estimators"": 1200}",True,False,rebuilt,0.7787289234760052,0.0048112158212688,0.7627956841966105,0.6688540719587186,,
72d2cf67b93d1e1b,rf,full,False,0.7782101167315175,0.0,0.762439033823106,0.647451019954547,24.38,"{""class_weight_mode"": ""balanced"", ""max_depth"": 24, ""max_features"": ""sqrt"", ""min_samples_leaf"": 1, ""n_estimators"": 600}",False,False,rebuilt,,,,,,
84abdf2f5fef517c,rf,full,False,0.7782101167315175,0.0,0.7596137789767534,0.645261945960034,26.37,"{""class_weight_mode"": ""balanced_subsample"", ""max_depth"": null, ""max_features"": ""sqrt"", ""min_samples_leaf"": 1, ""n_estimators"": 600}",False,False,rebuilt,,,,,,
977069ae0e63e572,rf,full,False,0.7782101167315175,0.0,0.7623962008897787,0.6473228590287331,25.85,"{""class_weight_mode"": ""balanced"", ""max_depth"": null, ""max_features"": ""sqrt"", ""min_samples_leaf"": 1, ""n_estimators"": 600}",False,False,rebuilt,,,,,,
d30577b1927f4971,rf,full,False,0.7782101167315175,0.0,0.7696130656045185,0.6640463664788175,20.0,"{""class_weight_mode"": ""balanced"", ""max_depth"": 12, ""max_features"": ""sqrt"", ""min_samples_leaf"": 2, ""n_estimators"": 600}",False,False,rebuilt,,,,,,
712262a1a03c36a5,rf,full,False,0.7782101167315175,0.0,0.7596137789767534,0.6452457403553059,28.38,"{""class_weight_mode"": ""balanced_subsample"", ""max_depth"": 24, ""max_features"": ""sqrt"", ""min_samples_leaf"": 1, ""n_estimators"": 600}",False,False,rebuilt,,,,,,
09bb85ff647a20e9,rf,full,False,0.7782101167315175,0.0,0.7538894030064248,0.6477951378681814,546.76,"{""class_weight_mode"": ""none"", ""max_depth"": null, ""max_features"": 0.7560986065823939, ""min_samples_leaf"": 3, ""min_samples_split"": 12, ""n_estimators"": 1400}",False,False,rebuilt,,,,,,
e94299aea860aaed,rf,full,False,0.7782101167315175,0.0,0.7667163854854718,0.6641206937370032,38.75,"{""class_weight_mode"": ""balanced_subsample"", ""max_depth"": 24, ""max_features"": ""sqrt"", ""min_samples_leaf"": 2, ""n_estimators"": 1200}",False,False,rebuilt,,,,,,
eba882937e90a4c7,rf,full,False,0.7778210116731518,0.0035019455252918,0.7578245434485178,0.6533965909542605,195.81,"{""max_features"": ""sqrt"", ""min_samples_leaf"": 1, ""n_estimators"": 1200}",False,False,rebuilt,0.7802853437094682,0.0056950709209079,0.7636584457974399,0.6541588343663202,,
09f8ee45a44b0209,rf,top120,True,0.777431906614786,0.0,0.7752737276701059,0.7011462027502374,91.14,"{""class_weight_mode"": ""balanced_subsample"", ""max_depth"": 8, ""max_features"": 0.06173259646120925, ""min_samples_leaf"": 1, ""min_samples_split"": 12, ""n_estimators"": 2000}",False,False,rebuilt,,,,,,
0912e2c51c1d31ed,rf,top120,True,0.777431906614786,0.0,0.7635953668793938,0.6474642787509198,385.13,"{""class_weight_mode"": ""none"", ""max_depth"": 32, ""max_features"": 0.5689388150631105, ""min_samples_leaf"": 1, ""min_samples_split"": 2, ""n_estimators"": 1200}",False,False,rebuilt,,,,,,
3b2b8205143731c8,rf,full,False,0.777431906614786,0.0,0.7718183498606523,0.6592866000448471,42.01,"{""class_weight_mode"": ""balanced"", ""max_depth"": 24, ""max_features"": 0.17136039587906238, ""min_samples_leaf"": 1, ""min_samples_split"": 12, ""n_estimators"": 600}",False,False,rebuilt,,,,,,
cc4cb603396f2d07,rf,full,False,0.777431906614786,0.0,0.7558198873209556,0.6290642534316063,92.71,"{""class_weight_mode"": ""balanced"", ""max_depth"": null, ""max_features"": 0.3, ""min_samples_leaf"": 1, ""n_estimators"": 600}",False,False,rebuilt,,,,,,
c2b0a3da2fdada5b,rf,full,False,0.777431906614786,0.0,0.7558198873209556,0.6291157602043931,91.05,"{""class_weight_mode"": ""balanced"", ""max_depth"": 24, ""max_features"": 0.3, ""min_samples_leaf"": 1, ""n_estimators"": 600}",False,False,rebuilt,,,,,,
7fdae7af846ee5d8,rf,full,False,0.777431906614786,0.0,0.7680938040640941,0.66196899568186,44.2,"{""class_weight_mode"": ""balanced_subsample"", ""max_depth"": 32, ""max_features"": 0.08609158368752347, ""min_samples_leaf"": 2, ""min_samples_split"": 6, ""n_estimators"": 1000}",False,False,rebuilt,,,,,,
03f22a0c9ef442ea,rf,full,True,0.7766536964980545,0.0,0.7589203705702845,0.6596271883501899,217.97,"{""class_weight_mode"": ""none"", ""max_depth"": 32, ""max_features"": 0.5736212855148088, ""min_samples_leaf"": 4, ""min_samples_split"": 5, ""n_estimators"": 600}",False,False,rebuilt,,,,,,
ee52136c003e5282,rf,full,False,0.7766536964980545,0.0,0.7652043341740296,0.644082774398974,37.82,"{""class_weight_mode"": ""balanced"", ""max_depth"": 12, ""max_features"": ""sqrt"", ""min_samples_leaf"": 1, ""n_estimators"": 1200}",False,False,rebuilt,,,,,,
8046f2f6236e1c28,cat,top120,True,0.7766536964980545,0.0,0.7600898776893892,0.6295701122506181,195.15,"{""bagging_temperature"": 0.27864646423661144, ""class_weight_mode"": ""none"", ""depth"": 4, ""iterations"": 600, ""l2_leaf_reg"": 3.193684098521171, ""learning_rate"": 0.062095693648805635, ""random_strength"": 0.12230968684637636}",False,False,rebuilt,,,,,,
8cdc20a4e43c96a1,cat,full,False,0.7766536964980545,0.0,0.7660404584739358,0.6502371600439932,2284.14,"{""class_weight_mode"": ""balanced"", ""depth"": 8, ""iterations"": 500, ""l2_leaf_reg"": 5.0, ""learning_rate"": 0.08}",False,False,rebuilt,,,,,,
76ca90c2bfc09655,rf,top120,True,0.7766536964980545,0.0,0.761366709839,0.6485285224364215,816.82,"{""class_weight_mode"": ""balanced"", ""max_depth"": 16, ""max_features"": 0.7263656159970528, ""min_samples_leaf"": 1, ""min_samples_split"": 6, ""n_estimators"": 1600}",False,False,rebuilt,,,,,,
d7a8b6b441e1a7cd,rf,full,False,0.7766536964980545,0.0,0.7621518726204064,0.6556463452499457,295.21,"{""class_weight_mode"": ""balanced"", ""max_depth"": null, ""max_features"": 0.6996321093312015, ""min_samples_leaf"": 4, ""min_samples_split"": 9, ""n_estimators"": 1000}",False,False,rebuilt,,,,,,
0bc093ba936a6d4f,rf,full,False,0.7766536964980545,0.0,0.7591071501718462,0.6332957078321714,226.77,"{""class_weight_mode"": ""balanced_subsample"", ""max_depth"": 12, ""max_features"": 0.3, ""min_samples_leaf"": 1, ""n_estimators"": 1200}",False,False,rebuilt,,,,,,
3812b9a66b6b03aa,cat,full,False,0.7766536964980545,0.0,0.773732862514844,0.696791253192028,209.08,"{""class_weight_mode"": ""balanced"", ""depth"": 4, ""iterations"": 500, ""l2_leaf_reg"": 1.0, ""learning_rate"": 0.03}",False,False,rebuilt,,,,,,
20d0950ead42d5eb,rf,top120,False,0.775875486381323,0.0,0.7673720156471812,0.6610744577883436,47.63,"{""class_weight_mode"": ""balanced"", ""max_depth"": null, ""max_features"": 0.08392046668290355, ""min_samples_leaf"": 2, ""min_samples_split"": 6, ""n_estimators"": 1600}",False,False,rebuilt,,,,,,
8eaa684c94aa2393,rf,full,True,0.775875486381323,0.0,0.7605710820107671,0.6628016601286182,569.67,"{""class_weight_mode"": ""none"", ""max_depth"": 12, ""max_features"": 0.56892139826952, ""min_samples_leaf"": 4, ""min_samples_split"": 4, ""n_estimators"": 1400}",False,False,rebuilt,,,,,,
3fde45c510acb4f7,rf,top120,False,0.775875486381323,0.0,0.7602380337719168,0.6415655772571216,437.13,"{""class_weight_mode"": ""balanced"", ""max_depth"": 12, ""max_features"": 0.7512584737023459, ""min_samples_leaf"": 3, ""min_samples_split"": 3, ""n_estimators"": 1800}",False,False,rebuilt,,,,,,
111597eac6d97a65,rf,full,False,0.775875486381323,0.0,0.7680578499800648,0.6598150282109362,54.65,"{""class_weight_mode"": ""balanced_subsample"", ""max_depth"": null, ""max_features"": 0.13822083060616008, ""min_samples_leaf"": 3, ""min_samples_split"": 2, ""n_estimators"": 600}",False,False,rebuilt,,,,,,
1ff35146f4282e77,rf,full,True,0.775875486381323,0.0,0.7713095927305884,0.66278934246157,65.51,"{""class_weight_mode"": ""balanced"", ""max_depth"": 8, ""max_features"": 0.2749129798469312, ""min_samples_leaf"": 2, ""min_samples_split"": 3, ""n_estimators"": 400}",False,False,rebuilt,,,,,,
7836b61a31c60761,cat,full,False,0.775875486381323,0.0,0.7675827679395116,0.6504126572591231,596.75,"{""class_weight_mode"": ""balanced"", ""depth"": 6, ""iterations"": 500, ""l2_leaf_reg"": 1.0, ""learning_rate"": 0.03}",False,False,rebuilt,,,,,,
99af1147adafb5d9,rf,full,False,0.775875486381323,0.0,0.7501874353423897,0.6589031227513171,44.26,"{""class_weight_mode"": ""none"", ""max_depth"": 12, ""max_features"": ""sqrt"", ""min_samples_leaf"": 1, ""n_estimators"": 1200}",False,False,rebuilt,,,,,,
12111248e463f9bb,rf,full,True,0.775875486381323,0.0,0.768987870868705,0.6624739591026713,242.28,"{""class_weight_mode"": ""balanced"", ""max_depth"": 8, ""max_features"": 0.2343405510833047, ""min_samples_leaf"": 1, ""min_samples_split"": 7, ""n_estimators"": 1200}",False,False,rebuilt,,,,,,
c4b55ee82f16e17b,cat,full,False,0.775875486381323,0.0,0.7402913492813096,0.6480153067572565,1953.2,"{""class_weight_mode"": ""none"", ""depth"": 8, ""iterations"": 500, ""l2_leaf_reg"": 1.0, ""learning_rate"": 0.08}",False,False,rebuilt,,,,,,
aa936bf62bdbd7dd,rf,full,False,0.775875486381323,0.0,0.7702778573957219,0.6815735203813218,121.44,"{""class_weight_mode"": ""balanced"", ""max_depth"": 16, ""max_features"": 0.09935865769534853, ""min_samples_leaf"": 2, ""min_samples_split"": 12, ""n_estimators"": 2000}",False,False,rebuilt,,,,,,
cb4f6655f8d3b3c4,rf,full,False,0.7750972762645915,0.0,0.7640273909472606,0.6450295164628843,23.75,"{""class_weight_mode"": ""balanced"", ""max_depth"": 12, ""max_features"": ""sqrt"", ""min_samples_leaf"": 1, ""n_estimators"": 600}",False,False,rebuilt,,,,,,
04a52811e898d290,rf,full,False,0.7750972762645915,0.0,0.7660724903981351,0.677200608851267,27.85,"{""class_weight_mode"": ""balanced"", ""max_depth"": null, ""max_features"": 0.06539337762907808, ""min_samples_leaf"": 2, ""min_samples_split"": 7, ""n_estimators"": 600}",False,False,rebuilt,,,,,,
c542b1799b1aa5ea,rf,full,False,0.7750972762645915,0.0,0.7695606660376626,0.7043087253155487,46.27,"{""class_weight_mode"": ""balanced_subsample"", ""max_depth"": 24, ""max_features"": ""sqrt"", ""min_samples_leaf"": 4, ""n_estimators"": 1200}",False,False,rebuilt,,,,,,
7884b303813dcb2d,cat,full,False,0.7750972762645915,0.0,0.7481888632636065,0.6221651087763899,478.97,"{""class_weight_mode"": ""none"", ""depth"": 6, ""iterations"": 500, ""l2_leaf_reg"": 1.0, ""learning_rate"": 0.08}",False,False,rebuilt,,,,,,
fc98d1510ff46148,rf,full,False,0.7750972762645915,0.0,0.7651523934860793,0.6646190389114129,18.3,"{""class_weight_mode"": ""balanced"", ""max_depth"": null, ""max_features"": ""sqrt"", ""min_samples_leaf"": 2, ""n_estimators"": 600}",False,False,rebuilt,,,,,,
96f58bdb997100b6,rf,full,False,0.7750972762645915,0.0,0.7644142679648764,0.6634866446347841,41.78,"{""class_weight_mode"": ""balanced"", ""max_depth"": 24, ""max_features"": ""sqrt"", ""min_samples_leaf"": 2, ""n_estimators"": 1200}",False,False,rebuilt,,,,,,
cc26c4199dd09bce,cat,full,True,0.7750972762645915,0.0,0.7579663037008617,0.6811770519671052,2843.47,"{""bagging_temperature"": 0.07404465173409036, ""class_weight_mode"": ""none"", ""depth"": 9, ""iterations"": 300, ""l2_leaf_reg"": 7.360091638366141, ""learning_rate"": 0.08310795711416077, ""random_strength"": 2.043455498416139}",False,False,rebuilt,,,,,,
eac0941ddb6438e1,rf,full,False,0.7750972762645915,0.0,0.7695606660376626,0.7043087253155487,46.42,"{""class_weight_mode"": ""balanced_subsample"", ""max_depth"": null, ""max_features"": ""sqrt"", ""min_samples_leaf"": 4, ""n_estimators"": 1200}",False,False,rebuilt,,,,,,
72343312b2a8edde,rf,full,True,0.7750972762645915,0.0,0.7713893363035076,0.6710994343681217,81.67,"{""class_weight_mode"": ""balanced"", ""max_depth"": 8, ""max_features"": 0.2301396593481385, ""min_samples_leaf"": 2, ""min_samples_split"": 12, ""n_estimators"": 400}",False,False,rebuilt,,,,,,
b86b7187873e31c0,rf,full,False,0.7750972762645915,0.0,0.7519698573925387,0.674209529327228,17.76,"{""class_weight_mode"": ""none"", ""max_depth"": 12, ""max_features"": ""sqrt"", ""min_samples_leaf"": 2, ""n_estimators"": 600}",False,False,rebuilt,,,,,,
d8a7782ede33e109,rf,full,False,0.7750972762645915,0.0,0.7651523934860793,0.6646190389114129,17.59,"{""class_weight_mode"": ""balanced"", ""max_depth"": 24, ""max_features"": ""sqrt"", ""min_samples_leaf"": 2, ""n_estimators"": 600}",False,False,rebuilt,,,,,,
4af04bd726347b03,rf,full,False,0.7750972762645915,0.0,0.7634893305340583,0.6503513047284469,100.45,"{""class_weight_mode"": ""balanced_subsample"", ""max_depth"": 32, ""max_features"": 0.2257762231932689, ""min_samples_leaf"": 3, ""min_samples_split"": 6, ""n_estimators"": 800}",False,False,rebuilt,,,,,,
dee912c36e54c9d9,rf,full,False,0.7750972762645915,0.0,0.7644142679648764,0.6634866446347841,51.89,"{""class_weight_mode"": ""balanced"", ""max_depth"": null, ""max_features"": ""sqrt"", ""min_samples_leaf"": 2, ""n_estimators"": 1200}",False,False,rebuilt,,,,,,
696932f4cd42804d,rf,full,False,0.77431906614786,0.0,0.7651545830142273,0.6467379901447087,26.27,"{""class_weight_mode"": ""balanced_subsample"", ""max_depth"": 12, ""max_features"": ""sqrt"", ""min_samples_leaf"": 1, ""n_estimators"": 600}",False,False,rebuilt,,,,,,
5d159ed57f576489,rf,full,False,0.77431906614786,0.0,0.76458678285578,0.6604455337669496,157.6,"{""class_weight_mode"": ""balanced"", ""max_depth"": 12, ""max_features"": 0.3, ""min_samples_leaf"": 4, ""n_estimators"": 1200}",False,False,rebuilt,,,,,,
421d4a58ba062096,rf,top120,True,0.77431906614786,0.0,0.7555149889191168,0.6568470293434396,52.04,"{""class_weight_mode"": ""none"", ""max_depth"": 32, ""max_features"": 0.22050240109831434, ""min_samples_leaf"": 1, ""min_samples_split"": 12, ""n_estimators"": 400}",False,False,rebuilt,,,,,,
10a6a6566fbca4d7,rf,full,False,0.77431906614786,0.0,0.7569517818220136,0.6840761197125939,21.86,"{""class_weight_mode"": ""balanced"", ""max_depth"": null, ""max_features"": ""log2"", ""min_samples_leaf"": 1, ""n_estimators"": 1200}",False,False,rebuilt,,,,,,
a012a45c012024cc,rf,full,False,0.77431906614786,0.0,0.7569517818220136,0.6841128149682588,26.11,"{""class_weight_mode"": ""balanced"", ""max_depth"": 24, ""max_features"": ""log2"", ""min_samples_leaf"": 1, ""n_estimators"": 1200}",False,False,rebuilt,,,,,,
cb59ac554feb4698,rf,top120,False,0.77431906614786,0.0,0.763010867970589,0.6532089925123715,217.78,"{""class_weight_mode"": ""balanced"", ""max_depth"": null, ""max_features"": 0.42138268258345263, ""min_samples_leaf"": 1, ""min_samples_split"": 12, ""n_estimators"": 2000}",False,False,rebuilt,,,,,,
8047dad641b51ec6,cat,full,True,0.77431906614786,0.0,0.77109629964177,0.6949580848253201,214.71,"{""bagging_temperature"": 0.808120379564417, ""class_weight_mode"": ""balanced"", ""depth"": 4, ""iterations"": 500, ""l2_leaf_reg"": 0.9062670253081011, ""learning_rate"": 0.02382184154464129, ""random_strength"": 3.797767944247853}",False,False,rebuilt,,,,,,
4f9a4f447873f641,rf,top120,False,0.77431906614786,0.0,0.7579156018010276,0.6443271339101623,257.83,"{""class_weight_mode"": ""balanced_subsample"", ""max_depth"": 12, ""max_features"": 0.6274951648239582, ""min_samples_leaf"": 2, ""min_samples_split"": 8, ""n_estimators"": 1400}",False,False,rebuilt,,,,,,
ecbf7406a426d406,rf,full,False,0.77431906614786,0.0,0.7527523646184247,0.6553570941037317,42.56,"{""class_weight_mode"": ""none"", ""max_depth"": null, ""max_features"": ""sqrt"", ""min_samples_leaf"": 1, ""n_estimators"": 1200}",False,False,rebuilt,,,,,,
c68d4b422732fcad,rf,full,False,0.77431906614786,0.0,0.7729317393928218,0.7032488869687674,36.19,"{""class_weight_mode"": ""balanced"", ""max_depth"": 8, ""max_features"": 0.07898414490580735, ""min_samples_leaf"": 2, ""min_samples_split"": 10, ""n_estimators"": 1000}",False,False,rebuilt,,,,,,
b2ea15ef40e058f4,cat,full,False,0.77431906614786,0.0,0.7698485980269186,0.688650650469834,333.81,"{""class_weight_mode"": ""balanced"", ""depth"": 4, ""iterations"": 1000, ""l2_leaf_reg"": 5.0, ""learning_rate"": 0.03}",False,False,rebuilt,,,,,,
6e18ba0391715594,rf,full,False,0.77431906614786,0.0,0.7527523646184247,0.6553807573106856,52.03,"{""class_weight_mode"": ""none"", ""max_depth"": 24, ""max_features"": ""sqrt"", ""min_samples_leaf"": 1, ""n_estimators"": 1200}",False,False,rebuilt,,,,,,
3d4a4990be641ac6,rf,full,False,0.7735408560311284,0.0,0.7677036715035647,0.6646582490608759,37.98,"{""class_weight_mode"": ""balanced_subsample"", ""max_depth"": 12, ""max_features"": ""sqrt"", ""min_samples_leaf"": 2, ""n_estimators"": 1200}",False,False,rebuilt,,,,,,
7404291a688fba7c,rf,full,False,0.7735408560311284,0.0,0.7672272550041592,0.6657297649291452,28.73,"{""class_weight_mode"": ""balanced"", ""max_depth"": 24, ""max_features"": 0.12196826538690342, ""min_samples_leaf"": 2, ""min_samples_split"": 10, ""n_estimators"": 400}",False,False,rebuilt,,,,,,
201e08c143ed45c2,rf,full,False,0.7735408560311284,0.0,0.7498942076460077,0.6572505296144262,24.74,"{""class_weight_mode"": ""none"", ""max_depth"": null, ""max_features"": ""sqrt"", ""min_samples_leaf"": 1, ""n_estimators"": 600}",False,False,rebuilt,,,,,,
78f1bd9d02307039,rf,full,False,0.7735408560311284,0.0,0.7651794913905263,0.6639521258381978,46.23,"{""class_weight_mode"": ""balanced"", ""max_depth"": 12, ""max_features"": ""sqrt"", ""min_samples_leaf"": 2, ""n_estimators"": 1200}",False,False,rebuilt,,,,,,
a2c88afed1025532,rf,full,False,0.7735408560311284,0.0,0.7628829855943836,0.657694527425202,184.38,"{""class_weight_mode"": ""balanced_subsample"", ""max_depth"": 32, ""max_features"": 0.23819227624924433, ""min_samples_leaf"": 2, ""min_samples_split"": 11, ""n_estimators"": 1400}",False,False,rebuilt,,,,,,
ceddcea0fee335d9,rf,full,False,0.7735408560311284,0.0,0.7658200500858157,0.6619028774252137,127.34,"{""class_weight_mode"": ""balanced"", ""max_depth"": 24, ""max_features"": 0.15548768318994016, ""min_samples_leaf"": 3, ""min_samples_split"": 8, ""n_estimators"": 1400}",False,False,rebuilt,,,,,,
2c56b2e1b84514fc,rf,full,False,0.7735408560311284,0.0,0.7517704087833923,0.6720579873846145,35.29,"{""class_weight_mode"": ""none"", ""max_depth"": null, ""max_features"": ""sqrt"", ""min_samples_leaf"": 2, ""n_estimators"": 1200}",False,False,rebuilt,,,,,,
7d13a497ceee7d39,rf,full,False,0.7735408560311284,0.0,0.7681928767967445,0.662983852776742,50.61,"{""class_weight_mode"": ""balanced_subsample"", ""max_depth"": 24, ""max_features"": 0.1741222314785084, ""min_samples_leaf"": 2, ""min_samples_split"": 11, ""n_estimators"": 600}",False,False,rebuilt,,,,,,
76d266cc604e4369,rf,full,False,0.7735408560311284,0.0,0.7666774574092299,0.6636495080454946,28.84,"{""class_weight_mode"": ""balanced_subsample"", ""max_depth"": 12, ""max_features"": ""sqrt"", ""min_samples_leaf"": 2, ""n_estimators"": 600}",False,False,rebuilt,,,,,,
9e2d458c26244d99,rf,full,False,0.7735408560311284,0.0,0.7517704087833923,0.6720579873846145,45.75,"{""class_weight_mode"": ""none"", ""max_depth"": 24, ""max_features"": ""sqrt"", ""min_samples_leaf"": 2, ""n_estimators"": 1200}",False,False,rebuilt,,,,,,
10bafa6c73647f21,rf,full,False,0.7735408560311284,0.0,0.7670792778240413,0.6686550600450683,42.49,"{""class_weight_mode"": ""balanced_subsample"", ""max_depth"": null, ""max_features"": 0.0948504305406852, ""min_samples_leaf"": 2, ""min_samples_split"": 9, ""n_estimators"": 1000}",False,False,rebuilt,,,,,,
2a0010187a416fdb,rf,full,False,0.7735408560311284,0.0,0.7498942076460077,0.6572505296144262,24.03,"{""class_weight_mode"": ""none"", ""max_depth"": 24, ""max_features"": ""sqrt"", ""min_samples_leaf"": 1, ""n_estimators"": 600}",False,False,rebuilt,,,,,,
d8042350c1329221,cat,full,False,0.7735408560311284,0.0,0.748923486733192,0.6707067389367368,393.63,"{""class_weight_mode"": ""none"", ""depth"": 4, ""iterations"": 1000, ""l2_leaf_reg"": 5.0, ""learning_rate"": 0.03}",False,False,rebuilt,,,,,,
67ec1c98cd03fcc9,xgb,top60,True,0.7731517509727627,0.0035019455252918,0.7562685193133799,0.6446746763341059,532.17,"{""learning_rate"": 0.05, ""max_depth"": 4, ""n_estimators"": 600}",False,False,rebuilt,0.7745784695201037,0.0067941898073716,0.7617239617209126,0.6161398512393796,,
268c1a1d74554bb6,rf,full,False,0.7727626459143969,0.0,0.7602298154489466,0.6851165794493703,33.94,"{""class_weight_mode"": ""balanced_subsample"", ""max_depth"": 12, ""max_features"": ""log2"", ""min_samples_leaf"": 1, ""n_estimators"": 1200}",False,False,rebuilt,,,,,,
072b012e6987ddae,rf,full,False,0.7727626459143969,0.0,0.7683042065880643,0.7026100582311745,23.42,"{""class_weight_mode"": ""balanced_subsample"", ""max_depth"": 12, ""max_features"": ""sqrt"", ""min_samples_leaf"": 4, ""n_estimators"": 600}",False,False,rebuilt,,,,,,
1ea26612930b937b,rf,full,False,0.7727626459143969,0.0,0.7679373606381708,0.7026846943893842,36.39,"{""class_weight_mode"": ""balanced"", ""max_depth"": 12, ""max_features"": ""sqrt"", ""min_samples_leaf"": 4, ""n_estimators"": 1200}",False,False,rebuilt,,,,,,
ece68475c129a141,rf,full,False,0.7727626459143969,0.0,0.7625389754131343,0.6609207535548945,69.38,"{""class_weight_mode"": ""balanced"", ""max_depth"": 12, ""max_features"": 0.3, ""min_samples_leaf"": 4, ""n_estimators"": 600}",False,False,rebuilt,,,,,,
58a5fe25990b58f5,rf,top120,True,0.7727626459143969,0.0,0.7573969994430783,0.6757678956755161,594.64,"{""class_weight_mode"": ""none"", ""max_depth"": 12, ""max_features"": 0.7462389219407941, ""min_samples_leaf"": 3, ""min_samples_split"": 12, ""n_estimators"": 1400}",False,False,rebuilt,,,,,,
1721630b4ce789c6,rf,top120,True,0.7727626459143969,0.0,0.7630776365328061,0.6755073584278606,842.93,"{""class_weight_mode"": ""balanced_subsample"", ""max_depth"": null, ""max_features"": 0.6468445020770759, ""min_samples_leaf"": 6, ""min_samples_split"": 5, ""n_estimators"": 1800}",False,False,rebuilt,,,,,,
8ffe143a1699b682,rf,full,False,0.7719844357976654,0.0,0.7446349152751355,0.6944624414357262,29.67,"{""class_weight_mode"": ""none"", ""max_depth"": 24, ""max_features"": ""log2"", ""min_samples_leaf"": 1, ""n_estimators"": 1200}",False,False,rebuilt,,,,,,
ed64467f41738503,cat,full,False,0.7719844357976654,0.0,0.7632817290172171,0.7412353661563733,1530.25,"{""class_weight_mode"": ""balanced"", ""depth"": 8, ""iterations"": 500, ""l2_leaf_reg"": 5.0, ""learning_rate"": 0.03}",False,False,rebuilt,,,,,,
f260ef15158be5a7,rf,full,False,0.7719844357976654,0.0,0.7660016657200068,0.7016739985585331,43.74,"{""class_weight_mode"": ""balanced"", ""max_depth"": 24, ""max_features"": ""sqrt"", ""min_samples_leaf"": 4, ""n_estimators"": 1200}",False,False,rebuilt,,,,,,
406fad4bcb01fe1b,rf,full,False,0.7719844357976654,0.0,0.7539606141953257,0.6853045227659463,36.31,"{""class_weight_mode"": ""balanced_subsample"", ""max_depth"": null, ""max_features"": ""log2"", ""min_samples_leaf"": 1, ""n_estimators"": 1200}",False,False,rebuilt,,,,,,
cba05f41fddb4df8,rf,full,True,0.7719844357976654,0.0,0.7667128311591964,0.6693337576041173,330.79,"{""class_weight_mode"": ""balanced"", ""max_depth"": 8, ""max_features"": 0.2790980639846373, ""min_samples_leaf"": 2, ""min_samples_split"": 10, ""n_estimators"": 1600}",False,False,rebuilt,,,,,,
6a4bf447c3f4ac49,rf,full,False,0.7719844357976654,0.0,0.7569942621359861,0.7071618890423796,33.28,"{""class_weight_mode"": ""balanced"", ""max_depth"": 24, ""max_features"": ""log2"", ""min_samples_leaf"": 2, ""n_estimators"": 1200}",False,False,rebuilt,,,,,,
28efe2740a675c89,rf,full,False,0.7719844357976654,0.0,0.7672115785982934,0.7042437456004854,47.55,"{""class_weight_mode"": ""balanced_subsample"", ""max_depth"": 12, ""max_features"": ""sqrt"", ""min_samples_leaf"": 4, ""n_estimators"": 1200}",False,False,rebuilt,,,,,,
1ee386948c3d5710,rf,full,False,0.7719844357976654,0.0,0.7539606141953257,0.6853454388053839,24.47,"{""class_weight_mode"": ""balanced_subsample"", ""max_depth"": 24, ""max_features"": ""log2"", ""min_samples_leaf"": 1, ""n_estimators"": 1200}",False,False,rebuilt,,,,,,
66373c6975c5b1f1,rf,full,False,0.7719844357976654,0.0,0.7660016657200068,0.7016739985585331,42.63,"{""class_weight_mode"": ""balanced"", ""max_depth"": null, ""max_features"": ""sqrt"", ""min_samples_leaf"": 4, ""n_estimators"": 1200}",False,False,rebuilt,,,,,,
e293bfb9ce708b35,rf,full,False,0.7719844357976654,0.0,0.7605868089398966,0.6604392319235372,154.46,"{""class_weight_mode"": ""balanced_subsample"", ""max_depth"": null, ""max_features"": 0.32583734953943994, ""min_samples_leaf"": 4, ""min_samples_split"": 8, ""n_estimators"": 1200}",False,False,rebuilt,,,,,,
55638df548ac2b4f,rf,full,False,0.7719844357976654,0.0,0.767268154103706,0.6742234446798954,26.62,"{""class_weight_mode"": ""balanced"", ""max_depth"": 8, ""max_features"": 0.1905705950947117, ""min_samples_leaf"": 3, ""min_samples_split"": 7, ""n_estimators"": 400}",False,False,rebuilt,,,,,,
901c2fd9ab5de93f,rf,full,False,0.7719844357976654,0.0,0.7630570024270529,0.7088947270901217,15.33,"{""class_weight_mode"": ""balanced"", ""max_depth"": 12, ""max_features"": ""log2"", ""min_samples_leaf"": 2, ""n_estimators"": 600}",False,False,rebuilt,,,,,,
a5eba5f57dcbfbcd,rf,full,False,0.7719844357976654,0.0,0.7616473360744158,0.7096195640132111,27.54,"{""class_weight_mode"": ""balanced"", ""max_depth"": 12, ""max_features"": ""log2"", ""min_samples_leaf"": 2, ""n_estimators"": 1200}",False,False,rebuilt,,,,,,
02b81e609d46a20d,rf,full,False,0.7719844357976654,0.0,0.7619870676168906,0.6596167871158464,127.47,"{""class_weight_mode"": ""balanced"", ""max_depth"": null, ""max_features"": 0.3, ""min_samples_leaf"": 4, ""n_estimators"": 1200}",False,False,rebuilt,,,,,,
f6f233633f2a85ae,rf,full,False,0.7719844357976654,0.0,0.7569942621359861,0.7071618890423796,28.44,"{""class_weight_mode"": ""balanced"", ""max_depth"": null, ""max_features"": ""log2"", ""min_samples_leaf"": 2, ""n_estimators"": 1200}",False,False,rebuilt,,,,,,
ef2021b07185df27,lgbm,full,True,0.7719844357976654,0.0,0.7680263320345043,0.7011492569528539,71.11,"{""class_weight_mode"": ""balanced"", ""colsample_bytree"": 0.6559994838152918, ""learning_rate"": 0.010987283063579408, ""min_child_samples"": 27, ""n_estimators"": 300, ""num_leaves"": 16, ""reg_alpha"": 0.008358425539630955, ""reg_lambda"": 8.007014729318678, ""subsample"": 0.6571779905381634, ""subsample_freq"": 1}",False,False,rebuilt,,,,,,
92fe3b6e902ba8dd,rf,full,False,0.7719844357976654,0.0,0.7461341230932379,0.660349303798679,18.45,"{""class_weight_mode"": ""none"", ""max_depth"": 12, ""max_features"": ""sqrt"", ""min_samples_leaf"": 1, ""n_estimators"": 600}",False,False,rebuilt,,,,,,
bc820e49b5f156c4,rf,full,False,0.7719844357976654,0.0,0.7619870676168906,0.6596167871158464,158.21,"{""class_weight_mode"": ""balanced"", ""max_depth"": 24, ""max_features"": 0.3, ""min_samples_leaf"": 4, ""n_estimators"": 1200}",False,False,rebuilt,,,,,,
975b993c55591c6c,rf,full,False,0.7719844357976654,0.0,0.7476986053475938,0.6737362836322154,35.1,"{""class_weight_mode"": ""none"", ""max_depth"": 12, ""max_features"": ""sqrt"", ""min_samples_leaf"": 2, ""n_estimators"": 1200}",False,False,rebuilt,,,,,,
534f61ddabba79f7,cat,full,True,0.7712062256809339,0.0,0.7625028281937339,0.7238602429009318,3405.64,"{""bagging_temperature"": 0.3601906414112629, ""class_weight_mode"": ""balanced"", ""depth"": 8, ""iterations"": 600, ""l2_leaf_reg"": 0.5738574752602987, ""learning_rate"": 0.010956749686519971, ""random_strength"": 2.497892120906853}",False,False,rebuilt,,,,,,
364bdced1154196a,rf,full,False,0.7712062256809339,0.0,0.7649807901134029,0.7015428488441443,16.32,"{""class_weight_mode"": ""balanced"", ""max_depth"": null, ""max_features"": ""sqrt"", ""min_samples_leaf"": 4, ""n_estimators"": 600}",False,False,rebuilt,,,,,,
d3e3ce6ad9199c49,rf,full,False,0.7712062256809339,0.0,0.7575230762245896,0.70622458235123,10.45,"{""class_weight_mode"": ""balanced"", ""max_depth"": 24, ""max_features"": ""log2"", ""min_samples_leaf"": 2, ""n_estimators"": 600}",False,False,rebuilt,,,,,,
901c6d6159c5ad8f,cat,full,False,0.7712062256809339,0.0,0.7419285375807104,0.6531141002508841,492.57,"{""class_weight_mode"": ""none"", ""depth"": 6, ""iterations"": 500, ""l2_leaf_reg"": 1.0, ""learning_rate"": 0.03}",False,False,rebuilt,,,,,,
b9cdc8d6cb404966,rf,full,False,0.7712062256809339,0.0,0.7575230762245896,0.70622458235123,16.3,"{""class_weight_mode"": ""balanced"", ""max_depth"": null, ""max_features"": ""log2"", ""min_samples_leaf"": 2, ""n_estimators"": 600}",False,False,rebuilt,,,,,,
e9b6f67356ced591,rf,full,False,0.7712062256809339,0.0,0.7468194135507522,0.6730974837872475,25.98,"{""class_weight_mode"": ""none"", ""max_depth"": null, ""max_features"": ""sqrt"", ""min_samples_leaf"": 2, ""n_estimators"": 600}",False,False,rebuilt,,,,,,
5e092e6d2044c0b6,rf,full,False,0.7712062256809339,0.0,0.7462201156090162,0.6639118427734867,120.56,"{""class_weight_mode"": ""none"", ""max_depth"": 24, ""max_features"": 0.13894628759812425, ""min_samples_leaf"": 2, ""min_samples_split"": 10, ""n_estimators"": 2000}",False,False,rebuilt,,,,,,
1f0ca17a9cb0d702,rf,top120,True,0.7712062256809339,0.0,0.7651787275624778,0.6775874181928728,211.12,"{""class_weight_mode"": ""balanced"", ""max_depth"": 8, ""max_features"": 0.15761087088225523, ""min_samples_leaf"": 4, ""min_samples_split"": 6, ""n_estimators"": 2000}",False,False,rebuilt,,,,,,
959e210611975b8b,rf,full,False,0.7712062256809339,0.0,0.7536490475079345,0.6858849922057545,17.71,"{""class_weight_mode"": ""balanced_subsample"", ""max_depth"": 24, ""max_features"": ""log2"", ""min_samples_leaf"": 1, ""n_estimators"": 600}",False,False,rebuilt,,,,,,
ad1dc6c0358c1b1a,rf,full,False,0.7712062256809339,0.0,0.7468194135507522,0.6730974837872475,28.03,"{""class_weight_mode"": ""none"", ""max_depth"": 24, ""max_features"": ""sqrt"", ""min_samples_leaf"": 2, ""n_estimators"": 600}",False,False,rebuilt,,,,,,
0a411cf1cdd19372,rf,full,False,0.7712062256809339,0.0,0.7433873831200255,0.694455859258191,22.65,"{""class_weight_mode"": ""none"", ""max_depth"": null, ""max_features"": ""log2"", ""min_samples_leaf"": 1, ""n_estimators"": 1200}",False,False,rebuilt,,,,,,
49e0d19522246a50,rf,full,False,0.7712062256809339,0.0,0.7589081401660132,0.6843386302194638,28.9,"{""class_weight_mode"": ""balanced"", ""max_depth"": 12, ""max_features"": ""log2"", ""min_samples_leaf"": 1, ""n_estimators"": 1200}",False,False,rebuilt,,,,,,
0b455ede76f9c7d8,rf,full,False,0.7712062256809339,0.0,0.7649807901134029,0.7015428488441443,25.46,"{""class_weight_mode"": ""balanced"", ""max_depth"": 24, ""max_features"": ""sqrt"", ""min_samples_leaf"": 4, ""n_estimators"": 600}",False,False,rebuilt,,,,,,
bb4ed3dc17ec8369,rf,full,False,0.7712062256809339,0.0,0.7667483003779649,0.7025342671537479,18.81,"{""class_weight_mode"": ""balanced"", ""max_depth"": 12, ""max_features"": ""sqrt"", ""min_samples_leaf"": 4, ""n_estimators"": 600}",False,False,rebuilt,,,,,,
bbac747fc1b851b6,rf,full,False,0.7704280155642024,0.0,0.7441076747959839,0.6531713165005554,200.01,"{""class_weight_mode"": ""none"", ""max_depth"": 24, ""max_features"": 0.30427234328652547, ""min_samples_leaf"": 3, ""min_samples_split"": 9, ""n_estimators"": 1200}",False,False,rebuilt,,,,,,
2d8c1eb32d9d9acf,rf,full,False,0.7704280155642024,0.0,0.7431458623879499,0.6600483808362674,95.66,"{""class_weight_mode"": ""none"", ""max_depth"": 24, ""max_features"": 0.3, ""min_samples_leaf"": 4, ""n_estimators"": 600}",False,False,rebuilt,,,,,,
703db9d6baa02cd9,rf,full,False,0.7704280155642024,0.0,0.7528467557190911,0.6858348713903349,12.71,"{""class_weight_mode"": ""balanced_subsample"", ""max_depth"": null, ""max_features"": ""log2"", ""min_samples_leaf"": 1, ""n_estimators"": 600}",False,False,rebuilt,,,,,,
0c3ba4f42cc15bb8,rf,full,False,0.7704280155642024,0.0,0.7431458623879499,0.6600483808362674,79.17,"{""class_weight_mode"": ""none"", ""max_depth"": null, ""max_features"": 0.3, ""min_samples_leaf"": 4, ""n_estimators"": 600}",False,False,rebuilt,,,,,,
f28d18383bc91810,rf,full,False,0.7704280155642024,0.0,0.7597425360944178,0.6614151640252351,130.7,"{""class_weight_mode"": ""balanced_subsample"", ""max_depth"": 12, ""max_features"": 0.3, ""min_samples_leaf"": 4, ""n_estimators"": 1200}",False,False,rebuilt,,,,,,
35e165b6ae0bbcbd,rf,full,False,0.7704280155642024,0.0,0.7410710542272613,0.6577051234334791,138.13,"{""class_weight_mode"": ""none"", ""max_depth"": null, ""max_features"": 0.3, ""min_samples_leaf"": 4, ""n_estimators"": 1200}",False,False,rebuilt,,,,,,
69840f18086b2c44,rf,full,False,0.7704280155642024,0.0,0.7649812331673193,0.7038130062579998,23.54,"{""class_weight_mode"": ""balanced_subsample"", ""max_depth"": 24, ""max_features"": ""sqrt"", ""min_samples_leaf"": 4, ""n_estimators"": 600}",False,False,rebuilt,,,,,,
27f08e303855970c,rf,full,False,0.7704280155642024,0.0,0.7410710542272613,0.6577051234334791,156.92,"{""class_weight_mode"": ""none"", ""max_depth"": 24, ""max_features"": 0.3, ""min_samples_leaf"": 4, ""n_estimators"": 1200}",False,False,rebuilt,,,,,,
0252430a6ae70870,rf,full,False,0.7704280155642024,0.0,0.7616606925089852,0.6453839243690372,40.38,"{""class_weight_mode"": ""balanced_subsample"", ""max_depth"": 12, ""max_features"": ""sqrt"", ""min_samples_leaf"": 1, ""n_estimators"": 1200}",False,False,rebuilt,,,,,,
76ea539dd054b32d,rf,full,False,0.7704280155642024,0.0,0.7649812331673193,0.7038130062579998,20.57,"{""class_weight_mode"": ""balanced_subsample"", ""max_depth"": null, ""max_features"": ""sqrt"", ""min_samples_leaf"": 4, ""n_estimators"": 600}",False,False,rebuilt,,,,,,
e5cca657927b6468,rf,full,False,0.7696498054474709,0.0,0.7589352056333796,0.7072366015497706,34.11,"{""class_weight_mode"": ""balanced_subsample"", ""max_depth"": null, ""max_features"": ""log2"", ""min_samples_leaf"": 2, ""n_estimators"": 1200}",False,False,rebuilt,,,,,,
22f73fb1e46d52de,rf,full,False,0.7696498054474709,0.0,0.7587466830125221,0.6616821024874476,81.07,"{""class_weight_mode"": ""balanced_subsample"", ""max_depth"": 12, ""max_features"": 0.3, ""min_samples_leaf"": 4, ""n_estimators"": 600}",False,False,rebuilt,,,,,,
5e1202edf564572e,cat,full,False,0.7696498054474709,0.0,0.7462585644061078,0.6849585303465234,166.86,"{""class_weight_mode"": ""none"", ""depth"": 4, ""iterations"": 500, ""l2_leaf_reg"": 1.0, ""learning_rate"": 0.03}",False,False,rebuilt,,,,,,
6a696877df27cacd,rf,top120,False,0.7696498054474709,0.0,0.7458779899925272,0.657218423724181,173.27,"{""class_weight_mode"": ""none"", ""max_depth"": null, ""max_features"": 0.338223861959251, ""min_samples_leaf"": 4, ""min_samples_split"": 10, ""n_estimators"": 1600}",False,False,rebuilt,,,,,,
562646b6689a4ce9,rf,full,False,0.7696498054474709,0.0,0.7554449024759415,0.7065504176815643,16.25,"{""class_weight_mode"": ""balanced_subsample"", ""max_depth"": 24, ""max_features"": ""log2"", ""min_samples_leaf"": 2, ""n_estimators"": 600}",False,False,rebuilt,,,,,,
89b3a385021c491f,rf,full,False,0.7696498054474709,0.0,0.7589352056333796,0.7072366015497706,33.75,"{""class_weight_mode"": ""balanced_subsample"", ""max_depth"": 24, ""max_features"": ""log2"", ""min_samples_leaf"": 2, ""n_estimators"": 1200}",False,False,rebuilt,,,,,,
a0dc84437b465e6e,rf,full,False,0.7696498054474709,0.0,0.7544970158650951,0.6693281884895005,125.14,"{""class_weight_mode"": ""balanced_subsample"", ""max_depth"": null, ""max_features"": 0.5967553760307405, ""min_samples_leaf"": 5, ""min_samples_split"": 2, ""n_estimators"": 400}",False,False,rebuilt,,,,,,
228993a9b7859bd7,rf,full,False,0.7696498054474709,0.0,0.7554449024759415,0.7065504176815643,12.59,"{""class_weight_mode"": ""balanced_subsample"", ""max_depth"": null, ""max_features"": ""log2"", ""min_samples_leaf"": 2, ""n_estimators"": 600}",False,False,rebuilt,,,,,,
8af030e3f9c5bfb7,rf,full,False,0.7688715953307393,0.0,0.7632988355394862,0.7585549721972309,12.89,"{""class_weight_mode"": ""balanced"", ""max_depth"": 12, ""max_features"": ""log2"", ""min_samples_leaf"": 4, ""n_estimators"": 600}",False,False,rebuilt,,,,,,
e2c437a6403402a2,cat,full,False,0.7688715953307393,0.0,0.7549034690118628,0.6686884848581103,1962.69,"{""class_weight_mode"": ""balanced"", ""depth"": 8, ""iterations"": 500, ""l2_leaf_reg"": 1.0, ""learning_rate"": 0.03}",False,False,rebuilt,,,,,,
9e9c74a5acc04f88,rf,full,False,0.7688715953307393,0.0,0.7581691775586779,0.6611576479856862,170.73,"{""class_weight_mode"": ""balanced_subsample"", ""max_depth"": null, ""max_features"": 0.3, ""min_samples_leaf"": 4, ""n_estimators"": 1200}",False,False,rebuilt,,,,,,
1a17e65973565d85,rf,full,False,0.7688715953307393,0.0,0.7581691775586779,0.6611576479856862,164.22,"{""class_weight_mode"": ""balanced_subsample"", ""max_depth"": 24, ""max_features"": 0.3, ""min_samples_leaf"": 4, ""n_estimators"": 1200}",False,False,rebuilt,,,,,,
be35082261fcb910,rf,full,False,0.7688715953307393,0.0,0.762406254562239,0.7576961825920273,27.6,"{""class_weight_mode"": ""balanced"", ""max_depth"": 24, ""max_features"": ""log2"", ""min_samples_leaf"": 4, ""n_estimators"": 1200}",False,False,rebuilt,,,,,,
e0bef8c7e4d5a953,rf,full,False,0.7688715953307393,0.0,0.762406254562239,0.7576961825920273,26.77,"{""class_weight_mode"": ""balanced"", ""max_depth"": null, ""max_features"": ""log2"", ""min_samples_leaf"": 4, ""n_estimators"": 1200}",False,False,rebuilt,,,,,,
8d6263c92a644bc9,rf,full,False,0.7688715953307393,0.0,0.7621328159199287,0.7572077671899102,15.19,"{""class_weight_mode"": ""balanced_subsample"", ""max_depth"": 24, ""max_features"": ""log2"", ""min_samples_leaf"": 4, ""n_estimators"": 600}",False,False,rebuilt,,,,,,
ff6d89eeaa30adb5,rf,full,False,0.7688715953307393,0.0,0.7621328159199287,0.7572077671899102,11.41,"{""class_weight_mode"": ""balanced_subsample"", ""max_depth"": null, ""max_features"": ""log2"", ""min_samples_leaf"": 4, ""n_estimators"": 600}",False,False,rebuilt,,,,,,
ee174dd37a473ff2,rf,full,True,0.7680933852140078,0.0,0.76136297240106,0.6808685107172383,452.94,"{""class_weight_mode"": ""balanced_subsample"", ""max_depth"": 16, ""max_features"": 0.6836958750376996, ""min_samples_leaf"": 6, ""min_samples_split"": 5, ""n_estimators"": 1000}",False,False,rebuilt,,,,,,
9b86f1e6d18d3c16,rf,full,False,0.7680933852140078,0.0,0.7428094032319109,0.6993096566107441,10.84,"{""class_weight_mode"": ""none"", ""max_depth"": 12, ""max_features"": ""log2"", ""min_samples_leaf"": 1, ""n_estimators"": 600}",False,False,rebuilt,,,,,,
122a2fe44be68296,rf,full,False,0.7680933852140078,0.0,0.7566188413956869,0.6607988409499908,79.01,"{""class_weight_mode"": ""balanced_subsample"", ""max_depth"": 24, ""max_features"": 0.3, ""min_samples_leaf"": 4, ""n_estimators"": 600}",False,False,rebuilt,,,,,,
f5cc81703cb43315,rf,full,False,0.7680933852140078,0.0,0.7569959653389925,0.6606196685614241,79.39,"{""class_weight_mode"": ""balanced"", ""max_depth"": 24, ""max_features"": 0.3, ""min_samples_leaf"": 4, ""n_estimators"": 600}",False,False,rebuilt,,,,,,
5a305e86633e94af,rf,full,False,0.7680933852140078,0.0,0.7572594146806271,0.6689852202273898,197.23,"{""class_weight_mode"": ""balanced"", ""max_depth"": 12, ""max_features"": 0.39205248816277694, ""min_samples_leaf"": 5, ""min_samples_split"": 4, ""n_estimators"": 1200}",False,False,rebuilt,,,,,,
d4ccde1d6521a43a,rf,full,False,0.7680933852140078,0.0,0.7432004999602988,0.7180517383574299,12.55,"{""class_weight_mode"": ""none"", ""max_depth"": null, ""max_features"": ""log2"", ""min_samples_leaf"": 2, ""n_estimators"": 600}",False,False,rebuilt,,,,,,
8840387401ab3f13,rf,full,False,0.7680933852140078,0.0,0.741524433309593,0.6586179053391875,68.44,"{""class_weight_mode"": ""none"", ""max_depth"": 12, ""max_features"": 0.3, ""min_samples_leaf"": 4, ""n_estimators"": 600}",False,False,rebuilt,,,,,,
7844608d442657cc,rf,full,False,0.7680933852140078,0.0,0.7569959653389925,0.6606196685614241,79.26,"{""class_weight_mode"": ""balanced"", ""max_depth"": null, ""max_features"": 0.3, ""min_samples_leaf"": 4, ""n_estimators"": 600}",False,False,rebuilt,,,,,,
0bd0697c7e277e05,rf,full,False,0.7680933852140078,0.0,0.7566188413956869,0.6607988409499908,65.53,"{""class_weight_mode"": ""balanced_subsample"", ""max_depth"": null, ""max_features"": 0.3, ""min_samples_leaf"": 4, ""n_estimators"": 600}",False,False,rebuilt,,,,,,
2a87f321b9ec9c96,rf,full,False,0.7680933852140078,0.0,0.7370482736712611,0.6582994241112234,125.73,"{""class_weight_mode"": ""none"", ""max_depth"": 12, ""max_features"": 0.3, ""min_samples_leaf"": 4, ""n_estimators"": 1200}",False,False,rebuilt,,,,,,
68cf05c0ae8e60d9,rf,full,False,0.7680933852140078,0.0,0.7623109909898372,0.7586371184686368,30.16,"{""class_weight_mode"": ""balanced"", ""max_depth"": 12, ""max_features"": ""log2"", ""min_samples_leaf"": 4, ""n_estimators"": 1200}",False,False,rebuilt,,,,,,
8ea9c2589202e29c,rf,full,False,0.7680933852140078,0.0,0.7432004999602988,0.7180517383574299,14.27,"{""class_weight_mode"": ""none"", ""max_depth"": 24, ""max_features"": ""log2"", ""min_samples_leaf"": 2, ""n_estimators"": 600}",False,False,rebuilt,,,,,,
64ecab7f2cd74232,rf,full,False,0.7680933852140078,0.0,0.7427690239089644,0.6801336267411615,85.13,"{""class_weight_mode"": ""none"", ""max_depth"": 32, ""max_features"": 0.15506301142739304, ""min_samples_leaf"": 4, ""min_samples_split"": 11, ""n_estimators"": 1400}",False,False,rebuilt,,,,,,
f447092c102f82d9,rf,full,False,0.7673151750972763,0.0,0.7620124903591533,0.7598620035755816,13.22,"{""class_weight_mode"": ""balanced"", ""max_depth"": null, ""max_features"": ""log2"", ""min_samples_leaf"": 4, ""n_estimators"": 600}",False,False,rebuilt,,,,,,
6b1c05364fbaf0b2,rf,full,False,0.7673151750972763,0.0,0.7546117589738786,0.6840966333845645,12.72,"{""class_weight_mode"": ""balanced_subsample"", ""max_depth"": 12, ""max_features"": ""log2"", ""min_samples_leaf"": 1, ""n_estimators"": 600}",False,False,rebuilt,,,,,,
c8f751ffb1f00bc4,rf,full,False,0.7673151750972763,0.0,0.7620124903591533,0.7598620035755816,13.88,"{""class_weight_mode"": ""balanced"", ""max_depth"": 24, ""max_features"": ""log2"", ""min_samples_leaf"": 4, ""n_estimators"": 600}",False,False,rebuilt,,,,,,
03c2a88ece8df7e1,xgb,top120,False,0.7673151750972763,0.0,0.7651312287111829,0.732833706287849,29.37,"{""class_weight_mode"": ""balanced"", ""colsample_bytree"": 0.42939811886786894, ""gamma"": 0.7057961339161957, ""learning_rate"": 0.04749239763680407, ""max_depth"": 5, ""min_child_weight"": 7.35302816515456, ""n_estimators"": 1100, ""reg_alpha"": 2.9866092370009407, ""reg_lambda"": 6.0758057027616355, ""subsample"": 0.7733551396716398}",False,False,rebuilt,,,,,,
de988ab9b5857729,cat,full,False,0.7673151750972763,0.0,0.7335134238040574,0.6705402355275758,1958.83,"{""class_weight_mode"": ""none"", ""depth"": 8, ""iterations"": 500, ""l2_leaf_reg"": 1.0, ""learning_rate"": 0.03}",False,False,rebuilt,,,,,,
efe4106a90197ee0,rf,full,False,0.7673151750972763,0.0,0.7479434195707112,0.6858317067714763,15.23,"{""class_weight_mode"": ""balanced"", ""max_depth"": 24, ""max_features"": ""log2"", ""min_samples_leaf"": 1, ""n_estimators"": 600}",False,False,rebuilt,,,,,,
5f2d3b849fb17d44,rf,full,False,0.7673151750972763,0.0,0.7479434195707112,0.6857463232359948,11.15,"{""class_weight_mode"": ""balanced"", ""max_depth"": null, ""max_features"": ""log2"", ""min_samples_leaf"": 1, ""n_estimators"": 600}",False,False,rebuilt,,,,,,
994627e9d1b57c94,cat,full,False,0.7673151750972763,0.0,0.736901753303663,0.717230134441901,535.33,"{""class_weight_mode"": ""none"", ""depth"": 6, ""iterations"": 500, ""l2_leaf_reg"": 5.0, ""learning_rate"": 0.03}",False,False,rebuilt,,,,,,
c9bb88f0233f94c3,rf,full,False,0.7665369649805448,0.0,0.7393694164191895,0.699185326517765,30.5,"{""class_weight_mode"": ""none"", ""max_depth"": 12, ""max_features"": ""log2"", ""min_samples_leaf"": 1, ""n_estimators"": 1200}",False,False,rebuilt,,,,,,
bfb80035210e0ab9,rf,full,False,0.7665369649805448,0.0,0.7557076979907622,0.6868264506733943,11.1,"{""class_weight_mode"": ""balanced"", ""max_depth"": 12, ""max_features"": ""log2"", ""min_samples_leaf"": 1, ""n_estimators"": 600}",False,False,rebuilt,,,,,,
2d1ec6c54c12b605,rf,full,False,0.7665369649805448,0.0,0.759822451480093,0.7558924323021754,30.74,"{""class_weight_mode"": ""balanced_subsample"", ""max_depth"": 24, ""max_features"": ""log2"", ""min_samples_leaf"": 4, ""n_estimators"": 1200}",False,False,rebuilt,,,,,,
dccf35eae7344857,rf,full,False,0.7665369649805448,0.0,0.759822451480093,0.7558924323021754,22.89,"{""class_weight_mode"": ""balanced_subsample"", ""max_depth"": null, ""max_features"": ""log2"", ""min_samples_leaf"": 4, ""n_estimators"": 1200}",False,False,rebuilt,,,,,,
62a262215dd1fe17,rf,full,False,0.7657587548638133,0.0,0.7401859317058159,0.6956183504135416,16.51,"{""class_weight_mode"": ""none"", ""max_depth"": 24, ""max_features"": ""log2"", ""min_samples_leaf"": 1, ""n_estimators"": 600}",False,False,rebuilt,,,,,,
6855de7f808d7bd4,rf,full,False,0.7657587548638133,0.0,0.7590044876673814,0.757278135095705,31.92,"{""class_weight_mode"": ""balanced_subsample"", ""max_depth"": 12, ""max_features"": ""log2"", ""min_samples_leaf"": 4, ""n_estimators"": 1200}",False,False,rebuilt,,,,,,
5cacc26c80b7e887,rf,full,False,0.7657587548638133,0.0,0.7391219604086532,0.7194167284490424,21.38,"{""class_weight_mode"": ""none"", ""max_depth"": 12, ""max_features"": ""log2"", ""min_samples_leaf"": 2, ""n_estimators"": 1200}",False,False,rebuilt,,,,,,
fc54c2311778dc16,cat,full,False,0.7657587548638133,0.0,0.7598617789243376,0.7316229129150822,519.0,"{""class_weight_mode"": ""balanced"", ""depth"": 6, ""iterations"": 500, ""l2_leaf_reg"": 5.0, ""learning_rate"": 0.03}",False,False,rebuilt,,,,,,
5a63e5bd7f2589f8,rf,top120,False,0.7657587548638133,0.0,0.7530205557878916,0.660034039342361,130.32,"{""class_weight_mode"": ""balanced"", ""max_depth"": 12, ""max_features"": 0.6205887864626731, ""min_samples_leaf"": 4, ""min_samples_split"": 10, ""n_estimators"": 800}",False,False,rebuilt,,,,,,
b33d3aab740cd734,rf,full,False,0.7649805447470817,0.0,0.7343656402855789,0.6856308610845565,32.7,"{""class_weight_mode"": ""none"", ""max_depth"": 8, ""max_features"": 0.10773493237159475, ""min_samples_leaf"": 2, ""min_samples_split"": 3, ""n_estimators"": 800}",False,False,rebuilt,,,,,,
642e8cdf0a47a0b3,rf,full,False,0.7649805447470817,0.0,0.7391890680216762,0.6956139893724662,15.2,"{""class_weight_mode"": ""none"", ""max_depth"": null, ""max_features"": ""log2"", ""min_samples_leaf"": 1, ""n_estimators"": 600}",False,False,rebuilt,,,,,,
d9e7c302518787a9,rf,full,False,0.7642023346303501,0.0,0.7376949902789411,0.7077368514553899,43.2,"{""class_weight_mode"": ""none"", ""max_depth"": 24, ""max_features"": ""sqrt"", ""min_samples_leaf"": 4, ""n_estimators"": 1200}",False,False,rebuilt,,,,,,
2ac8f1ebe51b8f50,rf,full,False,0.7642023346303501,0.0,0.7377601721264803,0.7177697357973462,28.34,"{""class_weight_mode"": ""none"", ""max_depth"": null, ""max_features"": ""log2"", ""min_samples_leaf"": 2, ""n_estimators"": 1200}",False,False,rebuilt,,,,,,
a4c5626d26b3cb6d,rf,full,False,0.7642023346303501,0.0,0.7377601721264803,0.7177697357973462,28.91,"{""class_weight_mode"": ""none"", ""max_depth"": 24, ""max_features"": ""log2"", ""min_samples_leaf"": 2, ""n_estimators"": 1200}",False,False,rebuilt,,,,,,
10392efb9b9ddf83,rf,full,False,0.7642023346303501,0.0,0.7376949902789411,0.7077368514553899,43.83,"{""class_weight_mode"": ""none"", ""max_depth"": null, ""max_features"": ""sqrt"", ""min_samples_leaf"": 4, ""n_estimators"": 1200}",False,False,rebuilt,,,,,,
9ff7872c4eff8cb3,rf,full,False,0.7634241245136186,0.0,0.7383035014170826,0.7076420706658677,21.35,"{""class_weight_mode"": ""none"", ""max_depth"": null, ""max_features"": ""sqrt"", ""min_samples_leaf"": 4, ""n_estimators"": 600}",False,False,rebuilt,,,,,,
4ed44a12cfdd1dee,rf,full,False,0.7634241245136186,0.0,0.7383035014170826,0.7076420706658677,21.48,"{""class_weight_mode"": ""none"", ""max_depth"": 24, ""max_features"": ""sqrt"", ""min_samples_leaf"": 4, ""n_estimators"": 600}",False,False,rebuilt,,,,,,
c44c5e8dbeec4274,rf,full,True,0.7626459143968871,0.0,0.7575388505271696,0.6928323944732495,140.04,"{""class_weight_mode"": ""balanced_subsample"", ""max_depth"": 8, ""max_features"": 0.5206685600630476, ""min_samples_leaf"": 4, ""min_samples_split"": 11, ""n_estimators"": 400}",False,False,rebuilt,,,,,,
bcbdd77cb9ca5462,rf,full,False,0.7626459143968871,0.0,0.7567681669417398,0.7579538114174733,11.02,"{""class_weight_mode"": ""balanced_subsample"", ""max_depth"": 12, ""max_features"": ""log2"", ""min_samples_leaf"": 4, ""n_estimators"": 600}",False,False,rebuilt,,,,,,
5b9e9e67881c85ec,rf,full,False,0.7626459143968871,0.0,0.7335435518382007,0.7081961136603463,16.79,"{""class_weight_mode"": ""none"", ""max_depth"": 12, ""max_features"": ""sqrt"", ""min_samples_leaf"": 4, ""n_estimators"": 600}",False,False,rebuilt,,,,,,
b81b0f5058f60d14,rf,full,False,0.7610894941634241,0.0,0.7345778880311123,0.7078225932536524,42.82,"{""class_weight_mode"": ""none"", ""max_depth"": 12, ""max_features"": ""sqrt"", ""min_samples_leaf"": 4, ""n_estimators"": 1200}",False,False,rebuilt,,,,,,
20a2dadac2ac196c,rf,top120,True,0.7603112840466926,0.0,0.7396753813730814,0.7282888362636718,442.24,"{""class_weight_mode"": ""none"", ""max_depth"": 8, ""max_features"": 0.7719863110084438, ""min_samples_leaf"": 6, ""min_samples_split"": 9, ""n_estimators"": 1200}",False,False,rebuilt,,,,,,
719b3dfb20a5a340,cat,full,True,0.7595330739299611,0.0,0.755794626962887,0.7178736398672697,515.62,"{""bagging_temperature"": 0.16080805141749865, ""class_weight_mode"": ""balanced"", ""depth"": 4, ""iterations"": 1000, ""l2_leaf_reg"": 5.7801571059263726, ""learning_rate"": 0.013552440865865809, ""random_strength"": 0.10199983732585115}",False,False,rebuilt,,,,,,
44d36123d5417c2e,rf,full,False,0.7587548638132295,0.0,0.7453584993232923,0.6810380430165981,475.29,"{""class_weight_mode"": ""balanced_subsample"", ""max_depth"": 24, ""max_features"": 0.5825699245579581, ""min_samples_leaf"": 6, ""min_samples_split"": 8, ""n_estimators"": 2000}",False,False,rebuilt,,,,,,
b2a7f65f40a2a458,rf,full,False,0.7587548638132295,0.0,0.7350339888263056,0.7211943594339786,16.07,"{""class_weight_mode"": ""none"", ""max_depth"": 12, ""max_features"": ""log2"", ""min_samples_leaf"": 2, ""n_estimators"": 600}",False,False,rebuilt,,,,,,
a93efb1c3646303f,rf,top120,False,0.757976653696498,0.0,0.7489200554557014,0.6817461587731956,48.21,"{""class_weight_mode"": ""balanced"", ""max_depth"": 8, ""max_features"": 0.5725528740231131, ""min_samples_leaf"": 4, ""min_samples_split"": 11, ""n_estimators"": 400}",False,False,rebuilt,,,,,,
1852e0f3084bbba4,rf,top120,True,0.757976653696498,0.0,0.7374550262244954,0.7232022665923717,463.8,"{""class_weight_mode"": ""none"", ""max_depth"": 8, ""max_features"": 0.6635110744418699, ""min_samples_leaf"": 6, ""min_samples_split"": 2, ""n_estimators"": 1200}",False,False,rebuilt,,,,,,
fa84f54e2b5b3d6d,rf,full,False,0.757976653696498,0.0,0.7490574568246486,0.6849513157976928,197.53,"{""class_weight_mode"": ""balanced_subsample"", ""max_depth"": 32, ""max_features"": 0.34005150972540304, ""min_samples_leaf"": 6, ""min_samples_split"": 3, ""n_estimators"": 1600}",False,False,rebuilt,,,,,,
78c62b9131abe26a,rf,full,False,0.756420233463035,0.0,0.7267433598375956,0.7595769987066187,28.49,"{""class_weight_mode"": ""none"", ""max_depth"": null, ""max_features"": ""log2"", ""min_samples_leaf"": 4, ""n_estimators"": 1200}",False,False,rebuilt,,,,,,
9d98bf53fc00664b,cat,full,False,0.756420233463035,0.0,0.7243058619313929,0.7344550644264315,1976.35,"{""class_weight_mode"": ""none"", ""depth"": 8, ""iterations"": 500, ""l2_leaf_reg"": 5.0, ""learning_rate"": 0.03}",False,False,rebuilt,,,,,,
302abe906e7880f6,rf,full,False,0.756420233463035,0.0,0.7267433598375956,0.7595769987066187,26.44,"{""class_weight_mode"": ""none"", ""max_depth"": 24, ""max_features"": ""log2"", ""min_samples_leaf"": 4, ""n_estimators"": 1200}",False,False,rebuilt,,,,,,
51ad7c1c83dfbaa6,cat,full,False,0.756420233463035,0.0,0.7526767953396065,0.7750611313848816,183.49,"{""class_weight_mode"": ""balanced"", ""depth"": 4, ""iterations"": 500, ""l2_leaf_reg"": 5.0, ""learning_rate"": 0.03}",False,False,rebuilt,,,,,,
1a76c21a0a6ce56c,cat,full,False,0.7556420233463035,0.0,0.72353795198277,0.7559744895452444,178.94,"{""class_weight_mode"": ""none"", ""depth"": 4, ""iterations"": 500, ""l2_leaf_reg"": 5.0, ""learning_rate"": 0.03}",False,False,rebuilt,,,,,,
0b945fac26bc5591,rf,full,False,0.7556420233463035,0.0,0.7238062088309778,0.7612576964923928,26.49,"{""class_weight_mode"": ""none"", ""max_depth"": 12, ""max_features"": ""log2"", ""min_samples_leaf"": 4, ""n_estimators"": 1200}",False,False,rebuilt,,,,,,
e8b8ac59386e645c,rf,top120,False,0.754863813229572,0.0,0.7320511372537644,0.7123299414258472,18.67,"{""class_weight_mode"": ""none"", ""max_depth"": 8, ""max_features"": 0.12420162175703076, ""min_samples_leaf"": 4, ""min_samples_split"": 11, ""n_estimators"": 600}",False,False,rebuilt,,,,,,
524f48548736abd7,rf,full,False,0.7533073929961089,0.0,0.7217430212275712,0.7628405344415228,13.23,"{""class_weight_mode"": ""none"", ""max_depth"": 12, ""max_features"": ""log2"", ""min_samples_leaf"": 4, ""n_estimators"": 600}",False,False,rebuilt,,,,,,
e1d60941684ddadc,rf,top120,False,0.7517509727626459,0.0,0.7430985672987421,0.6938303471942388,44.81,"{""class_weight_mode"": ""balanced_subsample"", ""max_depth"": 24, ""max_features"": 0.26428406471139554, ""min_samples_leaf"": 6, ""min_samples_split"": 4, ""n_estimators"": 600}",False,False,rebuilt,,,,,,
7288344d187a9c41,rf,full,False,0.7501945525291829,0.0,0.7189130098814759,0.7629466489862189,13.29,"{""class_weight_mode"": ""none"", ""max_depth"": 24, ""max_features"": ""log2"", ""min_samples_leaf"": 4, ""n_estimators"": 600}",False,False,rebuilt,,,,,,
572cff92263cf719,rf,full,False,0.7501945525291829,0.0,0.7189130098814759,0.7629466489862189,13.05,"{""class_weight_mode"": ""none"", ""max_depth"": null, ""max_features"": ""log2"", ""min_samples_leaf"": 4, ""n_estimators"": 600}",False,False,rebuilt,,,,,,
69ef1a86028b529e,lgbm,full,True,0.7463035019455253,0.0,0.714299382819498,1.5497760609527835,263.81,"{""learning_rate"": 0.05, ""n_estimators"": 300}",False,False,rebuilt,0.7486381322957198,0.0,0.7248558524573031,1.5067671067766637,,
8c2f04161d35e938,lgbm,full,True,0.743579766536965,0.0027237354085603,0.7151031464686934,1.1219614614519045,660.13,"{""learning_rate"": 0.05, ""n_estimators"": 300}",False,False,rebuilt,0.7431906614785992,0.0039681085708893,0.7171971316539815,0.98279942334833,,
843d09d82d4bca7d,xgb,full,True,0.7408560311284047,0.0,0.7157866330270146,0.787290905246875,402.95,"{""learning_rate"": 0.05, ""max_depth"": 4, ""n_estimators"": 300}",False,False,rebuilt,0.7325551232166019,0.0026454057139262,0.704142309339562,0.7585620663557598,,
52a478f123fd50db,xgb,full,True,0.7369649805447471,0.0,0.7147957270778651,0.9543627677573104,213.22,"{""learning_rate"": 0.05, ""max_depth"": 4, ""n_estimators"": 300}",False,False,rebuilt,0.7361867704280156,0.0,0.7055968306429871,0.9648776573548064,,
tfm_pretrained_3215544041,tfm_pretrained,sequence,False,0.7346303501945526,0.0062256809338521,0.7262443263754527,0.7858115722752718,1004.24,"{""augment"": true, ""batch_size"": 64, ""class_weighted"": false, ""d_model"": 96, ""dim_ff"": 192, ""dropout"": 0.15, ""epochs"": 140, ""label_smoothing"": 0.05, ""lr"": 0.0015, ""mixup_alpha"": 0.4, ""mixup_prob"": 0.5, ""n_heads"": 4, ""n_layers"": 3, ""swa_last"": 5, ""weight_decay"": 0.05}",False,True,rebuilt,0.7400778210116732,0.0,0.7362672968897842,0.8402052350812508,True,
tfm_scratch_625242864,tfm_scratch,sequence,False,0.7330739299610894,0.0,0.7239179927400212,0.7783455392113446,775.12,"{""augment"": true, ""batch_size"": 64, ""class_weighted"": false, ""d_model"": 96, ""dim_ff"": 192, ""dropout"": 0.15, ""epochs"": 140, ""label_smoothing"": 0.05, ""lr"": 0.0015, ""mixup_alpha"": 0.4, ""mixup_prob"": 0.5, ""n_heads"": 4, ""n_layers"": 3, ""swa_last"": 5, ""weight_decay"": 0.05}",False,True,rebuilt,0.7276264591439688,0.0,0.7213918700850009,0.8399983233961255,False,
edaa38e83769d7b2,mlp,full,False,0.7291828793774319,0.0,0.6791860468756539,1.4729308221943316,11.28,"{""alpha"": 0.01, ""hidden_layer_sizes"": [256, 128], ""learning_rate_init"": 0.003}",False,False,rebuilt,,,,,,
a0310f8b69c5e715,mlp,full,False,0.7284046692607004,0.0,0.6802435215678735,1.5467422415082812,6.9,"{""alpha"": 0.001, ""hidden_layer_sizes"": [256, 128], ""learning_rate_init"": 0.003}",False,False,rebuilt,,,,,,
bc1a0c83d54ff805,svm,full,False,0.7268482490272373,0.0,0.6594718705929783,0.8222892800706557,2.41,"{""C"": 10.0, ""class_weight_mode"": ""balanced"", ""gamma"": ""scale""}",False,False,rebuilt,,,,,,
814da9fcba75a442,svm,full,False,0.7229571984435798,0.0,0.6526381096548939,0.8325178795435582,3.49,"{""C"": 10.0, ""class_weight_mode"": ""none"", ""gamma"": ""scale""}",False,False,rebuilt,,,,,,
e3b34a18a03f90eb,mlp,full,False,0.7229571984435798,0.0,0.6736315363690734,1.378894794694843,10.27,"{""alpha"": 0.01, ""hidden_layer_sizes"": [128, 64], ""learning_rate_init"": 0.001}",False,False,rebuilt,,,,,,
951aefa7625fcd12,mlp,full,False,0.7229571984435798,0.0,0.6757337366499584,1.370826441354461,8.23,"{""alpha"": 0.0001, ""hidden_layer_sizes"": [128, 64], ""learning_rate_init"": 0.001}",False,False,rebuilt,,,,,,
7ce55a014a77f937,mlp,full,False,0.7229571984435798,0.005447470817120603,0.6780335936019135,1.2325771479341696,32.64,"{""alpha"": 0.001, ""hidden_layer_sizes"": [256, 128], ""learning_rate_init"": 0.003}",,,finalists,0.7076523994811933,0.003613070889023156,0.6732907410451855,1.2220449147864108,,/work/oof/mlp_7ce55a014a77f937.npz
bb8a62cee46e7d6e,svm,full,False,0.7214007782101167,0.0054474708171206,0.6645930029559223,0.8169513475023928,14.01,"{""C"": 10.0, ""class_weight_mode"": ""balanced"", ""gamma"": ""scale""}",False,True,rebuilt,0.7237354085603114,0.0088044424116613,0.675750694550748,0.8013976491344289,,
617f077bade76041,mlp,full,False,0.7214007782101167,0.0,0.6737267376939907,1.427650747872742,8.69,"{""alpha"": 0.001, ""hidden_layer_sizes"": [128, 64], ""learning_rate_init"": 0.001}",False,False,rebuilt,,,,,,
75151f1edfff7587,mlp,full,False,0.7202334630350194,0.0027237354085603,0.6734010908906651,1.2283008581825992,46.55,"{""alpha"": 0.0001, ""hidden_layer_sizes"": [128, 64], ""learning_rate_init"": 0.001}",False,True,rebuilt,0.7164721141374838,0.0085799405491782,0.6744535625417337,1.1831834712558809,,
16a7757688f6cb87,svm,full,False,0.7190661478599222,0.0,0.6575503158411088,0.8349656332322951,3.42,"{""C"": 3.0, ""class_weight_mode"": ""none"", ""gamma"": ""scale""}",False,False,rebuilt,,,,,,
3eb9f08490bb320d,mlp,full,False,0.7190661478599222,0.0,0.6660342736872308,1.4590653364949904,4.63,"{""alpha"": 0.01, ""hidden_layer_sizes"": [128, 64], ""learning_rate_init"": 0.003}",False,False,rebuilt,,,,,,
d30fdcb95a0df68b,mlp,full,False,0.7190661478599222,0.0,0.6649231056748488,1.5052337829351654,4.37,"{""alpha"": 0.0001, ""hidden_layer_sizes"": [128, 64], ""learning_rate_init"": 0.003}",False,False,rebuilt,,,,,,
4bb61b7df2b264a2,svm,full,False,0.7182879377431907,0.0,0.6606544941009345,0.8250537085885469,2.7,"{""C"": 3.0, ""class_weight_mode"": ""balanced"", ""gamma"": ""scale""}",False,False,rebuilt,,,,,,
436765a86513a691,mlp,full,False,0.7182879377431907,0.0,0.6723155481592094,1.444064780897522,12.41,"{""alpha"": 0.001, ""hidden_layer_sizes"": [256, 128], ""learning_rate_init"": 0.001}",False,False,rebuilt,,,,,,
d19475f256d08db0,svm,full,False,0.7178988326848249,0.0050583657587548,0.6554333425257908,0.8258237434171627,16.03,"{""C"": 10.0, ""class_weight_mode"": ""none"", ""gamma"": ""scale""}",False,True,rebuilt,0.7224383916990921,0.0070850844533061,0.6726072142884618,0.8092451502157954,,
7be232d9fa92c4b1,mlp,full,False,0.7171206225680934,0.0081712062256809,0.6714101132066542,1.2310278837174793,57.82,"{""alpha"": 0.001, ""hidden_layer_sizes"": [128, 64], ""learning_rate_init"": 0.001}",False,True,rebuilt,0.7115434500648509,0.0041342094553849,0.6683676205622205,1.1829544269668166,,
26a54b92b9695d4f,mlp,full,False,0.7171206225680934,0.0073929961089493,0.6704179457287955,1.1911392727698662,35.09,"{""alpha"": 0.01, ""hidden_layer_sizes"": [128, 64], ""learning_rate_init"": 0.001}",False,True,rebuilt,0.7159533073929961,0.0083090103128648,0.6738046817735134,1.1437094576970177,,
d0dcff5e4466fd00,svm,full,False,0.7167315175097276,0.0023346303501945,0.6600213428000464,0.827614379673623,15.63,"{""C"": 3.0, ""class_weight_mode"": ""none"", ""gamma"": ""scale""}",False,True,rebuilt,0.7138780804150454,0.0025679623700678,0.6603238485286346,0.816403561330211,,
69c039d341d43cae,svm,full,False,0.7167315175097276,0.0,0.6472820339056146,0.846144916126984,2.84,"{""C"": 30.0, ""class_weight_mode"": ""balanced"", ""gamma"": ""scale""}",False,False,rebuilt,,,,,,
281fca741de14d54,mlp,full,False,0.7167315175097276,0.0,0.669177673055055,1.570692350090822,6.46,"{""alpha"": 0.0001, ""hidden_layer_sizes"": [256, 128], ""learning_rate_init"": 0.003}",False,False,rebuilt,,,,,,
a05020ab6a5f4329,mlp,full,False,0.7167315175097276,0.0,0.6703081699942176,1.357654851527932,10.76,"{""alpha"": 0.01, ""hidden_layer_sizes"": [256, 128], ""learning_rate_init"": 0.001}",False,False,rebuilt,,,,,,
c616eef32aa99f68,mlp,full,False,0.7159533073929961,0.0,0.66253616504332,1.5709501415569145,5.93,"{""alpha"": 0.001, ""hidden_layer_sizes"": [128, 64], ""learning_rate_init"": 0.003}",False,False,rebuilt,,,,,,
0e362eb86abf1f6a,mlp,full,False,0.7155642023346304,0.005058365758754846,0.6723328189128424,1.2712631949570898,27.11,"{""alpha"": 0.01, ""hidden_layer_sizes"": [256, 128], ""learning_rate_init"": 0.003}",,,finalists,0.7086900129701686,0.005135924740135784,0.6738655964622673,1.1310503785677766,,/work/oof/mlp_0e362eb86abf1f6a.npz
3136cebd72886b67,mlp,full,False,0.7151750972762646,0.0,0.6635853698332241,1.4198541924330252,4.99,"{""alpha"": 0.0001, ""hidden_layer_sizes"": [128], ""learning_rate_init"": 0.003}",False,False,rebuilt,,,,,,
2d69242a6c94d682,mlp,full,False,0.7151750972762646,0.0,0.6645670222799261,1.425722072635305,12.06,"{""alpha"": 0.0001, ""hidden_layer_sizes"": [256, 128], ""learning_rate_init"": 0.001}",False,False,rebuilt,,,,,,
e6f44b9f029c882f,logreg,full,False,0.7143968871595331,0.0,0.6666000214608523,0.9542102423773364,1.38,"{""C"": 0.3, ""class_weight_mode"": ""none""}",False,False,rebuilt,,,,,,
c8e8da112eb1dd77,svm,full,False,0.7143968871595331,0.0,0.6533587496024726,0.855669521505891,4.04,"{""C"": 3.0, ""class_weight_mode"": ""balanced"", ""gamma"": 0.01}",False,False,rebuilt,,,,,,
9e8400f69b36f3b8,mlp,full,False,0.7136186770428016,0.0,0.6607187337312723,1.4177561172085749,4.83,"{""alpha"": 0.001, ""hidden_layer_sizes"": [128], ""learning_rate_init"": 0.003}",False,False,rebuilt,,,,,,
a84b06647012048f,mlp,full,False,0.7136186770428016,0.0,0.664893276111747,1.3658986417988448,10.01,"{""alpha"": 0.0001, ""hidden_layer_sizes"": [128], ""learning_rate_init"": 0.001}",False,False,rebuilt,,,,,,
5030f1e4a882e590,knn,full,True,0.7132295719844358,0.0035019455252918,0.6747006565307698,1.6264433716564002,3.48,"{""n_neighbors"": 5, ""weights"": ""distance""}",False,False,rebuilt,0.720881971465629,0.0007337035343051,0.6944961047642181,1.5168885916273172,,
9c15ecbb8d333e45,mlp,full,False,0.7128404669260701,0.0,0.661217326215628,1.3298442030728643,3.31,"{""alpha"": 0.01, ""hidden_layer_sizes"": [128], ""learning_rate_init"": 0.003}",False,False,rebuilt,,,,,,
7756c87a2d3cdfbb,svm,full,False,0.7120622568093385,0.0,0.6419642903189166,0.8584115501100664,4.64,"{""C"": 30.0, ""class_weight_mode"": ""none"", ""gamma"": ""scale""}",False,False,rebuilt,,,,,,
39a7435ac6c02dcb,mlp,full,False,0.711284046692607,0.0,0.6639449220393481,1.4038959580019017,9.16,"{""alpha"": 0.001, ""hidden_layer_sizes"": [128], ""learning_rate_init"": 0.001}",False,False,rebuilt,,,,,,
f8ec3154d4fd8c49,logreg,full,False,0.711284046692607,0.0,0.6608478949967547,0.919263595184348,1.06,"{""C"": 0.1, ""class_weight_mode"": ""none""}",False,False,rebuilt,,,,,,
05efb07cc370c3ae,knn,full,True,0.709727626459144,0.0,0.6697661178589949,2.08957800104729,1.37,"{""n_neighbors"": 5, ""weights"": ""distance""}",False,False,rebuilt,0.7229571984435798,0.0,0.6911448132535754,1.906785288381725,,
57635eb9a8a8da58,mlp,full,False,0.708171206225681,0.0,0.6575472145662714,1.31271831836774,9.99,"{""alpha"": 0.01, ""hidden_layer_sizes"": [128], ""learning_rate_init"": 0.001}",False,False,rebuilt,,,,,,
9f5b866c3a38f592,logreg,full,False,0.7066147859922179,0.0,0.6653171589691812,1.080486781632101,1.68,"{""C"": 1.0, ""class_weight_mode"": ""none""}",False,False,rebuilt,,,,,,
b487b294a2a73db2,svm,full,False,0.7027237354085603,0.0,0.6344560445800741,0.8665238229025145,3.93,"{""C"": 3.0, ""class_weight_mode"": ""none"", ""gamma"": 0.01}",False,False,rebuilt,,,,,,
640bb5dff8e65c41,svm,full,False,0.6988326848249027,0.0,0.6318239828928714,0.8743507026070381,2.87,"{""C"": 10.0, ""class_weight_mode"": ""balanced"", ""gamma"": 0.01}",False,False,rebuilt,,,,,,
1c0d7382c532fdc4,logreg,full,False,0.6988326848249027,0.0,0.6701855767422967,0.984162173121466,1.63,"{""C"": 0.3, ""class_weight_mode"": ""balanced""}",False,False,rebuilt,,,,,,
b36f3691d13aca44,svm,full,False,0.6988326848249027,0.0,0.6388670774225333,0.9120200481618764,3.07,"{""C"": 1.0, ""class_weight_mode"": ""none"", ""gamma"": ""scale""}",False,False,rebuilt,,,,,,
2e83d78b11fcb15d,svm,full,False,0.6980544747081712,0.0,0.6497874064035203,0.9023076986648554,3.56,"{""C"": 1.0, ""class_weight_mode"": ""balanced"", ""gamma"": 0.01}",False,False,rebuilt,,,,,,
20e553988863cc80,knn,full,False,0.6964980544747081,0.0,0.6488571172315195,2.861432531004243,0.22,"{""n_neighbors"": 3, ""p"": 1, ""weights"": ""distance""}",False,False,rebuilt,,,,,,
4d7f779d699279ff,logreg,full,False,0.6957198443579766,0.0,0.656051414775615,1.3068393944334835,2.28,"{""C"": 3.0, ""class_weight_mode"": ""none""}",False,False,rebuilt,,,,,,
46c4317230af8c1a,logreg,full,False,0.6957198443579766,0.0,0.667060231050764,0.9491223059427528,1.07,"{""C"": 0.1, ""class_weight_mode"": ""balanced""}",False,False,rebuilt,,,,,,
617533e2e154333a,logreg,full,False,0.6957198443579766,0.0,0.6414290049137062,0.9489299107637468,0.84,"{""C"": 0.03, ""class_weight_mode"": ""none""}",False,False,rebuilt,,,,,,
56afc4ca9eddedb2,svm,full,False,0.6949416342412451,0.0,0.6316122777464123,0.9190231145047316,4.35,"{""C"": 1.0, ""class_weight_mode"": ""none"", ""gamma"": 0.01}",False,False,rebuilt,,,,,,
a6a4d31b00dc18c1,svm,full,False,0.6910505836575875,0.0,0.6229600844477501,0.8851350496520262,2.83,"{""C"": 10.0, ""class_weight_mode"": ""none"", ""gamma"": 0.01}",False,False,rebuilt,,,,,,
0d3788e868df404e,svm,full,False,0.6894941634241245,0.0,0.6221411918314151,0.8905113441992679,2.84,"{""C"": 30.0, ""class_weight_mode"": ""balanced"", ""gamma"": 0.01}",False,False,rebuilt,,,,,,
10799becb4894133,logreg,full,False,0.688715953307393,0.0,0.658055574517879,1.3237187327273665,2.29,"{""C"": 3.0, ""class_weight_mode"": ""balanced""}",False,False,rebuilt,,,,,,
805540a370ea77c3,knn,full,False,0.688715953307393,0.0,0.6397081398891034,2.1866157595099853,0.22,"{""n_neighbors"": 5, ""p"": 1, ""weights"": ""distance""}",False,False,rebuilt,,,,,,
07d57e0223c1f5be,logreg,full,False,0.6879377431906615,0.0,0.6636814919764598,1.1073113584279193,1.57,"{""C"": 1.0, ""class_weight_mode"": ""balanced""}",False,False,rebuilt,,,,,,
dc7d633099334f57,svm,full,False,0.68715953307393,0.0,0.6212159619341516,0.8987085787607498,4.06,"{""C"": 30.0, ""class_weight_mode"": ""none"", ""gamma"": 0.01}",False,False,rebuilt,,,,,,
badebb1902565374,svm,full,False,0.6848249027237354,0.0,0.6203310687028679,0.902874787854494,3.77,"{""C"": 1.0, ""class_weight_mode"": ""balanced"", ""gamma"": ""scale""}",False,False,rebuilt,,,,,,
750fa4ac13752150,knn,full,False,0.6809338521400778,0.0,0.6282723620798035,2.86979121725428,0.3,"{""n_neighbors"": 3, ""p"": 1, ""weights"": ""uniform""}",False,False,rebuilt,,,,,,
2619e572bdf926e6,knn,full,False,0.6801556420233463,0.0,0.623006315965133,1.6600868898430905,0.36,"{""n_neighbors"": 9, ""p"": 1, ""weights"": ""distance""}",False,False,rebuilt,,,,,,
bcda674ea2a8ea5a,knn,full,False,0.6754863813229572,0.0,0.6231283739154879,2.202990826079684,0.34,"{""n_neighbors"": 5, ""p"": 1, ""weights"": ""uniform""}",False,False,rebuilt,,,,,,
1f85ca5e49bf3cfe,knn,full,False,0.6747081712062257,0.0,0.620209648435949,1.407132234742352,0.25,"{""n_neighbors"": 15, ""p"": 1, ""weights"": ""distance""}",False,False,rebuilt,,,,,,
5453094912dced65,logreg,full,False,0.6739299610894942,0.0,0.6437899124970463,0.9857241124476624,0.83,"{""C"": 0.03, ""class_weight_mode"": ""balanced""}",False,False,rebuilt,,,,,,
6ee49216b7dd9c5b,knn,full,False,0.6731517509727627,0.0,0.6309836981223091,5.21074075278219,0.34,"{""n_neighbors"": 1, ""p"": 1, ""weights"": ""distance""}",False,False,rebuilt,,,,,,
b46c0c26f40102b2,knn,full,False,0.6731517509727627,0.0,0.6309836981223091,5.21074075278219,0.34,"{""n_neighbors"": 1, ""p"": 1, ""weights"": ""uniform""}",False,False,rebuilt,,,,,,
4e0a76de494f1021,knn,full,False,0.667704280155642,0.0,0.6123539488007146,1.6846027520974003,0.24,"{""n_neighbors"": 9, ""p"": 1, ""weights"": ""uniform""}",False,False,rebuilt,,,,,,
73f67144093c7fd4,knn,full,False,0.6498054474708171,0.0,0.5927471044825656,1.435302953180358,0.31,"{""n_neighbors"": 15, ""p"": 1, ""weights"": ""uniform""}",False,False,rebuilt,,,,,,
c61c80a0956825fa,knn,full,False,0.642023346303502,0.0,0.5705094570868449,2.510635245911162,0.12,"{""n_neighbors"": 5, ""p"": 2, ""weights"": ""distance""}",False,False,rebuilt,,,,,,
14c819658234cf97,knn,full,False,0.6381322957198443,0.0,0.5736000658278626,3.4605705522702417,0.12,"{""n_neighbors"": 3, ""p"": 2, ""weights"": ""distance""}",False,False,rebuilt,,,,,,
39aa5f78384f3fdc,knn,full,False,0.6357976653696498,0.0,0.5618262123195652,1.9176505717767816,0.1,"{""n_neighbors"": 9, ""p"": 2, ""weights"": ""distance""}",False,False,rebuilt,,,,,,
f7fdda143c11b00e,knn,full,False,0.6350194552529183,0.0,0.5691597707672201,3.4687858830368827,0.11,"{""n_neighbors"": 3, ""p"": 2, ""weights"": ""uniform""}",False,False,rebuilt,,,,,,
e298696e725938fb,knn,full,False,0.6249027237354086,0.0,0.5495977325680188,1.9385375938209544,0.12,"{""n_neighbors"": 9, ""p"": 2, ""weights"": ""uniform""}",False,False,rebuilt,,,,,,
28e2087003bddd6d,knn,full,False,0.6217898832684825,0.0,0.5458886949801329,2.523872313342227,0.11,"{""n_neighbors"": 5, ""p"": 2, ""weights"": ""uniform""}",False,False,rebuilt,,,,,,
76c0270015572858,knn,full,False,0.621011673151751,0.0,0.5644842540280459,6.041977949090246,0.09,"{""n_neighbors"": 1, ""p"": 2, ""weights"": ""distance""}",False,False,rebuilt,,,,,,
35275c8ad1d84dd5,knn,full,False,0.621011673151751,0.0,0.5450939677797311,1.681812388648205,0.12,"{""n_neighbors"": 15, ""p"": 2, ""weights"": ""distance""}",False,False,rebuilt,,,,,,
c82d0046a8059c19,knn,full,False,0.621011673151751,0.0,0.5644842540280459,6.041977949090246,0.11,"{""n_neighbors"": 1, ""p"": 2, ""weights"": ""uniform""}",False,False,rebuilt,,,,,,
9a4a7b74818db690,svm,full,False,0.6186770428015564,0.0,0.5638537088733853,1.200998784112598,5.1,"{""C"": 1.0, ""class_weight_mode"": ""none"", ""gamma"": 0.05}",False,False,rebuilt,,,,,,
233868688d3e74ba,knn,full,False,0.6163424124513619,0.0,0.5340274900759322,1.7057425946351212,0.1,"{""n_neighbors"": 15, ""p"": 2, ""weights"": ""uniform""}",False,False,rebuilt,,,,,,
56958f7dfeaf726d,svm,full,False,0.6155642023346304,0.0,0.5672530763038762,1.1715358505782871,5.36,"{""C"": 3.0, ""class_weight_mode"": ""balanced"", ""gamma"": 0.05}",False,False,rebuilt,,,,,,
b5fc45ae42af0305,svm,full,False,0.6147859922178989,0.0,0.5668067871929663,1.1793213702515586,5.36,"{""C"": 3.0, ""class_weight_mode"": ""none"", ""gamma"": 0.05}",False,False,rebuilt,,,,,,
c02a31dac948fe3f,svm,full,False,0.6147859922178989,0.0,0.5668067871929663,1.1846378194848837,3.72,"{""C"": 10.0, ""class_weight_mode"": ""balanced"", ""gamma"": 0.05}",False,False,rebuilt,,,,,,
3127783102729529,svm,full,False,0.6124513618677043,0.0,0.5656124315239934,1.2001476482088993,5.38,"{""C"": 30.0, ""class_weight_mode"": ""balanced"", ""gamma"": 0.05}",False,False,rebuilt,,,,,,
14541aa1a1c8182c,svm,full,False,0.6124513618677043,0.0,0.5656124315239934,1.1964182695778034,4.66,"{""C"": 10.0, ""class_weight_mode"": ""none"", ""gamma"": 0.05}",False,False,rebuilt,,,,,,
0e5a879907c525f8,svm,full,False,0.6124513618677043,0.0,0.5656937057266087,1.1995220151999793,4.78,"{""C"": 30.0, ""class_weight_mode"": ""none"", ""gamma"": 0.05}",False,False,rebuilt,,,,,,
69367c06f47c1411,svm,full,False,0.603112840466926,0.0,0.5567675103684046,1.212064941588725,5.21,"{""C"": 1.0, ""class_weight_mode"": ""balanced"", ""gamma"": 0.05}",False,False,rebuilt,,,,,,
